[0.063s] DEBUG:colcon:Command line arguments: ['/usr/bin/colcon', 'build', '--symlink-install', '--parallel-workers', '3']
[0.063s] DEBUG:colcon:Parsed command line arguments: Namespace(log_base=None, log_level=None, verb_name='build', build_base='build', install_base='install', merge_install=False, symlink_install=True, test_result_base=None, continue_on_error=False, executor='parallel', parallel_workers=3, event_handlers=None, ignore_user_meta=False, metas=['./colcon.meta'], base_paths=['.'], packages_ignore=None, packages_ignore_regex=None, paths=None, packages_up_to=None, packages_up_to_regex=None, packages_above=None, packages_above_and_dependencies=None, packages_above_depth=None, packages_select_by_dep=None, packages_skip_by_dep=None, packages_skip_up_to=None, packages_select_build_failed=False, packages_skip_build_finished=False, packages_select_test_failures=False, packages_skip_test_passed=False, packages_select=None, packages_skip=None, packages_select_regex=None, packages_skip_regex=None, packages_start=None, packages_end=None, allow_overriding=[], cmake_args=None, cmake_target=None, cmake_target_skip_unavailable=False, cmake_clean_cache=False, cmake_clean_first=False, cmake_force_configure=False, ament_cmake_args=None, catkin_cmake_args=None, catkin_skip_building_tests=False, verb_parser=<colcon_defaults.argument_parser.defaults.DefaultArgumentsDecorator object at 0x7ba118158be0>, verb_extension=<colcon_core.verb.build.BuildVerb object at 0x7ba118158670>, main=<bound method BuildVerb.main of <colcon_core.verb.build.BuildVerb object at 0x7ba118158670>>)
[0.162s] Level 1:colcon.colcon_core.package_discovery:discover_packages(colcon_meta) check parameters
[0.162s] Level 1:colcon.colcon_core.package_discovery:discover_packages(recursive) check parameters
[0.162s] Level 1:colcon.colcon_core.package_discovery:discover_packages(ignore) check parameters
[0.162s] Level 1:colcon.colcon_core.package_discovery:discover_packages(path) check parameters
[0.162s] Level 1:colcon.colcon_core.package_discovery:discover_packages(colcon_meta) discover
[0.162s] Level 1:colcon.colcon_core.package_discovery:discover_packages(recursive) discover
[0.162s] INFO:colcon.colcon_core.package_discovery:Crawling recursively for packages in '/home/guichen/Documents/drone-radar-fusion'
[0.162s] Level 1:colcon.colcon_core.package_identification:_identify(.) by extensions ['ignore', 'ignore_ament_install']
[0.162s] Level 1:colcon.colcon_core.package_identification:_identify(.) by extension 'ignore'
[0.162s] Level 1:colcon.colcon_core.package_identification:_identify(.) by extension 'ignore_ament_install'
[0.162s] Level 1:colcon.colcon_core.package_identification:_identify(.) by extensions ['colcon_pkg']
[0.162s] Level 1:colcon.colcon_core.package_identification:_identify(.) by extension 'colcon_pkg'
[0.162s] Level 1:colcon.colcon_core.package_identification:_identify(.) by extensions ['colcon_meta']
[0.162s] Level 1:colcon.colcon_core.package_identification:_identify(.) by extension 'colcon_meta'
[0.162s] Level 1:colcon.colcon_core.package_identification:_identify(.) by extensions ['ros']
[0.162s] Level 1:colcon.colcon_core.package_identification:_identify(.) by extension 'ros'
[0.169s] Level 1:colcon.colcon_core.package_identification:_identify(.) by extensions ['cmake', 'python']
[0.170s] Level 1:colcon.colcon_core.package_identification:_identify(.) by extension 'cmake'
[0.170s] Level 1:colcon.colcon_core.package_identification:_identify(.) by extension 'python'
[0.170s] Level 1:colcon.colcon_core.package_identification:_identify(.) by extensions ['python_setup_py']
[0.170s] Level 1:colcon.colcon_core.package_identification:_identify(.) by extension 'python_setup_py'
[0.170s] Level 1:colcon.colcon_core.package_identification:_identify(build) by extensions ['ignore', 'ignore_ament_install']
[0.170s] Level 1:colcon.colcon_core.package_identification:_identify(build) by extension 'ignore'
[0.170s] Level 1:colcon.colcon_core.package_identification:_identify(build) ignored
[0.170s] Level 1:colcon.colcon_core.package_identification:_identify(config) by extensions ['ignore', 'ignore_ament_install']
[0.170s] Level 1:colcon.colcon_core.package_identification:_identify(config) by extension 'ignore'
[0.170s] Level 1:colcon.colcon_core.package_identification:_identify(config) by extension 'ignore_ament_install'
[0.170s] Level 1:colcon.colcon_core.package_identification:_identify(config) by extensions ['colcon_pkg']
[0.170s] Level 1:colcon.colcon_core.package_identification:_identify(config) by extension 'colcon_pkg'
[0.170s] Level 1:colcon.colcon_core.package_identification:_identify(config) by extensions ['colcon_meta']
[0.170s] Level 1:colcon.colcon_core.package_identification:_identify(config) by extension 'colcon_meta'
[0.170s] Level 1:colcon.colcon_core.package_identification:_identify(config) by extensions ['ros']
[0.170s] Level 1:colcon.colcon_core.package_identification:_identify(config) by extension 'ros'
[0.170s] Level 1:colcon.colcon_core.package_identification:_identify(config) by extensions ['cmake', 'python']
[0.170s] Level 1:colcon.colcon_core.package_identification:_identify(config) by extension 'cmake'
[0.170s] Level 1:colcon.colcon_core.package_identification:_identify(config) by extension 'python'
[0.170s] Level 1:colcon.colcon_core.package_identification:_identify(config) by extensions ['python_setup_py']
[0.170s] Level 1:colcon.colcon_core.package_identification:_identify(config) by extension 'python_setup_py'
[0.170s] Level 1:colcon.colcon_core.package_identification:_identify(config/calib_tool) by extensions ['ignore', 'ignore_ament_install']
[0.170s] Level 1:colcon.colcon_core.package_identification:_identify(config/calib_tool) by extension 'ignore'
[0.170s] Level 1:colcon.colcon_core.package_identification:_identify(config/calib_tool) by extension 'ignore_ament_install'
[0.170s] Level 1:colcon.colcon_core.package_identification:_identify(config/calib_tool) by extensions ['colcon_pkg']
[0.170s] Level 1:colcon.colcon_core.package_identification:_identify(config/calib_tool) by extension 'colcon_pkg'
[0.170s] Level 1:colcon.colcon_core.package_identification:_identify(config/calib_tool) by extensions ['colcon_meta']
[0.170s] Level 1:colcon.colcon_core.package_identification:_identify(config/calib_tool) by extension 'colcon_meta'
[0.170s] Level 1:colcon.colcon_core.package_identification:_identify(config/calib_tool) by extensions ['ros']
[0.170s] Level 1:colcon.colcon_core.package_identification:_identify(config/calib_tool) by extension 'ros'
[0.170s] Level 1:colcon.colcon_core.package_identification:_identify(config/calib_tool) by extensions ['cmake', 'python']
[0.170s] Level 1:colcon.colcon_core.package_identification:_identify(config/calib_tool) by extension 'cmake'
[0.171s] Level 1:colcon.colcon_core.package_identification:_identify(config/calib_tool) by extension 'python'
[0.171s] Level 1:colcon.colcon_core.package_identification:_identify(config/calib_tool) by extensions ['python_setup_py']
[0.171s] Level 1:colcon.colcon_core.package_identification:_identify(config/calib_tool) by extension 'python_setup_py'
[0.171s] Level 1:colcon.colcon_core.package_identification:_identify(install) by extensions ['ignore', 'ignore_ament_install']
[0.171s] Level 1:colcon.colcon_core.package_identification:_identify(install) by extension 'ignore'
[0.171s] Level 1:colcon.colcon_core.package_identification:_identify(install) ignored
[0.171s] Level 1:colcon.colcon_core.package_identification:_identify(launch) by extensions ['ignore', 'ignore_ament_install']
[0.171s] Level 1:colcon.colcon_core.package_identification:_identify(launch) by extension 'ignore'
[0.171s] Level 1:colcon.colcon_core.package_identification:_identify(launch) by extension 'ignore_ament_install'
[0.171s] Level 1:colcon.colcon_core.package_identification:_identify(launch) by extensions ['colcon_pkg']
[0.171s] Level 1:colcon.colcon_core.package_identification:_identify(launch) by extension 'colcon_pkg'
[0.171s] Level 1:colcon.colcon_core.package_identification:_identify(launch) by extensions ['colcon_meta']
[0.171s] Level 1:colcon.colcon_core.package_identification:_identify(launch) by extension 'colcon_meta'
[0.171s] Level 1:colcon.colcon_core.package_identification:_identify(launch) by extensions ['ros']
[0.171s] Level 1:colcon.colcon_core.package_identification:_identify(launch) by extension 'ros'
[0.171s] Level 1:colcon.colcon_core.package_identification:_identify(launch) by extensions ['cmake', 'python']
[0.171s] Level 1:colcon.colcon_core.package_identification:_identify(launch) by extension 'cmake'
[0.171s] Level 1:colcon.colcon_core.package_identification:_identify(launch) by extension 'python'
[0.171s] Level 1:colcon.colcon_core.package_identification:_identify(launch) by extensions ['python_setup_py']
[0.171s] Level 1:colcon.colcon_core.package_identification:_identify(launch) by extension 'python_setup_py'
[0.171s] Level 1:colcon.colcon_core.package_identification:_identify(launch/__pycache__) by extensions ['ignore', 'ignore_ament_install']
[0.171s] Level 1:colcon.colcon_core.package_identification:_identify(launch/__pycache__) by extension 'ignore'
[0.171s] Level 1:colcon.colcon_core.package_identification:_identify(launch/__pycache__) by extension 'ignore_ament_install'
[0.171s] Level 1:colcon.colcon_core.package_identification:_identify(launch/__pycache__) by extensions ['colcon_pkg']
[0.171s] Level 1:colcon.colcon_core.package_identification:_identify(launch/__pycache__) by extension 'colcon_pkg'
[0.171s] Level 1:colcon.colcon_core.package_identification:_identify(launch/__pycache__) by extensions ['colcon_meta']
[0.171s] Level 1:colcon.colcon_core.package_identification:_identify(launch/__pycache__) by extension 'colcon_meta'
[0.171s] Level 1:colcon.colcon_core.package_identification:_identify(launch/__pycache__) by extensions ['ros']
[0.171s] Level 1:colcon.colcon_core.package_identification:_identify(launch/__pycache__) by extension 'ros'
[0.171s] Level 1:colcon.colcon_core.package_identification:_identify(launch/__pycache__) by extensions ['cmake', 'python']
[0.171s] Level 1:colcon.colcon_core.package_identification:_identify(launch/__pycache__) by extension 'cmake'
[0.171s] Level 1:colcon.colcon_core.package_identification:_identify(launch/__pycache__) by extension 'python'
[0.171s] Level 1:colcon.colcon_core.package_identification:_identify(launch/__pycache__) by extensions ['python_setup_py']
[0.171s] Level 1:colcon.colcon_core.package_identification:_identify(launch/__pycache__) by extension 'python_setup_py'
[0.171s] Level 1:colcon.colcon_core.package_identification:_identify(log) by extensions ['ignore', 'ignore_ament_install']
[0.171s] Level 1:colcon.colcon_core.package_identification:_identify(log) by extension 'ignore'
[0.172s] Level 1:colcon.colcon_core.package_identification:_identify(log) ignored
[0.172s] Level 1:colcon.colcon_core.package_identification:_identify(model) by extensions ['ignore', 'ignore_ament_install']
[0.172s] Level 1:colcon.colcon_core.package_identification:_identify(model) by extension 'ignore'
[0.172s] Level 1:colcon.colcon_core.package_identification:_identify(model) by extension 'ignore_ament_install'
[0.172s] Level 1:colcon.colcon_core.package_identification:_identify(model) by extensions ['colcon_pkg']
[0.172s] Level 1:colcon.colcon_core.package_identification:_identify(model) by extension 'colcon_pkg'
[0.172s] Level 1:colcon.colcon_core.package_identification:_identify(model) by extensions ['colcon_meta']
[0.172s] Level 1:colcon.colcon_core.package_identification:_identify(model) by extension 'colcon_meta'
[0.172s] Level 1:colcon.colcon_core.package_identification:_identify(model) by extensions ['ros']
[0.172s] Level 1:colcon.colcon_core.package_identification:_identify(model) by extension 'ros'
[0.172s] Level 1:colcon.colcon_core.package_identification:_identify(model) by extensions ['cmake', 'python']
[0.172s] Level 1:colcon.colcon_core.package_identification:_identify(model) by extension 'cmake'
[0.172s] Level 1:colcon.colcon_core.package_identification:_identify(model) by extension 'python'
[0.172s] Level 1:colcon.colcon_core.package_identification:_identify(model) by extensions ['python_setup_py']
[0.172s] Level 1:colcon.colcon_core.package_identification:_identify(model) by extension 'python_setup_py'
[0.172s] Level 1:colcon.colcon_core.package_identification:_identify(model/ONNX) by extensions ['ignore', 'ignore_ament_install']
[0.172s] Level 1:colcon.colcon_core.package_identification:_identify(model/ONNX) by extension 'ignore'
[0.172s] Level 1:colcon.colcon_core.package_identification:_identify(model/ONNX) by extension 'ignore_ament_install'
[0.172s] Level 1:colcon.colcon_core.package_identification:_identify(model/ONNX) by extensions ['colcon_pkg']
[0.172s] Level 1:colcon.colcon_core.package_identification:_identify(model/ONNX) by extension 'colcon_pkg'
[0.172s] Level 1:colcon.colcon_core.package_identification:_identify(model/ONNX) by extensions ['colcon_meta']
[0.172s] Level 1:colcon.colcon_core.package_identification:_identify(model/ONNX) by extension 'colcon_meta'
[0.172s] Level 1:colcon.colcon_core.package_identification:_identify(model/ONNX) by extensions ['ros']
[0.172s] Level 1:colcon.colcon_core.package_identification:_identify(model/ONNX) by extension 'ros'
[0.172s] Level 1:colcon.colcon_core.package_identification:_identify(model/ONNX) by extensions ['cmake', 'python']
[0.172s] Level 1:colcon.colcon_core.package_identification:_identify(model/ONNX) by extension 'cmake'
[0.172s] Level 1:colcon.colcon_core.package_identification:_identify(model/ONNX) by extension 'python'
[0.172s] Level 1:colcon.colcon_core.package_identification:_identify(model/ONNX) by extensions ['python_setup_py']
[0.172s] Level 1:colcon.colcon_core.package_identification:_identify(model/ONNX) by extension 'python_setup_py'
[0.172s] Level 1:colcon.colcon_core.package_identification:_identify(scripts) by extensions ['ignore', 'ignore_ament_install']
[0.172s] Level 1:colcon.colcon_core.package_identification:_identify(scripts) by extension 'ignore'
[0.172s] Level 1:colcon.colcon_core.package_identification:_identify(scripts) by extension 'ignore_ament_install'
[0.172s] Level 1:colcon.colcon_core.package_identification:_identify(scripts) by extensions ['colcon_pkg']
[0.172s] Level 1:colcon.colcon_core.package_identification:_identify(scripts) by extension 'colcon_pkg'
[0.172s] Level 1:colcon.colcon_core.package_identification:_identify(scripts) by extensions ['colcon_meta']
[0.172s] Level 1:colcon.colcon_core.package_identification:_identify(scripts) by extension 'colcon_meta'
[0.172s] Level 1:colcon.colcon_core.package_identification:_identify(scripts) by extensions ['ros']
[0.172s] Level 1:colcon.colcon_core.package_identification:_identify(scripts) by extension 'ros'
[0.173s] Level 1:colcon.colcon_core.package_identification:_identify(scripts) by extensions ['cmake', 'python']
[0.173s] Level 1:colcon.colcon_core.package_identification:_identify(scripts) by extension 'cmake'
[0.173s] Level 1:colcon.colcon_core.package_identification:_identify(scripts) by extension 'python'
[0.173s] Level 1:colcon.colcon_core.package_identification:_identify(scripts) by extensions ['python_setup_py']
[0.173s] Level 1:colcon.colcon_core.package_identification:_identify(scripts) by extension 'python_setup_py'
[0.173s] Level 1:colcon.colcon_core.package_identification:_identify(src) by extensions ['ignore', 'ignore_ament_install']
[0.173s] Level 1:colcon.colcon_core.package_identification:_identify(src) by extension 'ignore'
[0.173s] Level 1:colcon.colcon_core.package_identification:_identify(src) by extension 'ignore_ament_install'
[0.173s] Level 1:colcon.colcon_core.package_identification:_identify(src) by extensions ['colcon_pkg']
[0.173s] Level 1:colcon.colcon_core.package_identification:_identify(src) by extension 'colcon_pkg'
[0.173s] Level 1:colcon.colcon_core.package_identification:_identify(src) by extensions ['colcon_meta']
[0.173s] Level 1:colcon.colcon_core.package_identification:_identify(src) by extension 'colcon_meta'
[0.173s] Level 1:colcon.colcon_core.package_identification:_identify(src) by extensions ['ros']
[0.173s] Level 1:colcon.colcon_core.package_identification:_identify(src) by extension 'ros'
[0.173s] Level 1:colcon.colcon_core.package_identification:_identify(src) by extensions ['cmake', 'python']
[0.173s] Level 1:colcon.colcon_core.package_identification:_identify(src) by extension 'cmake'
[0.173s] Level 1:colcon.colcon_core.package_identification:_identify(src) by extension 'python'
[0.173s] Level 1:colcon.colcon_core.package_identification:_identify(src) by extensions ['python_setup_py']
[0.173s] Level 1:colcon.colcon_core.package_identification:_identify(src) by extension 'python_setup_py'
[0.173s] Level 1:colcon.colcon_core.package_identification:_identify(src/camera_vision) by extensions ['ignore', 'ignore_ament_install']
[0.173s] Level 1:colcon.colcon_core.package_identification:_identify(src/camera_vision) by extension 'ignore'
[0.173s] Level 1:colcon.colcon_core.package_identification:_identify(src/camera_vision) by extension 'ignore_ament_install'
[0.173s] Level 1:colcon.colcon_core.package_identification:_identify(src/camera_vision) by extensions ['colcon_pkg']
[0.173s] Level 1:colcon.colcon_core.package_identification:_identify(src/camera_vision) by extension 'colcon_pkg'
[0.173s] Level 1:colcon.colcon_core.package_identification:_identify(src/camera_vision) by extensions ['colcon_meta']
[0.173s] Level 1:colcon.colcon_core.package_identification:_identify(src/camera_vision) by extension 'colcon_meta'
[0.173s] Level 1:colcon.colcon_core.package_identification:_identify(src/camera_vision) by extensions ['ros']
[0.173s] Level 1:colcon.colcon_core.package_identification:_identify(src/camera_vision) by extension 'ros'
[0.175s] DEBUG:colcon.colcon_core.package_identification:Package 'src/camera_vision' with type 'ros.ament_cmake' and name 'camera_vision'
[0.175s] Level 1:colcon.colcon_core.package_identification:_identify(src/fusion) by extensions ['ignore', 'ignore_ament_install']
[0.175s] Level 1:colcon.colcon_core.package_identification:_identify(src/fusion) by extension 'ignore'
[0.175s] Level 1:colcon.colcon_core.package_identification:_identify(src/fusion) by extension 'ignore_ament_install'
[0.175s] Level 1:colcon.colcon_core.package_identification:_identify(src/fusion) by extensions ['colcon_pkg']
[0.175s] Level 1:colcon.colcon_core.package_identification:_identify(src/fusion) by extension 'colcon_pkg'
[0.175s] Level 1:colcon.colcon_core.package_identification:_identify(src/fusion) by extensions ['colcon_meta']
[0.175s] Level 1:colcon.colcon_core.package_identification:_identify(src/fusion) by extension 'colcon_meta'
[0.175s] Level 1:colcon.colcon_core.package_identification:_identify(src/fusion) by extensions ['ros']
[0.175s] Level 1:colcon.colcon_core.package_identification:_identify(src/fusion) by extension 'ros'
[0.176s] DEBUG:colcon.colcon_core.package_identification:Package 'src/fusion' with type 'ros.ament_cmake' and name 'fusion'
[0.176s] Level 1:colcon.colcon_core.package_identification:_identify(src/hik_camera) by extensions ['ignore', 'ignore_ament_install']
[0.176s] Level 1:colcon.colcon_core.package_identification:_identify(src/hik_camera) by extension 'ignore'
[0.176s] Level 1:colcon.colcon_core.package_identification:_identify(src/hik_camera) by extension 'ignore_ament_install'
[0.176s] Level 1:colcon.colcon_core.package_identification:_identify(src/hik_camera) by extensions ['colcon_pkg']
[0.176s] Level 1:colcon.colcon_core.package_identification:_identify(src/hik_camera) by extension 'colcon_pkg'
[0.176s] Level 1:colcon.colcon_core.package_identification:_identify(src/hik_camera) by extensions ['colcon_meta']
[0.176s] Level 1:colcon.colcon_core.package_identification:_identify(src/hik_camera) by extension 'colcon_meta'
[0.176s] Level 1:colcon.colcon_core.package_identification:_identify(src/hik_camera) by extensions ['ros']
[0.176s] Level 1:colcon.colcon_core.package_identification:_identify(src/hik_camera) by extension 'ros'
[0.176s] DEBUG:colcon.colcon_core.package_identification:Package 'src/hik_camera' with type 'ros.ament_cmake' and name 'hik_camera_ros2_driver'
[0.177s] Level 1:colcon.colcon_core.package_identification:_identify(src/interface) by extensions ['ignore', 'ignore_ament_install']
[0.177s] Level 1:colcon.colcon_core.package_identification:_identify(src/interface) by extension 'ignore'
[0.177s] Level 1:colcon.colcon_core.package_identification:_identify(src/interface) by extension 'ignore_ament_install'
[0.177s] Level 1:colcon.colcon_core.package_identification:_identify(src/interface) by extensions ['colcon_pkg']
[0.177s] Level 1:colcon.colcon_core.package_identification:_identify(src/interface) by extension 'colcon_pkg'
[0.177s] Level 1:colcon.colcon_core.package_identification:_identify(src/interface) by extensions ['colcon_meta']
[0.177s] Level 1:colcon.colcon_core.package_identification:_identify(src/interface) by extension 'colcon_meta'
[0.177s] Level 1:colcon.colcon_core.package_identification:_identify(src/interface) by extensions ['ros']
[0.177s] Level 1:colcon.colcon_core.package_identification:_identify(src/interface) by extension 'ros'
[0.177s] DEBUG:colcon.colcon_core.package_identification:Package 'src/interface' with type 'ros.ament_cmake' and name 'interface'
[0.177s] Level 1:colcon.colcon_core.package_identification:_identify(src/livox_driver) by extensions ['ignore', 'ignore_ament_install']
[0.177s] Level 1:colcon.colcon_core.package_identification:_identify(src/livox_driver) by extension 'ignore'
[0.177s] Level 1:colcon.colcon_core.package_identification:_identify(src/livox_driver) by extension 'ignore_ament_install'
[0.177s] Level 1:colcon.colcon_core.package_identification:_identify(src/livox_driver) by extensions ['colcon_pkg']
[0.177s] Level 1:colcon.colcon_core.package_identification:_identify(src/livox_driver) by extension 'colcon_pkg'
[0.177s] Level 1:colcon.colcon_core.package_identification:_identify(src/livox_driver) by extensions ['colcon_meta']
[0.177s] Level 1:colcon.colcon_core.package_identification:_identify(src/livox_driver) by extension 'colcon_meta'
[0.177s] Level 1:colcon.colcon_core.package_identification:_identify(src/livox_driver) by extensions ['ros']
[0.177s] Level 1:colcon.colcon_core.package_identification:_identify(src/livox_driver) by extension 'ros'
[0.177s] Level 1:colcon.colcon_core.package_identification:_identify(src/livox_driver) by extensions ['cmake', 'python']
[0.177s] Level 1:colcon.colcon_core.package_identification:_identify(src/livox_driver) by extension 'cmake'
[0.177s] Level 1:colcon.colcon_core.package_identification:_identify(src/livox_driver) by extension 'python'
[0.177s] Level 1:colcon.colcon_core.package_identification:_identify(src/livox_driver) by extensions ['python_setup_py']
[0.177s] Level 1:colcon.colcon_core.package_identification:_identify(src/livox_driver) by extension 'python_setup_py'
[0.178s] Level 1:colcon.colcon_core.package_identification:_identify(src/livox_driver/images) by extensions ['ignore', 'ignore_ament_install']
[0.178s] Level 1:colcon.colcon_core.package_identification:_identify(src/livox_driver/images) by extension 'ignore'
[0.178s] Level 1:colcon.colcon_core.package_identification:_identify(src/livox_driver/images) by extension 'ignore_ament_install'
[0.178s] Level 1:colcon.colcon_core.package_identification:_identify(src/livox_driver/images) by extensions ['colcon_pkg']
[0.178s] Level 1:colcon.colcon_core.package_identification:_identify(src/livox_driver/images) by extension 'colcon_pkg'
[0.178s] Level 1:colcon.colcon_core.package_identification:_identify(src/livox_driver/images) by extensions ['colcon_meta']
[0.178s] Level 1:colcon.colcon_core.package_identification:_identify(src/livox_driver/images) by extension 'colcon_meta'
[0.178s] Level 1:colcon.colcon_core.package_identification:_identify(src/livox_driver/images) by extensions ['ros']
[0.178s] Level 1:colcon.colcon_core.package_identification:_identify(src/livox_driver/images) by extension 'ros'
[0.178s] Level 1:colcon.colcon_core.package_identification:_identify(src/livox_driver/images) by extensions ['cmake', 'python']
[0.178s] Level 1:colcon.colcon_core.package_identification:_identify(src/livox_driver/images) by extension 'cmake'
[0.178s] Level 1:colcon.colcon_core.package_identification:_identify(src/livox_driver/images) by extension 'python'
[0.178s] Level 1:colcon.colcon_core.package_identification:_identify(src/livox_driver/images) by extensions ['python_setup_py']
[0.178s] Level 1:colcon.colcon_core.package_identification:_identify(src/livox_driver/images) by extension 'python_setup_py'
[0.178s] Level 1:colcon.colcon_core.package_identification:_identify(src/livox_driver/livox_interfaces) by extensions ['ignore', 'ignore_ament_install']
[0.178s] Level 1:colcon.colcon_core.package_identification:_identify(src/livox_driver/livox_interfaces) by extension 'ignore'
[0.178s] Level 1:colcon.colcon_core.package_identification:_identify(src/livox_driver/livox_interfaces) by extension 'ignore_ament_install'
[0.178s] Level 1:colcon.colcon_core.package_identification:_identify(src/livox_driver/livox_interfaces) by extensions ['colcon_pkg']
[0.178s] Level 1:colcon.colcon_core.package_identification:_identify(src/livox_driver/livox_interfaces) by extension 'colcon_pkg'
[0.178s] Level 1:colcon.colcon_core.package_identification:_identify(src/livox_driver/livox_interfaces) by extensions ['colcon_meta']
[0.178s] Level 1:colcon.colcon_core.package_identification:_identify(src/livox_driver/livox_interfaces) by extension 'colcon_meta'
[0.178s] Level 1:colcon.colcon_core.package_identification:_identify(src/livox_driver/livox_interfaces) by extensions ['ros']
[0.178s] Level 1:colcon.colcon_core.package_identification:_identify(src/livox_driver/livox_interfaces) by extension 'ros'
[0.178s] DEBUG:colcon.colcon_core.package_identification:Package 'src/livox_driver/livox_interfaces' with type 'ros.ament_cmake' and name 'livox_interfaces'
[0.179s] Level 1:colcon.colcon_core.package_identification:_identify(src/livox_driver/livox_ros2_avia) by extensions ['ignore', 'ignore_ament_install']
[0.179s] Level 1:colcon.colcon_core.package_identification:_identify(src/livox_driver/livox_ros2_avia) by extension 'ignore'
[0.179s] Level 1:colcon.colcon_core.package_identification:_identify(src/livox_driver/livox_ros2_avia) by extension 'ignore_ament_install'
[0.179s] Level 1:colcon.colcon_core.package_identification:_identify(src/livox_driver/livox_ros2_avia) by extensions ['colcon_pkg']
[0.179s] Level 1:colcon.colcon_core.package_identification:_identify(src/livox_driver/livox_ros2_avia) by extension 'colcon_pkg'
[0.179s] Level 1:colcon.colcon_core.package_identification:_identify(src/livox_driver/livox_ros2_avia) by extensions ['colcon_meta']
[0.179s] Level 1:colcon.colcon_core.package_identification:_identify(src/livox_driver/livox_ros2_avia) by extension 'colcon_meta'
[0.179s] Level 1:colcon.colcon_core.package_identification:_identify(src/livox_driver/livox_ros2_avia) by extensions ['ros']
[0.179s] Level 1:colcon.colcon_core.package_identification:_identify(src/livox_driver/livox_ros2_avia) by extension 'ros'
[0.180s] DEBUG:colcon.colcon_core.package_identification:Package 'src/livox_driver/livox_ros2_avia' with type 'ros.ament_cmake' and name 'livox_ros2_avia'
[0.180s] Level 1:colcon.colcon_core.package_identification:_identify(src/livox_driver/livox_sdk_vendor) by extensions ['ignore', 'ignore_ament_install']
[0.180s] Level 1:colcon.colcon_core.package_identification:_identify(src/livox_driver/livox_sdk_vendor) by extension 'ignore'
[0.180s] Level 1:colcon.colcon_core.package_identification:_identify(src/livox_driver/livox_sdk_vendor) by extension 'ignore_ament_install'
[0.180s] Level 1:colcon.colcon_core.package_identification:_identify(src/livox_driver/livox_sdk_vendor) by extensions ['colcon_pkg']
[0.180s] Level 1:colcon.colcon_core.package_identification:_identify(src/livox_driver/livox_sdk_vendor) by extension 'colcon_pkg'
[0.180s] Level 1:colcon.colcon_core.package_identification:_identify(src/livox_driver/livox_sdk_vendor) by extensions ['colcon_meta']
[0.180s] Level 1:colcon.colcon_core.package_identification:_identify(src/livox_driver/livox_sdk_vendor) by extension 'colcon_meta'
[0.180s] Level 1:colcon.colcon_core.package_identification:_identify(src/livox_driver/livox_sdk_vendor) by extensions ['ros']
[0.180s] Level 1:colcon.colcon_core.package_identification:_identify(src/livox_driver/livox_sdk_vendor) by extension 'ros'
[0.180s] DEBUG:colcon.colcon_core.package_identification:Package 'src/livox_driver/livox_sdk_vendor' with type 'ros.ament_cmake' and name 'livox_sdk_vendor'
[0.180s] Level 1:colcon.colcon_core.package_identification:_identify(src/radar) by extensions ['ignore', 'ignore_ament_install']
[0.180s] Level 1:colcon.colcon_core.package_identification:_identify(src/radar) by extension 'ignore'
[0.180s] Level 1:colcon.colcon_core.package_identification:_identify(src/radar) by extension 'ignore_ament_install'
[0.180s] Level 1:colcon.colcon_core.package_identification:_identify(src/radar) by extensions ['colcon_pkg']
[0.180s] Level 1:colcon.colcon_core.package_identification:_identify(src/radar) by extension 'colcon_pkg'
[0.180s] Level 1:colcon.colcon_core.package_identification:_identify(src/radar) by extensions ['colcon_meta']
[0.180s] Level 1:colcon.colcon_core.package_identification:_identify(src/radar) by extension 'colcon_meta'
[0.180s] Level 1:colcon.colcon_core.package_identification:_identify(src/radar) by extensions ['ros']
[0.180s] Level 1:colcon.colcon_core.package_identification:_identify(src/radar) by extension 'ros'
[0.181s] DEBUG:colcon.colcon_core.package_identification:Package 'src/radar' with type 'ros.ament_cmake' and name 'radar'
[0.181s] Level 1:colcon.colcon_core.package_identification:_identify(src/simulation) by extensions ['ignore', 'ignore_ament_install']
[0.181s] Level 1:colcon.colcon_core.package_identification:_identify(src/simulation) by extension 'ignore'
[0.181s] Level 1:colcon.colcon_core.package_identification:_identify(src/simulation) by extension 'ignore_ament_install'
[0.181s] Level 1:colcon.colcon_core.package_identification:_identify(src/simulation) by extensions ['colcon_pkg']
[0.181s] Level 1:colcon.colcon_core.package_identification:_identify(src/simulation) by extension 'colcon_pkg'
[0.181s] Level 1:colcon.colcon_core.package_identification:_identify(src/simulation) by extensions ['colcon_meta']
[0.181s] Level 1:colcon.colcon_core.package_identification:_identify(src/simulation) by extension 'colcon_meta'
[0.181s] Level 1:colcon.colcon_core.package_identification:_identify(src/simulation) by extensions ['ros']
[0.181s] Level 1:colcon.colcon_core.package_identification:_identify(src/simulation) by extension 'ros'
[0.182s] DEBUG:colcon.colcon_core.package_identification:Package 'src/simulation' with type 'ros.ament_python' and name 'simulation'
[0.182s] Level 1:colcon.colcon_core.package_identification:_identify(src/utils) by extensions ['ignore', 'ignore_ament_install']
[0.182s] Level 1:colcon.colcon_core.package_identification:_identify(src/utils) by extension 'ignore'
[0.182s] Level 1:colcon.colcon_core.package_identification:_identify(src/utils) by extension 'ignore_ament_install'
[0.182s] Level 1:colcon.colcon_core.package_identification:_identify(src/utils) by extensions ['colcon_pkg']
[0.182s] Level 1:colcon.colcon_core.package_identification:_identify(src/utils) by extension 'colcon_pkg'
[0.182s] Level 1:colcon.colcon_core.package_identification:_identify(src/utils) by extensions ['colcon_meta']
[0.182s] Level 1:colcon.colcon_core.package_identification:_identify(src/utils) by extension 'colcon_meta'
[0.182s] Level 1:colcon.colcon_core.package_identification:_identify(src/utils) by extensions ['ros']
[0.182s] Level 1:colcon.colcon_core.package_identification:_identify(src/utils) by extension 'ros'
[0.182s] Level 1:colcon.colcon_core.package_identification:_identify(src/utils) by extensions ['cmake', 'python']
[0.182s] Level 1:colcon.colcon_core.package_identification:_identify(src/utils) by extension 'cmake'
[0.182s] Level 1:colcon.colcon_core.package_identification:_identify(src/utils) by extension 'python'
[0.182s] Level 1:colcon.colcon_core.package_identification:_identify(src/utils) by extensions ['python_setup_py']
[0.182s] Level 1:colcon.colcon_core.package_identification:_identify(src/utils) by extension 'python_setup_py'
[0.182s] Level 1:colcon.colcon_core.package_identification:_identify(src/utils/include) by extensions ['ignore', 'ignore_ament_install']
[0.182s] Level 1:colcon.colcon_core.package_identification:_identify(src/utils/include) by extension 'ignore'
[0.182s] Level 1:colcon.colcon_core.package_identification:_identify(src/utils/include) by extension 'ignore_ament_install'
[0.182s] Level 1:colcon.colcon_core.package_identification:_identify(src/utils/include) by extensions ['colcon_pkg']
[0.182s] Level 1:colcon.colcon_core.package_identification:_identify(src/utils/include) by extension 'colcon_pkg'
[0.182s] Level 1:colcon.colcon_core.package_identification:_identify(src/utils/include) by extensions ['colcon_meta']
[0.182s] Level 1:colcon.colcon_core.package_identification:_identify(src/utils/include) by extension 'colcon_meta'
[0.182s] Level 1:colcon.colcon_core.package_identification:_identify(src/utils/include) by extensions ['ros']
[0.182s] Level 1:colcon.colcon_core.package_identification:_identify(src/utils/include) by extension 'ros'
[0.182s] Level 1:colcon.colcon_core.package_identification:_identify(src/utils/include) by extensions ['cmake', 'python']
[0.182s] Level 1:colcon.colcon_core.package_identification:_identify(src/utils/include) by extension 'cmake'
[0.182s] Level 1:colcon.colcon_core.package_identification:_identify(src/utils/include) by extension 'python'
[0.182s] Level 1:colcon.colcon_core.package_identification:_identify(src/utils/include) by extensions ['python_setup_py']
[0.182s] Level 1:colcon.colcon_core.package_identification:_identify(src/utils/include) by extension 'python_setup_py'
[0.183s] Level 1:colcon.colcon_core.package_identification:_identify(src/utils/include/utils) by extensions ['ignore', 'ignore_ament_install']
[0.183s] Level 1:colcon.colcon_core.package_identification:_identify(src/utils/include/utils) by extension 'ignore'
[0.183s] Level 1:colcon.colcon_core.package_identification:_identify(src/utils/include/utils) by extension 'ignore_ament_install'
[0.183s] Level 1:colcon.colcon_core.package_identification:_identify(src/utils/include/utils) by extensions ['colcon_pkg']
[0.183s] Level 1:colcon.colcon_core.package_identification:_identify(src/utils/include/utils) by extension 'colcon_pkg'
[0.183s] Level 1:colcon.colcon_core.package_identification:_identify(src/utils/include/utils) by extensions ['colcon_meta']
[0.183s] Level 1:colcon.colcon_core.package_identification:_identify(src/utils/include/utils) by extension 'colcon_meta'
[0.183s] Level 1:colcon.colcon_core.package_identification:_identify(src/utils/include/utils) by extensions ['ros']
[0.183s] Level 1:colcon.colcon_core.package_identification:_identify(src/utils/include/utils) by extension 'ros'
[0.183s] Level 1:colcon.colcon_core.package_identification:_identify(src/utils/include/utils) by extensions ['cmake', 'python']
[0.183s] Level 1:colcon.colcon_core.package_identification:_identify(src/utils/include/utils) by extension 'cmake'
[0.183s] Level 1:colcon.colcon_core.package_identification:_identify(src/utils/include/utils) by extension 'python'
[0.183s] Level 1:colcon.colcon_core.package_identification:_identify(src/utils/include/utils) by extensions ['python_setup_py']
[0.183s] Level 1:colcon.colcon_core.package_identification:_identify(src/utils/include/utils) by extension 'python_setup_py'
[0.183s] Level 1:colcon.colcon_core.package_identification:_identify(src/web_dashboard) by extensions ['ignore', 'ignore_ament_install']
[0.183s] Level 1:colcon.colcon_core.package_identification:_identify(src/web_dashboard) by extension 'ignore'
[0.183s] Level 1:colcon.colcon_core.package_identification:_identify(src/web_dashboard) by extension 'ignore_ament_install'
[0.183s] Level 1:colcon.colcon_core.package_identification:_identify(src/web_dashboard) by extensions ['colcon_pkg']
[0.183s] Level 1:colcon.colcon_core.package_identification:_identify(src/web_dashboard) by extension 'colcon_pkg'
[0.183s] Level 1:colcon.colcon_core.package_identification:_identify(src/web_dashboard) by extensions ['colcon_meta']
[0.183s] Level 1:colcon.colcon_core.package_identification:_identify(src/web_dashboard) by extension 'colcon_meta'
[0.183s] Level 1:colcon.colcon_core.package_identification:_identify(src/web_dashboard) by extensions ['ros']
[0.183s] Level 1:colcon.colcon_core.package_identification:_identify(src/web_dashboard) by extension 'ros'
[0.183s] DEBUG:colcon.colcon_core.package_identification:Failed to parse potential ROS package manifest in'src/web_dashboard': Error(s) in package 'src/web_dashboard/package.xml':
The manifest must contain exactly one "name" tag
[0.183s] Level 1:colcon.colcon_core.package_identification:_identify(src/web_dashboard) by extensions ['cmake', 'python']
[0.183s] Level 1:colcon.colcon_core.package_identification:_identify(src/web_dashboard) by extension 'cmake'
[0.183s] Level 1:colcon.colcon_core.package_identification:_identify(src/web_dashboard) by extension 'python'
[0.183s] Level 1:colcon.colcon_core.package_identification:_identify(src/web_dashboard) by extensions ['python_setup_py']
[0.183s] Level 1:colcon.colcon_core.package_identification:_identify(src/web_dashboard) by extension 'python_setup_py'
[0.327s] DEBUG:colcon.colcon_core.package_identification:Package 'src/web_dashboard' with type 'python' and name 'web_dashboard'
[0.327s] Level 1:colcon.colcon_core.package_identification:_identify(watchDog) by extensions ['ignore', 'ignore_ament_install']
[0.327s] Level 1:colcon.colcon_core.package_identification:_identify(watchDog) by extension 'ignore'
[0.327s] Level 1:colcon.colcon_core.package_identification:_identify(watchDog) by extension 'ignore_ament_install'
[0.327s] Level 1:colcon.colcon_core.package_identification:_identify(watchDog) by extensions ['colcon_pkg']
[0.327s] Level 1:colcon.colcon_core.package_identification:_identify(watchDog) by extension 'colcon_pkg'
[0.327s] Level 1:colcon.colcon_core.package_identification:_identify(watchDog) by extensions ['colcon_meta']
[0.327s] Level 1:colcon.colcon_core.package_identification:_identify(watchDog) by extension 'colcon_meta'
[0.327s] Level 1:colcon.colcon_core.package_identification:_identify(watchDog) by extensions ['ros']
[0.327s] Level 1:colcon.colcon_core.package_identification:_identify(watchDog) by extension 'ros'
[0.327s] Level 1:colcon.colcon_core.package_identification:_identify(watchDog) by extensions ['cmake', 'python']
[0.327s] Level 1:colcon.colcon_core.package_identification:_identify(watchDog) by extension 'cmake'
[0.327s] Level 1:colcon.colcon_core.package_identification:_identify(watchDog) by extension 'python'
[0.327s] Level 1:colcon.colcon_core.package_identification:_identify(watchDog) by extensions ['python_setup_py']
[0.327s] Level 1:colcon.colcon_core.package_identification:_identify(watchDog) by extension 'python_setup_py'
[0.327s] Level 1:colcon.colcon_core.package_discovery:discover_packages(recursive) using defaults
[0.327s] Level 1:colcon.colcon_core.package_discovery:discover_packages(ignore) discover
[0.327s] Level 1:colcon.colcon_core.package_discovery:discover_packages(ignore) using defaults
[0.327s] Level 1:colcon.colcon_core.package_discovery:discover_packages(path) discover
[0.327s] Level 1:colcon.colcon_core.package_discovery:discover_packages(path) using defaults
[0.347s] Level 1:colcon.colcon_core.package_discovery:discover_packages(prefix_path) check parameters
[0.347s] Level 1:colcon.colcon_core.package_discovery:discover_packages(prefix_path) discover
[0.347s] WARNING:colcon.colcon_ros.prefix_path.ament:The path '/home/guichen/Documents/drone-radar-fusion/install/simulation' in the environment variable AMENT_PREFIX_PATH doesn't exist
[0.348s] WARNING:colcon.colcon_ros.prefix_path.ament:The path '/home/guichen/Documents/drone-radar-fusion/install/radar' in the environment variable AMENT_PREFIX_PATH doesn't exist
[0.348s] WARNING:colcon.colcon_ros.prefix_path.ament:The path '/home/guichen/Documents/drone-radar-fusion/install/livox_ros2_avia' in the environment variable AMENT_PREFIX_PATH doesn't exist
[0.348s] WARNING:colcon.colcon_ros.prefix_path.ament:The path '/home/guichen/Documents/drone-radar-fusion/install/livox_sdk_vendor' in the environment variable AMENT_PREFIX_PATH doesn't exist
[0.348s] WARNING:colcon.colcon_ros.prefix_path.ament:The path '/home/guichen/Documents/drone-radar-fusion/install/livox_interfaces' in the environment variable AMENT_PREFIX_PATH doesn't exist
[0.348s] WARNING:colcon.colcon_ros.prefix_path.ament:The path '/home/guichen/Documents/drone-radar-fusion/install/fusion' in the environment variable AMENT_PREFIX_PATH doesn't exist
[0.348s] WARNING:colcon.colcon_ros.prefix_path.ament:The path '/home/guichen/Documents/drone-radar-fusion/install/camera_vision' in the environment variable AMENT_PREFIX_PATH doesn't exist
[0.348s] WARNING:colcon.colcon_ros.prefix_path.ament:The path '/home/guichen/Documents/drone-radar-fusion/install/interface' in the environment variable AMENT_PREFIX_PATH doesn't exist
[0.348s] WARNING:colcon.colcon_ros.prefix_path.ament:The path '/home/guichen/Documents/drone-radar-fusion/install/hik_camera_ros2_driver' in the environment variable AMENT_PREFIX_PATH doesn't exist
[0.348s] WARNING:colcon.colcon_ros.prefix_path.catkin:The path '/home/guichen/Documents/drone-radar-fusion/install/simulation' in the environment variable CMAKE_PREFIX_PATH doesn't exist
[0.348s] WARNING:colcon.colcon_ros.prefix_path.catkin:The path '/home/guichen/Documents/drone-radar-fusion/install/radar' in the environment variable CMAKE_PREFIX_PATH doesn't exist
[0.348s] WARNING:colcon.colcon_ros.prefix_path.catkin:The path '/home/guichen/Documents/drone-radar-fusion/install/livox_ros2_avia' in the environment variable CMAKE_PREFIX_PATH doesn't exist
[0.348s] WARNING:colcon.colcon_ros.prefix_path.catkin:The path '/home/guichen/Documents/drone-radar-fusion/install/livox_sdk_vendor' in the environment variable CMAKE_PREFIX_PATH doesn't exist
[0.348s] WARNING:colcon.colcon_ros.prefix_path.catkin:The path '/home/guichen/Documents/drone-radar-fusion/install/livox_interfaces' in the environment variable CMAKE_PREFIX_PATH doesn't exist
[0.348s] WARNING:colcon.colcon_ros.prefix_path.catkin:The path '/home/guichen/Documents/drone-radar-fusion/install/fusion' in the environment variable CMAKE_PREFIX_PATH doesn't exist
[0.348s] WARNING:colcon.colcon_ros.prefix_path.catkin:The path '/home/guichen/Documents/drone-radar-fusion/install/camera_vision' in the environment variable CMAKE_PREFIX_PATH doesn't exist
[0.348s] WARNING:colcon.colcon_ros.prefix_path.catkin:The path '/home/guichen/Documents/drone-radar-fusion/install/interface' in the environment variable CMAKE_PREFIX_PATH doesn't exist
[0.348s] WARNING:colcon.colcon_ros.prefix_path.catkin:The path '/home/guichen/Documents/drone-radar-fusion/install/hik_camera_ros2_driver' in the environment variable CMAKE_PREFIX_PATH doesn't exist
[0.348s] DEBUG:colcon.colcon_installed_package_information.package_discovery:Found 0 installed packages in /home/guichen/Documents/drone-radar-fusion/install
[0.349s] DEBUG:colcon.colcon_installed_package_information.package_discovery:Found 280 installed packages in /opt/ros/humble
[0.350s] Level 1:colcon.colcon_core.package_discovery:discover_packages(prefix_path) using defaults
[0.373s] Level 5:colcon.colcon_core.verb:set package 'hik_camera_ros2_driver' build argument 'cmake_args' from command line to 'None'
[0.373s] Level 5:colcon.colcon_core.verb:set package 'hik_camera_ros2_driver' build argument 'cmake_target' from command line to 'None'
[0.373s] Level 5:colcon.colcon_core.verb:set package 'hik_camera_ros2_driver' build argument 'cmake_target_skip_unavailable' from command line to 'False'
[0.373s] Level 5:colcon.colcon_core.verb:set package 'hik_camera_ros2_driver' build argument 'cmake_clean_cache' from command line to 'False'
[0.373s] Level 5:colcon.colcon_core.verb:set package 'hik_camera_ros2_driver' build argument 'cmake_clean_first' from command line to 'False'
[0.373s] Level 5:colcon.colcon_core.verb:set package 'hik_camera_ros2_driver' build argument 'cmake_force_configure' from command line to 'False'
[0.373s] Level 5:colcon.colcon_core.verb:set package 'hik_camera_ros2_driver' build argument 'ament_cmake_args' from command line to 'None'
[0.373s] Level 5:colcon.colcon_core.verb:set package 'hik_camera_ros2_driver' build argument 'catkin_cmake_args' from command line to 'None'
[0.373s] Level 5:colcon.colcon_core.verb:set package 'hik_camera_ros2_driver' build argument 'catkin_skip_building_tests' from command line to 'False'
[0.373s] DEBUG:colcon.colcon_core.verb:Building package 'hik_camera_ros2_driver' with the following arguments: {'ament_cmake_args': None, 'build_base': '/home/guichen/Documents/drone-radar-fusion/build/hik_camera_ros2_driver', 'catkin_cmake_args': None, 'catkin_skip_building_tests': False, 'cmake_args': None, 'cmake_clean_cache': False, 'cmake_clean_first': False, 'cmake_force_configure': False, 'cmake_target': None, 'cmake_target_skip_unavailable': False, 'install_base': '/home/guichen/Documents/drone-radar-fusion/install/hik_camera_ros2_driver', 'merge_install': False, 'path': '/home/guichen/Documents/drone-radar-fusion/src/hik_camera', 'symlink_install': True, 'test_result_base': None}
[0.373s] Level 5:colcon.colcon_core.verb:set package 'interface' build argument 'cmake_args' from command line to 'None'
[0.373s] Level 5:colcon.colcon_core.verb:set package 'interface' build argument 'cmake_target' from command line to 'None'
[0.373s] Level 5:colcon.colcon_core.verb:set package 'interface' build argument 'cmake_target_skip_unavailable' from command line to 'False'
[0.373s] Level 5:colcon.colcon_core.verb:set package 'interface' build argument 'cmake_clean_cache' from command line to 'False'
[0.373s] Level 5:colcon.colcon_core.verb:set package 'interface' build argument 'cmake_clean_first' from command line to 'False'
[0.373s] Level 5:colcon.colcon_core.verb:set package 'interface' build argument 'cmake_force_configure' from command line to 'False'
[0.373s] Level 5:colcon.colcon_core.verb:set package 'interface' build argument 'ament_cmake_args' from command line to 'None'
[0.373s] Level 5:colcon.colcon_core.verb:set package 'interface' build argument 'catkin_cmake_args' from command line to 'None'
[0.373s] Level 5:colcon.colcon_core.verb:set package 'interface' build argument 'catkin_skip_building_tests' from command line to 'False'
[0.374s] DEBUG:colcon.colcon_core.verb:Building package 'interface' with the following arguments: {'ament_cmake_args': None, 'build_base': '/home/guichen/Documents/drone-radar-fusion/build/interface', 'catkin_cmake_args': None, 'catkin_skip_building_tests': False, 'cmake_args': None, 'cmake_clean_cache': False, 'cmake_clean_first': False, 'cmake_force_configure': False, 'cmake_target': None, 'cmake_target_skip_unavailable': False, 'install_base': '/home/guichen/Documents/drone-radar-fusion/install/interface', 'merge_install': False, 'path': '/home/guichen/Documents/drone-radar-fusion/src/interface', 'symlink_install': True, 'test_result_base': None}
[0.374s] Level 5:colcon.colcon_core.verb:set package 'livox_interfaces' build argument 'cmake_args' from command line to 'None'
[0.374s] Level 5:colcon.colcon_core.verb:set package 'livox_interfaces' build argument 'cmake_target' from command line to 'None'
[0.374s] Level 5:colcon.colcon_core.verb:set package 'livox_interfaces' build argument 'cmake_target_skip_unavailable' from command line to 'False'
[0.374s] Level 5:colcon.colcon_core.verb:set package 'livox_interfaces' build argument 'cmake_clean_cache' from command line to 'False'
[0.374s] Level 5:colcon.colcon_core.verb:set package 'livox_interfaces' build argument 'cmake_clean_first' from command line to 'False'
[0.374s] Level 5:colcon.colcon_core.verb:set package 'livox_interfaces' build argument 'cmake_force_configure' from command line to 'False'
[0.374s] Level 5:colcon.colcon_core.verb:set package 'livox_interfaces' build argument 'ament_cmake_args' from command line to 'None'
[0.374s] Level 5:colcon.colcon_core.verb:set package 'livox_interfaces' build argument 'catkin_cmake_args' from command line to 'None'
[0.374s] Level 5:colcon.colcon_core.verb:set package 'livox_interfaces' build argument 'catkin_skip_building_tests' from command line to 'False'
[0.374s] DEBUG:colcon.colcon_core.verb:Building package 'livox_interfaces' with the following arguments: {'ament_cmake_args': None, 'build_base': '/home/guichen/Documents/drone-radar-fusion/build/livox_interfaces', 'catkin_cmake_args': None, 'catkin_skip_building_tests': False, 'cmake_args': None, 'cmake_clean_cache': False, 'cmake_clean_first': False, 'cmake_force_configure': False, 'cmake_target': None, 'cmake_target_skip_unavailable': False, 'install_base': '/home/guichen/Documents/drone-radar-fusion/install/livox_interfaces', 'merge_install': False, 'path': '/home/guichen/Documents/drone-radar-fusion/src/livox_driver/livox_interfaces', 'symlink_install': True, 'test_result_base': None}
[0.374s] Level 5:colcon.colcon_core.verb:set package 'livox_sdk_vendor' build argument 'cmake_args' from command line to 'None'
[0.374s] Level 5:colcon.colcon_core.verb:set package 'livox_sdk_vendor' build argument 'cmake_target' from command line to 'None'
[0.374s] Level 5:colcon.colcon_core.verb:set package 'livox_sdk_vendor' build argument 'cmake_target_skip_unavailable' from command line to 'False'
[0.374s] Level 5:colcon.colcon_core.verb:set package 'livox_sdk_vendor' build argument 'cmake_clean_cache' from command line to 'False'
[0.374s] Level 5:colcon.colcon_core.verb:set package 'livox_sdk_vendor' build argument 'cmake_clean_first' from command line to 'False'
[0.374s] Level 5:colcon.colcon_core.verb:set package 'livox_sdk_vendor' build argument 'cmake_force_configure' from command line to 'False'
[0.374s] Level 5:colcon.colcon_core.verb:set package 'livox_sdk_vendor' build argument 'ament_cmake_args' from command line to 'None'
[0.374s] Level 5:colcon.colcon_core.verb:set package 'livox_sdk_vendor' build argument 'catkin_cmake_args' from command line to 'None'
[0.374s] Level 5:colcon.colcon_core.verb:set package 'livox_sdk_vendor' build argument 'catkin_skip_building_tests' from command line to 'False'
[0.374s] DEBUG:colcon.colcon_core.verb:Building package 'livox_sdk_vendor' with the following arguments: {'ament_cmake_args': None, 'build_base': '/home/guichen/Documents/drone-radar-fusion/build/livox_sdk_vendor', 'catkin_cmake_args': None, 'catkin_skip_building_tests': False, 'cmake_args': None, 'cmake_clean_cache': False, 'cmake_clean_first': False, 'cmake_force_configure': False, 'cmake_target': None, 'cmake_target_skip_unavailable': False, 'install_base': '/home/guichen/Documents/drone-radar-fusion/install/livox_sdk_vendor', 'merge_install': False, 'path': '/home/guichen/Documents/drone-radar-fusion/src/livox_driver/livox_sdk_vendor', 'symlink_install': True, 'test_result_base': None}
[0.374s] Level 5:colcon.colcon_core.verb:set package 'web_dashboard' build argument 'cmake_args' from command line to 'None'
[0.374s] Level 5:colcon.colcon_core.verb:set package 'web_dashboard' build argument 'cmake_target' from command line to 'None'
[0.374s] Level 5:colcon.colcon_core.verb:set package 'web_dashboard' build argument 'cmake_target_skip_unavailable' from command line to 'False'
[0.374s] Level 5:colcon.colcon_core.verb:set package 'web_dashboard' build argument 'cmake_clean_cache' from command line to 'False'
[0.374s] Level 5:colcon.colcon_core.verb:set package 'web_dashboard' build argument 'cmake_clean_first' from command line to 'False'
[0.374s] Level 5:colcon.colcon_core.verb:set package 'web_dashboard' build argument 'cmake_force_configure' from command line to 'False'
[0.374s] Level 5:colcon.colcon_core.verb:set package 'web_dashboard' build argument 'ament_cmake_args' from command line to 'None'
[0.374s] Level 5:colcon.colcon_core.verb:set package 'web_dashboard' build argument 'catkin_cmake_args' from command line to 'None'
[0.374s] Level 5:colcon.colcon_core.verb:set package 'web_dashboard' build argument 'catkin_skip_building_tests' from command line to 'False'
[0.374s] DEBUG:colcon.colcon_core.verb:Building package 'web_dashboard' with the following arguments: {'ament_cmake_args': None, 'build_base': '/home/guichen/Documents/drone-radar-fusion/build/web_dashboard', 'catkin_cmake_args': None, 'catkin_skip_building_tests': False, 'cmake_args': None, 'cmake_clean_cache': False, 'cmake_clean_first': False, 'cmake_force_configure': False, 'cmake_target': None, 'cmake_target_skip_unavailable': False, 'install_base': '/home/guichen/Documents/drone-radar-fusion/install/web_dashboard', 'merge_install': False, 'path': '/home/guichen/Documents/drone-radar-fusion/src/web_dashboard', 'symlink_install': True, 'test_result_base': None}
[0.375s] Level 5:colcon.colcon_core.verb:set package 'camera_vision' build argument 'cmake_args' from command line to 'None'
[0.375s] Level 5:colcon.colcon_core.verb:set package 'camera_vision' build argument 'cmake_target' from command line to 'None'
[0.375s] Level 5:colcon.colcon_core.verb:set package 'camera_vision' build argument 'cmake_target_skip_unavailable' from command line to 'False'
[0.375s] Level 5:colcon.colcon_core.verb:set package 'camera_vision' build argument 'cmake_clean_cache' from command line to 'False'
[0.375s] Level 5:colcon.colcon_core.verb:set package 'camera_vision' build argument 'cmake_clean_first' from command line to 'False'
[0.375s] Level 5:colcon.colcon_core.verb:set package 'camera_vision' build argument 'cmake_force_configure' from command line to 'False'
[0.375s] Level 5:colcon.colcon_core.verb:set package 'camera_vision' build argument 'ament_cmake_args' from command line to 'None'
[0.375s] Level 5:colcon.colcon_core.verb:set package 'camera_vision' build argument 'catkin_cmake_args' from command line to 'None'
[0.375s] Level 5:colcon.colcon_core.verb:set package 'camera_vision' build argument 'catkin_skip_building_tests' from command line to 'False'
[0.375s] DEBUG:colcon.colcon_core.verb:Building package 'camera_vision' with the following arguments: {'ament_cmake_args': None, 'build_base': '/home/guichen/Documents/drone-radar-fusion/build/camera_vision', 'catkin_cmake_args': None, 'catkin_skip_building_tests': False, 'cmake_args': None, 'cmake_clean_cache': False, 'cmake_clean_first': False, 'cmake_force_configure': False, 'cmake_target': None, 'cmake_target_skip_unavailable': False, 'install_base': '/home/guichen/Documents/drone-radar-fusion/install/camera_vision', 'merge_install': False, 'path': '/home/guichen/Documents/drone-radar-fusion/src/camera_vision', 'symlink_install': True, 'test_result_base': None}
[0.375s] Level 5:colcon.colcon_core.verb:set package 'fusion' build argument 'cmake_args' from command line to 'None'
[0.375s] Level 5:colcon.colcon_core.verb:set package 'fusion' build argument 'cmake_target' from command line to 'None'
[0.375s] Level 5:colcon.colcon_core.verb:set package 'fusion' build argument 'cmake_target_skip_unavailable' from command line to 'False'
[0.375s] Level 5:colcon.colcon_core.verb:set package 'fusion' build argument 'cmake_clean_cache' from command line to 'False'
[0.375s] Level 5:colcon.colcon_core.verb:set package 'fusion' build argument 'cmake_clean_first' from command line to 'False'
[0.375s] Level 5:colcon.colcon_core.verb:set package 'fusion' build argument 'cmake_force_configure' from command line to 'False'
[0.375s] Level 5:colcon.colcon_core.verb:set package 'fusion' build argument 'ament_cmake_args' from command line to 'None'
[0.375s] Level 5:colcon.colcon_core.verb:set package 'fusion' build argument 'catkin_cmake_args' from command line to 'None'
[0.375s] Level 5:colcon.colcon_core.verb:set package 'fusion' build argument 'catkin_skip_building_tests' from command line to 'False'
[0.375s] DEBUG:colcon.colcon_core.verb:Building package 'fusion' with the following arguments: {'ament_cmake_args': None, 'build_base': '/home/guichen/Documents/drone-radar-fusion/build/fusion', 'catkin_cmake_args': None, 'catkin_skip_building_tests': False, 'cmake_args': None, 'cmake_clean_cache': False, 'cmake_clean_first': False, 'cmake_force_configure': False, 'cmake_target': None, 'cmake_target_skip_unavailable': False, 'install_base': '/home/guichen/Documents/drone-radar-fusion/install/fusion', 'merge_install': False, 'path': '/home/guichen/Documents/drone-radar-fusion/src/fusion', 'symlink_install': True, 'test_result_base': None}
[0.375s] Level 5:colcon.colcon_core.verb:set package 'livox_ros2_avia' build argument 'cmake_args' from command line to 'None'
[0.375s] Level 5:colcon.colcon_core.verb:set package 'livox_ros2_avia' build argument 'cmake_target' from command line to 'None'
[0.375s] Level 5:colcon.colcon_core.verb:set package 'livox_ros2_avia' build argument 'cmake_target_skip_unavailable' from command line to 'False'
[0.375s] Level 5:colcon.colcon_core.verb:set package 'livox_ros2_avia' build argument 'cmake_clean_cache' from command line to 'False'
[0.375s] Level 5:colcon.colcon_core.verb:set package 'livox_ros2_avia' build argument 'cmake_clean_first' from command line to 'False'
[0.375s] Level 5:colcon.colcon_core.verb:set package 'livox_ros2_avia' build argument 'cmake_force_configure' from command line to 'False'
[0.375s] Level 5:colcon.colcon_core.verb:set package 'livox_ros2_avia' build argument 'ament_cmake_args' from command line to 'None'
[0.375s] Level 5:colcon.colcon_core.verb:set package 'livox_ros2_avia' build argument 'catkin_cmake_args' from command line to 'None'
[0.375s] Level 5:colcon.colcon_core.verb:set package 'livox_ros2_avia' build argument 'catkin_skip_building_tests' from command line to 'False'
[0.375s] DEBUG:colcon.colcon_core.verb:Building package 'livox_ros2_avia' with the following arguments: {'ament_cmake_args': None, 'build_base': '/home/guichen/Documents/drone-radar-fusion/build/livox_ros2_avia', 'catkin_cmake_args': None, 'catkin_skip_building_tests': False, 'cmake_args': None, 'cmake_clean_cache': False, 'cmake_clean_first': False, 'cmake_force_configure': False, 'cmake_target': None, 'cmake_target_skip_unavailable': False, 'install_base': '/home/guichen/Documents/drone-radar-fusion/install/livox_ros2_avia', 'merge_install': False, 'path': '/home/guichen/Documents/drone-radar-fusion/src/livox_driver/livox_ros2_avia', 'symlink_install': True, 'test_result_base': None}
[0.376s] Level 5:colcon.colcon_core.verb:set package 'radar' build argument 'cmake_args' from command line to 'None'
[0.376s] Level 5:colcon.colcon_core.verb:set package 'radar' build argument 'cmake_target' from command line to 'None'
[0.376s] Level 5:colcon.colcon_core.verb:set package 'radar' build argument 'cmake_target_skip_unavailable' from command line to 'False'
[0.376s] Level 5:colcon.colcon_core.verb:set package 'radar' build argument 'cmake_clean_cache' from command line to 'False'
[0.376s] Level 5:colcon.colcon_core.verb:set package 'radar' build argument 'cmake_clean_first' from command line to 'False'
[0.376s] Level 5:colcon.colcon_core.verb:set package 'radar' build argument 'cmake_force_configure' from command line to 'False'
[0.376s] Level 5:colcon.colcon_core.verb:set package 'radar' build argument 'ament_cmake_args' from command line to 'None'
[0.376s] Level 5:colcon.colcon_core.verb:set package 'radar' build argument 'catkin_cmake_args' from command line to 'None'
[0.376s] Level 5:colcon.colcon_core.verb:set package 'radar' build argument 'catkin_skip_building_tests' from command line to 'False'
[0.376s] DEBUG:colcon.colcon_core.verb:Building package 'radar' with the following arguments: {'ament_cmake_args': None, 'build_base': '/home/guichen/Documents/drone-radar-fusion/build/radar', 'catkin_cmake_args': None, 'catkin_skip_building_tests': False, 'cmake_args': None, 'cmake_clean_cache': False, 'cmake_clean_first': False, 'cmake_force_configure': False, 'cmake_target': None, 'cmake_target_skip_unavailable': False, 'install_base': '/home/guichen/Documents/drone-radar-fusion/install/radar', 'merge_install': False, 'path': '/home/guichen/Documents/drone-radar-fusion/src/radar', 'symlink_install': True, 'test_result_base': None}
[0.376s] Level 5:colcon.colcon_core.verb:set package 'simulation' build argument 'cmake_args' from command line to 'None'
[0.376s] Level 5:colcon.colcon_core.verb:set package 'simulation' build argument 'cmake_target' from command line to 'None'
[0.376s] Level 5:colcon.colcon_core.verb:set package 'simulation' build argument 'cmake_target_skip_unavailable' from command line to 'False'
[0.376s] Level 5:colcon.colcon_core.verb:set package 'simulation' build argument 'cmake_clean_cache' from command line to 'False'
[0.376s] Level 5:colcon.colcon_core.verb:set package 'simulation' build argument 'cmake_clean_first' from command line to 'False'
[0.376s] Level 5:colcon.colcon_core.verb:set package 'simulation' build argument 'cmake_force_configure' from command line to 'False'
[0.376s] Level 5:colcon.colcon_core.verb:set package 'simulation' build argument 'ament_cmake_args' from command line to 'None'
[0.376s] Level 5:colcon.colcon_core.verb:set package 'simulation' build argument 'catkin_cmake_args' from command line to 'None'
[0.376s] Level 5:colcon.colcon_core.verb:set package 'simulation' build argument 'catkin_skip_building_tests' from command line to 'False'
[0.376s] DEBUG:colcon.colcon_core.verb:Building package 'simulation' with the following arguments: {'ament_cmake_args': None, 'build_base': '/home/guichen/Documents/drone-radar-fusion/build/simulation', 'catkin_cmake_args': None, 'catkin_skip_building_tests': False, 'cmake_args': None, 'cmake_clean_cache': False, 'cmake_clean_first': False, 'cmake_force_configure': False, 'cmake_target': None, 'cmake_target_skip_unavailable': False, 'install_base': '/home/guichen/Documents/drone-radar-fusion/install/simulation', 'merge_install': False, 'path': '/home/guichen/Documents/drone-radar-fusion/src/simulation', 'symlink_install': True, 'test_result_base': None}
[0.376s] INFO:colcon.colcon_core.executor:Executing jobs using 'parallel' executor
[0.377s] DEBUG:colcon.colcon_parallel_executor.executor.parallel:run_until_complete
[0.377s] INFO:colcon.colcon_ros.task.ament_cmake.build:Building ROS package in '/home/guichen/Documents/drone-radar-fusion/src/interface' with build type 'ament_cmake'
[0.377s] INFO:colcon.colcon_cmake.task.cmake.build:Building CMake package in '/home/guichen/Documents/drone-radar-fusion/src/interface'
[0.379s] INFO:colcon.colcon_core.plugin_system:Skipping extension 'colcon_core.shell.bat': Not used on non-Windows systems
[0.379s] INFO:colcon.colcon_core.shell:Skip shell extension 'powershell' for command environment: Not usable outside of PowerShell
[0.379s] DEBUG:colcon.colcon_core.shell:Skip shell extension 'dsv' for command environment
[0.381s] INFO:colcon.colcon_ros.task.ament_cmake.build:Building ROS package in '/home/guichen/Documents/drone-radar-fusion/src/livox_driver/livox_interfaces' with build type 'ament_cmake'
[0.381s] INFO:colcon.colcon_cmake.task.cmake.build:Building CMake package in '/home/guichen/Documents/drone-radar-fusion/src/livox_driver/livox_interfaces'
[0.381s] INFO:colcon.colcon_core.shell:Skip shell extension 'powershell' for command environment: Not usable outside of PowerShell
[0.381s] DEBUG:colcon.colcon_core.shell:Skip shell extension 'dsv' for command environment
[0.383s] INFO:colcon.colcon_ros.task.ament_cmake.build:Building ROS package in '/home/guichen/Documents/drone-radar-fusion/src/livox_driver/livox_sdk_vendor' with build type 'ament_cmake'
[0.383s] INFO:colcon.colcon_cmake.task.cmake.build:Building CMake package in '/home/guichen/Documents/drone-radar-fusion/src/livox_driver/livox_sdk_vendor'
[0.383s] INFO:colcon.colcon_core.shell:Skip shell extension 'powershell' for command environment: Not usable outside of PowerShell
[0.383s] DEBUG:colcon.colcon_core.shell:Skip shell extension 'dsv' for command environment
[0.387s] DEBUG:colcon.colcon_core.event_handler.log_command:Invoking command in '/home/guichen/Documents/drone-radar-fusion/build/interface': CMAKE_PREFIX_PATH=${CMAKE_PREFIX_PATH}:/opt/ros/humble /usr/bin/cmake /home/guichen/Documents/drone-radar-fusion/src/interface -DAMENT_CMAKE_SYMLINK_INSTALL=1 -DCMAKE_INSTALL_PREFIX=/home/guichen/Documents/drone-radar-fusion/install/interface
[0.389s] DEBUG:colcon.colcon_core.event_handler.log_command:Invoking command in '/home/guichen/Documents/drone-radar-fusion/build/livox_interfaces': CMAKE_PREFIX_PATH=${CMAKE_PREFIX_PATH}:/opt/ros/humble /usr/bin/cmake /home/guichen/Documents/drone-radar-fusion/src/livox_driver/livox_interfaces -DAMENT_CMAKE_SYMLINK_INSTALL=1 -DCMAKE_INSTALL_PREFIX=/home/guichen/Documents/drone-radar-fusion/install/livox_interfaces
[0.391s] DEBUG:colcon.colcon_core.event_handler.log_command:Invoking command in '/home/guichen/Documents/drone-radar-fusion/build/livox_sdk_vendor': CMAKE_PREFIX_PATH=${CMAKE_PREFIX_PATH}:/opt/ros/humble /usr/bin/cmake /home/guichen/Documents/drone-radar-fusion/src/livox_driver/livox_sdk_vendor -DAMENT_CMAKE_SYMLINK_INSTALL=1 -DCMAKE_INSTALL_PREFIX=/home/guichen/Documents/drone-radar-fusion/install/livox_sdk_vendor
[0.852s] DEBUG:colcon.colcon_core.event_handler.log_command:Invoked command in '/home/guichen/Documents/drone-radar-fusion/build/livox_sdk_vendor' returned '0': CMAKE_PREFIX_PATH=${CMAKE_PREFIX_PATH}:/opt/ros/humble /usr/bin/cmake /home/guichen/Documents/drone-radar-fusion/src/livox_driver/livox_sdk_vendor -DAMENT_CMAKE_SYMLINK_INSTALL=1 -DCMAKE_INSTALL_PREFIX=/home/guichen/Documents/drone-radar-fusion/install/livox_sdk_vendor
[0.853s] DEBUG:colcon.colcon_core.event_handler.log_command:Invoking command in '/home/guichen/Documents/drone-radar-fusion/build/livox_sdk_vendor': CMAKE_PREFIX_PATH=${CMAKE_PREFIX_PATH}:/opt/ros/humble /usr/bin/cmake --build /home/guichen/Documents/drone-radar-fusion/build/livox_sdk_vendor -- -j16 -l16
[1.536s] DEBUG:colcon.colcon_core.event_handler.log_command:Invoked command in '/home/guichen/Documents/drone-radar-fusion/build/interface' returned '0': CMAKE_PREFIX_PATH=${CMAKE_PREFIX_PATH}:/opt/ros/humble /usr/bin/cmake /home/guichen/Documents/drone-radar-fusion/src/interface -DAMENT_CMAKE_SYMLINK_INSTALL=1 -DCMAKE_INSTALL_PREFIX=/home/guichen/Documents/drone-radar-fusion/install/interface
[1.537s] DEBUG:colcon.colcon_core.event_handler.log_command:Invoking command in '/home/guichen/Documents/drone-radar-fusion/build/interface': CMAKE_PREFIX_PATH=${CMAKE_PREFIX_PATH}:/opt/ros/humble /usr/bin/cmake --build /home/guichen/Documents/drone-radar-fusion/build/interface -- -j16 -l16
[1.548s] DEBUG:colcon.colcon_core.event_handler.log_command:Invoked command in '/home/guichen/Documents/drone-radar-fusion/build/livox_interfaces' returned '0': CMAKE_PREFIX_PATH=${CMAKE_PREFIX_PATH}:/opt/ros/humble /usr/bin/cmake /home/guichen/Documents/drone-radar-fusion/src/livox_driver/livox_interfaces -DAMENT_CMAKE_SYMLINK_INSTALL=1 -DCMAKE_INSTALL_PREFIX=/home/guichen/Documents/drone-radar-fusion/install/livox_interfaces
[1.549s] DEBUG:colcon.colcon_core.event_handler.log_command:Invoking command in '/home/guichen/Documents/drone-radar-fusion/build/livox_interfaces': CMAKE_PREFIX_PATH=${CMAKE_PREFIX_PATH}:/opt/ros/humble /usr/bin/cmake --build /home/guichen/Documents/drone-radar-fusion/build/livox_interfaces -- -j16 -l16
[3.645s] DEBUG:colcon.colcon_core.event_handler.log_command:Invoked command in '/home/guichen/Documents/drone-radar-fusion/build/livox_interfaces' returned '0': CMAKE_PREFIX_PATH=${CMAKE_PREFIX_PATH}:/opt/ros/humble /usr/bin/cmake --build /home/guichen/Documents/drone-radar-fusion/build/livox_interfaces -- -j16 -l16
[3.651s] DEBUG:colcon.colcon_core.event_handler.log_command:Invoking command in '/home/guichen/Documents/drone-radar-fusion/build/livox_interfaces': CMAKE_PREFIX_PATH=${CMAKE_PREFIX_PATH}:/opt/ros/humble /usr/bin/cmake --install /home/guichen/Documents/drone-radar-fusion/build/livox_interfaces
[4.130s] Level 1:colcon.colcon_core.environment:create_environment_scripts_only(livox_interfaces)
[4.131s] DEBUG:colcon.colcon_core.event_handler.log_command:Invoked command in '/home/guichen/Documents/drone-radar-fusion/build/livox_interfaces' returned '0': CMAKE_PREFIX_PATH=${CMAKE_PREFIX_PATH}:/opt/ros/humble /usr/bin/cmake --install /home/guichen/Documents/drone-radar-fusion/build/livox_interfaces
[4.133s] Level 1:colcon.colcon_core.environment:checking '/home/guichen/Documents/drone-radar-fusion/install/livox_interfaces' for CMake module files
[4.134s] Level 1:colcon.colcon_core.environment:checking '/home/guichen/Documents/drone-radar-fusion/install/livox_interfaces' for CMake config files
[4.135s] Level 1:colcon.colcon_core.shell:create_environment_hook('livox_interfaces', 'cmake_prefix_path')
[4.135s] INFO:colcon.colcon_core.shell:Creating environment hook '/home/guichen/Documents/drone-radar-fusion/install/livox_interfaces/share/livox_interfaces/hook/cmake_prefix_path.ps1'
[4.136s] INFO:colcon.colcon_core.shell:Creating environment descriptor '/home/guichen/Documents/drone-radar-fusion/install/livox_interfaces/share/livox_interfaces/hook/cmake_prefix_path.dsv'
[4.136s] INFO:colcon.colcon_core.shell:Creating environment hook '/home/guichen/Documents/drone-radar-fusion/install/livox_interfaces/share/livox_interfaces/hook/cmake_prefix_path.sh'
[4.137s] Level 1:colcon.colcon_core.environment:checking '/home/guichen/Documents/drone-radar-fusion/install/livox_interfaces/lib'
[4.137s] Level 1:colcon.colcon_core.shell:create_environment_hook('livox_interfaces', 'ld_library_path_lib')
[4.137s] INFO:colcon.colcon_core.shell:Creating environment hook '/home/guichen/Documents/drone-radar-fusion/install/livox_interfaces/share/livox_interfaces/hook/ld_library_path_lib.ps1'
[4.137s] INFO:colcon.colcon_core.shell:Creating environment descriptor '/home/guichen/Documents/drone-radar-fusion/install/livox_interfaces/share/livox_interfaces/hook/ld_library_path_lib.dsv'
[4.137s] INFO:colcon.colcon_core.shell:Creating environment hook '/home/guichen/Documents/drone-radar-fusion/install/livox_interfaces/share/livox_interfaces/hook/ld_library_path_lib.sh'
[4.137s] Level 1:colcon.colcon_core.environment:checking '/home/guichen/Documents/drone-radar-fusion/install/livox_interfaces/bin'
[4.137s] Level 1:colcon.colcon_core.environment:checking '/home/guichen/Documents/drone-radar-fusion/install/livox_interfaces/lib/pkgconfig/livox_interfaces.pc'
[4.138s] Level 1:colcon.colcon_core.environment:checking '/home/guichen/Documents/drone-radar-fusion/install/livox_interfaces/lib/python3.10/site-packages'
[4.138s] Level 1:colcon.colcon_core.environment:checking '/home/guichen/Documents/drone-radar-fusion/install/livox_interfaces/bin'
[4.138s] INFO:colcon.colcon_core.shell:Creating package script '/home/guichen/Documents/drone-radar-fusion/install/livox_interfaces/share/livox_interfaces/package.ps1'
[4.139s] INFO:colcon.colcon_core.shell:Creating package descriptor '/home/guichen/Documents/drone-radar-fusion/install/livox_interfaces/share/livox_interfaces/package.dsv'
[4.139s] INFO:colcon.colcon_core.shell:Creating package script '/home/guichen/Documents/drone-radar-fusion/install/livox_interfaces/share/livox_interfaces/package.sh'
[4.140s] INFO:colcon.colcon_core.shell:Creating package script '/home/guichen/Documents/drone-radar-fusion/install/livox_interfaces/share/livox_interfaces/package.bash'
[4.140s] INFO:colcon.colcon_core.shell:Creating package script '/home/guichen/Documents/drone-radar-fusion/install/livox_interfaces/share/livox_interfaces/package.zsh'
[4.140s] Level 1:colcon.colcon_core.environment:create_file_with_runtime_dependencies(/home/guichen/Documents/drone-radar-fusion/install/livox_interfaces/share/colcon-core/packages/livox_interfaces)
[4.141s] Level 1:colcon.colcon_core.environment:create_environment_scripts_only(livox_interfaces)
[4.141s] Level 1:colcon.colcon_core.environment:checking '/home/guichen/Documents/drone-radar-fusion/install/livox_interfaces' for CMake module files
[4.141s] Level 1:colcon.colcon_core.environment:checking '/home/guichen/Documents/drone-radar-fusion/install/livox_interfaces' for CMake config files
[4.142s] Level 1:colcon.colcon_core.shell:create_environment_hook('livox_interfaces', 'cmake_prefix_path')
[4.142s] INFO:colcon.colcon_core.shell:Creating environment hook '/home/guichen/Documents/drone-radar-fusion/install/livox_interfaces/share/livox_interfaces/hook/cmake_prefix_path.ps1'
[4.142s] INFO:colcon.colcon_core.shell:Creating environment descriptor '/home/guichen/Documents/drone-radar-fusion/install/livox_interfaces/share/livox_interfaces/hook/cmake_prefix_path.dsv'
[4.142s] INFO:colcon.colcon_core.shell:Creating environment hook '/home/guichen/Documents/drone-radar-fusion/install/livox_interfaces/share/livox_interfaces/hook/cmake_prefix_path.sh'
[4.143s] Level 1:colcon.colcon_core.environment:checking '/home/guichen/Documents/drone-radar-fusion/install/livox_interfaces/lib'
[4.143s] Level 1:colcon.colcon_core.shell:create_environment_hook('livox_interfaces', 'ld_library_path_lib')
[4.143s] INFO:colcon.colcon_core.shell:Creating environment hook '/home/guichen/Documents/drone-radar-fusion/install/livox_interfaces/share/livox_interfaces/hook/ld_library_path_lib.ps1'
[4.143s] INFO:colcon.colcon_core.shell:Creating environment descriptor '/home/guichen/Documents/drone-radar-fusion/install/livox_interfaces/share/livox_interfaces/hook/ld_library_path_lib.dsv'
[4.143s] INFO:colcon.colcon_core.shell:Creating environment hook '/home/guichen/Documents/drone-radar-fusion/install/livox_interfaces/share/livox_interfaces/hook/ld_library_path_lib.sh'
[4.144s] Level 1:colcon.colcon_core.environment:checking '/home/guichen/Documents/drone-radar-fusion/install/livox_interfaces/bin'
[4.144s] Level 1:colcon.colcon_core.environment:checking '/home/guichen/Documents/drone-radar-fusion/install/livox_interfaces/lib/pkgconfig/livox_interfaces.pc'
[4.144s] Level 1:colcon.colcon_core.environment:checking '/home/guichen/Documents/drone-radar-fusion/install/livox_interfaces/lib/python3.10/site-packages'
[4.144s] Level 1:colcon.colcon_core.environment:checking '/home/guichen/Documents/drone-radar-fusion/install/livox_interfaces/bin'
[4.144s] INFO:colcon.colcon_core.shell:Creating package script '/home/guichen/Documents/drone-radar-fusion/install/livox_interfaces/share/livox_interfaces/package.ps1'
[4.145s] INFO:colcon.colcon_core.shell:Creating package descriptor '/home/guichen/Documents/drone-radar-fusion/install/livox_interfaces/share/livox_interfaces/package.dsv'
[4.145s] INFO:colcon.colcon_core.shell:Creating package script '/home/guichen/Documents/drone-radar-fusion/install/livox_interfaces/share/livox_interfaces/package.sh'
[4.145s] INFO:colcon.colcon_core.shell:Creating package script '/home/guichen/Documents/drone-radar-fusion/install/livox_interfaces/share/livox_interfaces/package.bash'
[4.145s] INFO:colcon.colcon_core.shell:Creating package script '/home/guichen/Documents/drone-radar-fusion/install/livox_interfaces/share/livox_interfaces/package.zsh'
[4.146s] Level 1:colcon.colcon_core.environment:create_file_with_runtime_dependencies(/home/guichen/Documents/drone-radar-fusion/install/livox_interfaces/share/colcon-core/packages/livox_interfaces)
[4.146s] INFO:colcon.colcon_ros.task.ament_cmake.build:Building ROS package in '/home/guichen/Documents/drone-radar-fusion/src/hik_camera' with build type 'ament_cmake'
[4.146s] INFO:colcon.colcon_cmake.task.cmake.build:Building CMake package in '/home/guichen/Documents/drone-radar-fusion/src/hik_camera'
[4.146s] INFO:colcon.colcon_core.shell:Skip shell extension 'powershell' for command environment: Not usable outside of PowerShell
[4.146s] DEBUG:colcon.colcon_core.shell:Skip shell extension 'dsv' for command environment
[4.149s] DEBUG:colcon.colcon_core.event_handler.log_command:Invoked command in '/home/guichen/Documents/drone-radar-fusion/build/interface' returned '0': CMAKE_PREFIX_PATH=${CMAKE_PREFIX_PATH}:/opt/ros/humble /usr/bin/cmake --build /home/guichen/Documents/drone-radar-fusion/build/interface -- -j16 -l16
[4.150s] DEBUG:colcon.colcon_core.event_handler.log_command:Invoking command in '/home/guichen/Documents/drone-radar-fusion/build/interface': CMAKE_PREFIX_PATH=${CMAKE_PREFIX_PATH}:/opt/ros/humble /usr/bin/cmake --install /home/guichen/Documents/drone-radar-fusion/build/interface
[4.151s] DEBUG:colcon.colcon_core.event_handler.log_command:Invoking command in '/home/guichen/Documents/drone-radar-fusion/build/hik_camera_ros2_driver': CMAKE_PREFIX_PATH=${CMAKE_PREFIX_PATH}:/opt/ros/humble /usr/bin/cmake /home/guichen/Documents/drone-radar-fusion/src/hik_camera -DAMENT_CMAKE_SYMLINK_INSTALL=1 -DCMAKE_INSTALL_PREFIX=/home/guichen/Documents/drone-radar-fusion/install/hik_camera_ros2_driver
[4.728s] Level 1:colcon.colcon_core.environment:create_environment_scripts_only(interface)
[4.728s] Level 1:colcon.colcon_core.environment:checking '/home/guichen/Documents/drone-radar-fusion/install/interface' for CMake module files
[4.729s] DEBUG:colcon.colcon_core.event_handler.log_command:Invoked command in '/home/guichen/Documents/drone-radar-fusion/build/interface' returned '0': CMAKE_PREFIX_PATH=${CMAKE_PREFIX_PATH}:/opt/ros/humble /usr/bin/cmake --install /home/guichen/Documents/drone-radar-fusion/build/interface
[4.729s] Level 1:colcon.colcon_core.environment:checking '/home/guichen/Documents/drone-radar-fusion/install/interface' for CMake config files
[4.730s] Level 1:colcon.colcon_core.shell:create_environment_hook('interface', 'cmake_prefix_path')
[4.730s] INFO:colcon.colcon_core.shell:Creating environment hook '/home/guichen/Documents/drone-radar-fusion/install/interface/share/interface/hook/cmake_prefix_path.ps1'
[4.730s] INFO:colcon.colcon_core.shell:Creating environment descriptor '/home/guichen/Documents/drone-radar-fusion/install/interface/share/interface/hook/cmake_prefix_path.dsv'
[4.730s] INFO:colcon.colcon_core.shell:Creating environment hook '/home/guichen/Documents/drone-radar-fusion/install/interface/share/interface/hook/cmake_prefix_path.sh'
[4.731s] Level 1:colcon.colcon_core.environment:checking '/home/guichen/Documents/drone-radar-fusion/install/interface/lib'
[4.731s] Level 1:colcon.colcon_core.shell:create_environment_hook('interface', 'ld_library_path_lib')
[4.731s] INFO:colcon.colcon_core.shell:Creating environment hook '/home/guichen/Documents/drone-radar-fusion/install/interface/share/interface/hook/ld_library_path_lib.ps1'
[4.731s] INFO:colcon.colcon_core.shell:Creating environment descriptor '/home/guichen/Documents/drone-radar-fusion/install/interface/share/interface/hook/ld_library_path_lib.dsv'
[4.731s] INFO:colcon.colcon_core.shell:Creating environment hook '/home/guichen/Documents/drone-radar-fusion/install/interface/share/interface/hook/ld_library_path_lib.sh'
[4.732s] Level 1:colcon.colcon_core.environment:checking '/home/guichen/Documents/drone-radar-fusion/install/interface/bin'
[4.732s] Level 1:colcon.colcon_core.environment:checking '/home/guichen/Documents/drone-radar-fusion/install/interface/lib/pkgconfig/interface.pc'
[4.732s] Level 1:colcon.colcon_core.environment:checking '/home/guichen/Documents/drone-radar-fusion/install/interface/lib/python3.10/site-packages'
[4.732s] Level 1:colcon.colcon_core.environment:checking '/home/guichen/Documents/drone-radar-fusion/install/interface/bin'
[4.732s] INFO:colcon.colcon_core.shell:Creating package script '/home/guichen/Documents/drone-radar-fusion/install/interface/share/interface/package.ps1'
[4.733s] INFO:colcon.colcon_core.shell:Creating package descriptor '/home/guichen/Documents/drone-radar-fusion/install/interface/share/interface/package.dsv'
[4.733s] INFO:colcon.colcon_core.shell:Creating package script '/home/guichen/Documents/drone-radar-fusion/install/interface/share/interface/package.sh'
[4.733s] INFO:colcon.colcon_core.shell:Creating package script '/home/guichen/Documents/drone-radar-fusion/install/interface/share/interface/package.bash'
[4.733s] INFO:colcon.colcon_core.shell:Creating package script '/home/guichen/Documents/drone-radar-fusion/install/interface/share/interface/package.zsh'
[4.734s] Level 1:colcon.colcon_core.environment:create_file_with_runtime_dependencies(/home/guichen/Documents/drone-radar-fusion/install/interface/share/colcon-core/packages/interface)
[4.734s] Level 1:colcon.colcon_core.environment:create_environment_scripts_only(interface)
[4.734s] Level 1:colcon.colcon_core.environment:checking '/home/guichen/Documents/drone-radar-fusion/install/interface' for CMake module files
[4.735s] Level 1:colcon.colcon_core.environment:checking '/home/guichen/Documents/drone-radar-fusion/install/interface' for CMake config files
[4.735s] Level 1:colcon.colcon_core.shell:create_environment_hook('interface', 'cmake_prefix_path')
[4.735s] INFO:colcon.colcon_core.shell:Creating environment hook '/home/guichen/Documents/drone-radar-fusion/install/interface/share/interface/hook/cmake_prefix_path.ps1'
[4.735s] INFO:colcon.colcon_core.shell:Creating environment descriptor '/home/guichen/Documents/drone-radar-fusion/install/interface/share/interface/hook/cmake_prefix_path.dsv'
[4.736s] INFO:colcon.colcon_core.shell:Creating environment hook '/home/guichen/Documents/drone-radar-fusion/install/interface/share/interface/hook/cmake_prefix_path.sh'
[4.736s] Level 1:colcon.colcon_core.environment:checking '/home/guichen/Documents/drone-radar-fusion/install/interface/lib'
[4.736s] Level 1:colcon.colcon_core.shell:create_environment_hook('interface', 'ld_library_path_lib')
[4.736s] INFO:colcon.colcon_core.shell:Creating environment hook '/home/guichen/Documents/drone-radar-fusion/install/interface/share/interface/hook/ld_library_path_lib.ps1'
[4.737s] INFO:colcon.colcon_core.shell:Creating environment descriptor '/home/guichen/Documents/drone-radar-fusion/install/interface/share/interface/hook/ld_library_path_lib.dsv'
[4.737s] INFO:colcon.colcon_core.shell:Creating environment hook '/home/guichen/Documents/drone-radar-fusion/install/interface/share/interface/hook/ld_library_path_lib.sh'
[4.737s] Level 1:colcon.colcon_core.environment:checking '/home/guichen/Documents/drone-radar-fusion/install/interface/bin'
[4.737s] Level 1:colcon.colcon_core.environment:checking '/home/guichen/Documents/drone-radar-fusion/install/interface/lib/pkgconfig/interface.pc'
[4.737s] Level 1:colcon.colcon_core.environment:checking '/home/guichen/Documents/drone-radar-fusion/install/interface/lib/python3.10/site-packages'
[4.738s] Level 1:colcon.colcon_core.environment:checking '/home/guichen/Documents/drone-radar-fusion/install/interface/bin'
[4.738s] INFO:colcon.colcon_core.shell:Creating package script '/home/guichen/Documents/drone-radar-fusion/install/interface/share/interface/package.ps1'
[4.738s] INFO:colcon.colcon_core.shell:Creating package descriptor '/home/guichen/Documents/drone-radar-fusion/install/interface/share/interface/package.dsv'
[4.738s] INFO:colcon.colcon_core.shell:Creating package script '/home/guichen/Documents/drone-radar-fusion/install/interface/share/interface/package.sh'
[4.739s] INFO:colcon.colcon_core.shell:Creating package script '/home/guichen/Documents/drone-radar-fusion/install/interface/share/interface/package.bash'
[4.739s] INFO:colcon.colcon_core.shell:Creating package script '/home/guichen/Documents/drone-radar-fusion/install/interface/share/interface/package.zsh'
[4.739s] Level 1:colcon.colcon_core.environment:create_file_with_runtime_dependencies(/home/guichen/Documents/drone-radar-fusion/install/interface/share/colcon-core/packages/interface)
[4.739s] INFO:colcon.colcon_core.task.python.build:Building Python package in '/home/guichen/Documents/drone-radar-fusion/src/web_dashboard'
[4.739s] INFO:colcon.colcon_core.shell:Skip shell extension 'powershell' for command environment: Not usable outside of PowerShell
[4.740s] DEBUG:colcon.colcon_core.shell:Skip shell extension 'dsv' for command environment
[4.988s] DEBUG:colcon.colcon_core.event_handler.log_command:Invoked command in '/home/guichen/Documents/drone-radar-fusion/build/hik_camera_ros2_driver' returned '0': CMAKE_PREFIX_PATH=${CMAKE_PREFIX_PATH}:/opt/ros/humble /usr/bin/cmake /home/guichen/Documents/drone-radar-fusion/src/hik_camera -DAMENT_CMAKE_SYMLINK_INSTALL=1 -DCMAKE_INSTALL_PREFIX=/home/guichen/Documents/drone-radar-fusion/install/hik_camera_ros2_driver
[4.988s] DEBUG:colcon.colcon_core.event_handler.log_command:Invoking command in '/home/guichen/Documents/drone-radar-fusion/build/hik_camera_ros2_driver': CMAKE_PREFIX_PATH=${CMAKE_PREFIX_PATH}:/opt/ros/humble /usr/bin/cmake --build /home/guichen/Documents/drone-radar-fusion/build/hik_camera_ros2_driver -- -j16 -l16
[5.122s] DEBUG:colcon.colcon_core.event_handler.log_command:Invoking command in '/home/guichen/Documents/drone-radar-fusion/build/web_dashboard': PYTHONPATH=/home/guichen/Documents/drone-radar-fusion/build/web_dashboard/prefix_override:/usr/lib/python3/dist-packages/colcon_core/task/python/colcon_distutils_commands:/home/guichen/Documents/drone-radar-fusion/install/web_dashboard/lib/python3.10/site-packages:${PYTHONPATH} /usr/bin/python3 -W ignore:setup.py install is deprecated -W ignore:easy_install command is deprecated setup.py develop --editable --build-directory /home/guichen/Documents/drone-radar-fusion/build/web_dashboard/build --no-deps symlink_data
[5.402s] Level 1:colcon.colcon_core.shell:create_environment_hook('web_dashboard', 'pythonpath_develop')
[5.402s] INFO:colcon.colcon_core.shell:Creating environment hook '/home/guichen/Documents/drone-radar-fusion/build/web_dashboard/share/web_dashboard/hook/pythonpath_develop.ps1'
[5.402s] DEBUG:colcon.colcon_core.event_handler.log_command:Invoked command in '/home/guichen/Documents/drone-radar-fusion/build/web_dashboard' returned '0': PYTHONPATH=/home/guichen/Documents/drone-radar-fusion/build/web_dashboard/prefix_override:/usr/lib/python3/dist-packages/colcon_core/task/python/colcon_distutils_commands:/home/guichen/Documents/drone-radar-fusion/install/web_dashboard/lib/python3.10/site-packages:${PYTHONPATH} /usr/bin/python3 -W ignore:setup.py install is deprecated -W ignore:easy_install command is deprecated setup.py develop --editable --build-directory /home/guichen/Documents/drone-radar-fusion/build/web_dashboard/build --no-deps symlink_data
[5.403s] INFO:colcon.colcon_core.shell:Creating environment descriptor '/home/guichen/Documents/drone-radar-fusion/build/web_dashboard/share/web_dashboard/hook/pythonpath_develop.dsv'
[5.404s] INFO:colcon.colcon_core.shell:Creating environment hook '/home/guichen/Documents/drone-radar-fusion/build/web_dashboard/share/web_dashboard/hook/pythonpath_develop.sh'
[5.404s] Level 1:colcon.colcon_core.environment:checking '/home/guichen/Documents/drone-radar-fusion/install/web_dashboard' for CMake module files
[5.405s] Level 1:colcon.colcon_core.environment:checking '/home/guichen/Documents/drone-radar-fusion/install/web_dashboard' for CMake config files
[5.405s] Level 1:colcon.colcon_core.environment:checking '/home/guichen/Documents/drone-radar-fusion/install/web_dashboard/lib'
[5.405s] Level 1:colcon.colcon_core.environment:checking '/home/guichen/Documents/drone-radar-fusion/install/web_dashboard/bin'
[5.405s] Level 1:colcon.colcon_core.shell:create_environment_hook('web_dashboard', 'path')
[5.405s] INFO:colcon.colcon_core.shell:Creating environment hook '/home/guichen/Documents/drone-radar-fusion/install/web_dashboard/share/web_dashboard/hook/path.ps1'
[5.406s] INFO:colcon.colcon_core.shell:Creating environment descriptor '/home/guichen/Documents/drone-radar-fusion/install/web_dashboard/share/web_dashboard/hook/path.dsv'
[5.406s] INFO:colcon.colcon_core.shell:Creating environment hook '/home/guichen/Documents/drone-radar-fusion/install/web_dashboard/share/web_dashboard/hook/path.sh'
[5.407s] Level 1:colcon.colcon_core.environment:checking '/home/guichen/Documents/drone-radar-fusion/install/web_dashboard/lib/pkgconfig/web_dashboard.pc'
[5.407s] Level 1:colcon.colcon_core.environment:checking '/home/guichen/Documents/drone-radar-fusion/install/web_dashboard/lib/python3.10/site-packages'
[5.407s] Level 1:colcon.colcon_core.shell:create_environment_hook('web_dashboard', 'pythonpath')
[5.407s] INFO:colcon.colcon_core.shell:Creating environment hook '/home/guichen/Documents/drone-radar-fusion/install/web_dashboard/share/web_dashboard/hook/pythonpath.ps1'
[5.407s] INFO:colcon.colcon_core.shell:Creating environment descriptor '/home/guichen/Documents/drone-radar-fusion/install/web_dashboard/share/web_dashboard/hook/pythonpath.dsv'
[5.408s] INFO:colcon.colcon_core.shell:Creating environment hook '/home/guichen/Documents/drone-radar-fusion/install/web_dashboard/share/web_dashboard/hook/pythonpath.sh'
[5.408s] Level 1:colcon.colcon_core.environment:checking '/home/guichen/Documents/drone-radar-fusion/install/web_dashboard/bin'
[5.408s] Level 1:colcon.colcon_core.shell:create_environment_hook('web_dashboard', 'pythonscriptspath')
[5.409s] INFO:colcon.colcon_core.shell:Creating environment hook '/home/guichen/Documents/drone-radar-fusion/install/web_dashboard/share/web_dashboard/hook/pythonscriptspath.ps1'
[5.409s] INFO:colcon.colcon_core.shell:Creating environment descriptor '/home/guichen/Documents/drone-radar-fusion/install/web_dashboard/share/web_dashboard/hook/pythonscriptspath.dsv'
[5.409s] INFO:colcon.colcon_core.shell:Creating environment hook '/home/guichen/Documents/drone-radar-fusion/install/web_dashboard/share/web_dashboard/hook/pythonscriptspath.sh'
[5.410s] Level 1:colcon.colcon_core.environment:create_environment_scripts_only(web_dashboard)
[5.410s] INFO:colcon.colcon_core.shell:Creating package script '/home/guichen/Documents/drone-radar-fusion/install/web_dashboard/share/web_dashboard/package.ps1'
[5.411s] INFO:colcon.colcon_core.shell:Creating package descriptor '/home/guichen/Documents/drone-radar-fusion/install/web_dashboard/share/web_dashboard/package.dsv'
[5.411s] INFO:colcon.colcon_core.shell:Creating package script '/home/guichen/Documents/drone-radar-fusion/install/web_dashboard/share/web_dashboard/package.sh'
[5.412s] INFO:colcon.colcon_core.shell:Creating package script '/home/guichen/Documents/drone-radar-fusion/install/web_dashboard/share/web_dashboard/package.bash'
[5.412s] INFO:colcon.colcon_core.shell:Creating package script '/home/guichen/Documents/drone-radar-fusion/install/web_dashboard/share/web_dashboard/package.zsh'
[5.413s] Level 1:colcon.colcon_core.environment:create_file_with_runtime_dependencies(/home/guichen/Documents/drone-radar-fusion/install/web_dashboard/share/colcon-core/packages/web_dashboard)
[5.413s] INFO:colcon.colcon_ros.task.ament_cmake.build:Building ROS package in '/home/guichen/Documents/drone-radar-fusion/src/camera_vision' with build type 'ament_cmake'
[5.413s] INFO:colcon.colcon_cmake.task.cmake.build:Building CMake package in '/home/guichen/Documents/drone-radar-fusion/src/camera_vision'
[5.413s] INFO:colcon.colcon_core.shell:Skip shell extension 'powershell' for command environment: Not usable outside of PowerShell
[5.414s] DEBUG:colcon.colcon_core.shell:Skip shell extension 'dsv' for command environment
[5.422s] DEBUG:colcon.colcon_core.event_handler.log_command:Invoking command in '/home/guichen/Documents/drone-radar-fusion/build/camera_vision': CMAKE_PREFIX_PATH=/home/guichen/Documents/drone-radar-fusion/install/interface:/home/guichen/Documents/drone-radar-fusion/install/simulation:/home/guichen/Documents/drone-radar-fusion/install/radar:/home/guichen/Documents/drone-radar-fusion/install/livox_ros2_avia:/home/guichen/Documents/drone-radar-fusion/install/livox_sdk_vendor:/home/guichen/Documents/drone-radar-fusion/install/livox_interfaces:/home/guichen/Documents/drone-radar-fusion/install/fusion:/home/guichen/Documents/drone-radar-fusion/install/camera_vision:/home/guichen/Documents/drone-radar-fusion/install/hik_camera_ros2_driver:/opt/ros/humble LD_LIBRARY_PATH=/home/guichen/Documents/drone-radar-fusion/install/interface/lib:/home/guichen/Documents/drone-radar-fusion/install/livox_ros2_avia/lib:/home/guichen/Documents/drone-radar-fusion/install/livox_interfaces/lib:/home/guichen/Documents/drone-radar-fusion/install/hik_camera_ros2_driver/lib:/usr/lib/x86_64-linux-gnu/gazebo-11/plugins:/opt/ros/humble/opt/rviz_ogre_vendor/lib:/opt/ros/humble/lib/x86_64-linux-gnu:/opt/ros/humble/lib /usr/bin/cmake /home/guichen/Documents/drone-radar-fusion/src/camera_vision -DAMENT_CMAKE_SYMLINK_INSTALL=1 -DCMAKE_INSTALL_PREFIX=/home/guichen/Documents/drone-radar-fusion/install/camera_vision
[6.215s] DEBUG:colcon.colcon_core.event_handler.log_command:Invoked command in '/home/guichen/Documents/drone-radar-fusion/build/camera_vision' returned '0': CMAKE_PREFIX_PATH=/home/guichen/Documents/drone-radar-fusion/install/interface:/home/guichen/Documents/drone-radar-fusion/install/simulation:/home/guichen/Documents/drone-radar-fusion/install/radar:/home/guichen/Documents/drone-radar-fusion/install/livox_ros2_avia:/home/guichen/Documents/drone-radar-fusion/install/livox_sdk_vendor:/home/guichen/Documents/drone-radar-fusion/install/livox_interfaces:/home/guichen/Documents/drone-radar-fusion/install/fusion:/home/guichen/Documents/drone-radar-fusion/install/camera_vision:/home/guichen/Documents/drone-radar-fusion/install/hik_camera_ros2_driver:/opt/ros/humble LD_LIBRARY_PATH=/home/guichen/Documents/drone-radar-fusion/install/interface/lib:/home/guichen/Documents/drone-radar-fusion/install/livox_ros2_avia/lib:/home/guichen/Documents/drone-radar-fusion/install/livox_interfaces/lib:/home/guichen/Documents/drone-radar-fusion/install/hik_camera_ros2_driver/lib:/usr/lib/x86_64-linux-gnu/gazebo-11/plugins:/opt/ros/humble/opt/rviz_ogre_vendor/lib:/opt/ros/humble/lib/x86_64-linux-gnu:/opt/ros/humble/lib /usr/bin/cmake /home/guichen/Documents/drone-radar-fusion/src/camera_vision -DAMENT_CMAKE_SYMLINK_INSTALL=1 -DCMAKE_INSTALL_PREFIX=/home/guichen/Documents/drone-radar-fusion/install/camera_vision
[6.217s] DEBUG:colcon.colcon_core.event_handler.log_command:Invoking command in '/home/guichen/Documents/drone-radar-fusion/build/camera_vision': CMAKE_PREFIX_PATH=/home/guichen/Documents/drone-radar-fusion/install/interface:/home/guichen/Documents/drone-radar-fusion/install/simulation:/home/guichen/Documents/drone-radar-fusion/install/radar:/home/guichen/Documents/drone-radar-fusion/install/livox_ros2_avia:/home/guichen/Documents/drone-radar-fusion/install/livox_sdk_vendor:/home/guichen/Documents/drone-radar-fusion/install/livox_interfaces:/home/guichen/Documents/drone-radar-fusion/install/fusion:/home/guichen/Documents/drone-radar-fusion/install/camera_vision:/home/guichen/Documents/drone-radar-fusion/install/hik_camera_ros2_driver:/opt/ros/humble LD_LIBRARY_PATH=/home/guichen/Documents/drone-radar-fusion/install/interface/lib:/home/guichen/Documents/drone-radar-fusion/install/livox_ros2_avia/lib:/home/guichen/Documents/drone-radar-fusion/install/livox_interfaces/lib:/home/guichen/Documents/drone-radar-fusion/install/hik_camera_ros2_driver/lib:/usr/lib/x86_64-linux-gnu/gazebo-11/plugins:/opt/ros/humble/opt/rviz_ogre_vendor/lib:/opt/ros/humble/lib/x86_64-linux-gnu:/opt/ros/humble/lib /usr/bin/cmake --build /home/guichen/Documents/drone-radar-fusion/build/camera_vision -- -j16 -l16
[7.278s] DEBUG:colcon.colcon_core.event_handler.log_command:Invoked command in '/home/guichen/Documents/drone-radar-fusion/build/hik_camera_ros2_driver' returned '0': CMAKE_PREFIX_PATH=${CMAKE_PREFIX_PATH}:/opt/ros/humble /usr/bin/cmake --build /home/guichen/Documents/drone-radar-fusion/build/hik_camera_ros2_driver -- -j16 -l16
[7.279s] DEBUG:colcon.colcon_core.event_handler.log_command:Invoking command in '/home/guichen/Documents/drone-radar-fusion/build/hik_camera_ros2_driver': CMAKE_PREFIX_PATH=${CMAKE_PREFIX_PATH}:/opt/ros/humble /usr/bin/cmake --install /home/guichen/Documents/drone-radar-fusion/build/hik_camera_ros2_driver
[7.457s] Level 1:colcon.colcon_core.environment:create_environment_scripts_only(hik_camera_ros2_driver)
[7.457s] Level 1:colcon.colcon_core.environment:checking '/home/guichen/Documents/drone-radar-fusion/install/hik_camera_ros2_driver' for CMake module files
[7.458s] DEBUG:colcon.colcon_core.event_handler.log_command:Invoked command in '/home/guichen/Documents/drone-radar-fusion/build/hik_camera_ros2_driver' returned '0': CMAKE_PREFIX_PATH=${CMAKE_PREFIX_PATH}:/opt/ros/humble /usr/bin/cmake --install /home/guichen/Documents/drone-radar-fusion/build/hik_camera_ros2_driver
[7.458s] Level 1:colcon.colcon_core.environment:checking '/home/guichen/Documents/drone-radar-fusion/install/hik_camera_ros2_driver' for CMake config files
[7.458s] Level 1:colcon.colcon_core.shell:create_environment_hook('hik_camera_ros2_driver', 'cmake_prefix_path')
[7.458s] INFO:colcon.colcon_core.shell:Creating environment hook '/home/guichen/Documents/drone-radar-fusion/install/hik_camera_ros2_driver/share/hik_camera_ros2_driver/hook/cmake_prefix_path.ps1'
[7.459s] INFO:colcon.colcon_core.shell:Creating environment descriptor '/home/guichen/Documents/drone-radar-fusion/install/hik_camera_ros2_driver/share/hik_camera_ros2_driver/hook/cmake_prefix_path.dsv'
[7.459s] INFO:colcon.colcon_core.shell:Creating environment hook '/home/guichen/Documents/drone-radar-fusion/install/hik_camera_ros2_driver/share/hik_camera_ros2_driver/hook/cmake_prefix_path.sh'
[7.459s] Level 1:colcon.colcon_core.environment:checking '/home/guichen/Documents/drone-radar-fusion/install/hik_camera_ros2_driver/lib'
[7.459s] Level 1:colcon.colcon_core.shell:create_environment_hook('hik_camera_ros2_driver', 'ld_library_path_lib')
[7.460s] INFO:colcon.colcon_core.shell:Creating environment hook '/home/guichen/Documents/drone-radar-fusion/install/hik_camera_ros2_driver/share/hik_camera_ros2_driver/hook/ld_library_path_lib.ps1'
[7.460s] INFO:colcon.colcon_core.shell:Creating environment descriptor '/home/guichen/Documents/drone-radar-fusion/install/hik_camera_ros2_driver/share/hik_camera_ros2_driver/hook/ld_library_path_lib.dsv'
[7.460s] INFO:colcon.colcon_core.shell:Creating environment hook '/home/guichen/Documents/drone-radar-fusion/install/hik_camera_ros2_driver/share/hik_camera_ros2_driver/hook/ld_library_path_lib.sh'
[7.460s] Level 1:colcon.colcon_core.environment:checking '/home/guichen/Documents/drone-radar-fusion/install/hik_camera_ros2_driver/bin'
[7.460s] Level 1:colcon.colcon_core.environment:checking '/home/guichen/Documents/drone-radar-fusion/install/hik_camera_ros2_driver/lib/pkgconfig/hik_camera_ros2_driver.pc'
[7.460s] Level 1:colcon.colcon_core.environment:checking '/home/guichen/Documents/drone-radar-fusion/install/hik_camera_ros2_driver/lib/python3.10/site-packages'
[7.461s] Level 1:colcon.colcon_core.environment:checking '/home/guichen/Documents/drone-radar-fusion/install/hik_camera_ros2_driver/bin'
[7.461s] INFO:colcon.colcon_core.shell:Creating package script '/home/guichen/Documents/drone-radar-fusion/install/hik_camera_ros2_driver/share/hik_camera_ros2_driver/package.ps1'
[7.461s] INFO:colcon.colcon_core.shell:Creating package descriptor '/home/guichen/Documents/drone-radar-fusion/install/hik_camera_ros2_driver/share/hik_camera_ros2_driver/package.dsv'
[7.462s] INFO:colcon.colcon_core.shell:Creating package script '/home/guichen/Documents/drone-radar-fusion/install/hik_camera_ros2_driver/share/hik_camera_ros2_driver/package.sh'
[7.462s] INFO:colcon.colcon_core.shell:Creating package script '/home/guichen/Documents/drone-radar-fusion/install/hik_camera_ros2_driver/share/hik_camera_ros2_driver/package.bash'
[7.462s] INFO:colcon.colcon_core.shell:Creating package script '/home/guichen/Documents/drone-radar-fusion/install/hik_camera_ros2_driver/share/hik_camera_ros2_driver/package.zsh'
[7.462s] Level 1:colcon.colcon_core.environment:create_file_with_runtime_dependencies(/home/guichen/Documents/drone-radar-fusion/install/hik_camera_ros2_driver/share/colcon-core/packages/hik_camera_ros2_driver)
[7.463s] Level 1:colcon.colcon_core.environment:create_environment_scripts_only(hik_camera_ros2_driver)
[7.463s] Level 1:colcon.colcon_core.environment:checking '/home/guichen/Documents/drone-radar-fusion/install/hik_camera_ros2_driver' for CMake module files
[7.463s] Level 1:colcon.colcon_core.environment:checking '/home/guichen/Documents/drone-radar-fusion/install/hik_camera_ros2_driver' for CMake config files
[7.463s] Level 1:colcon.colcon_core.shell:create_environment_hook('hik_camera_ros2_driver', 'cmake_prefix_path')
[7.463s] INFO:colcon.colcon_core.shell:Creating environment hook '/home/guichen/Documents/drone-radar-fusion/install/hik_camera_ros2_driver/share/hik_camera_ros2_driver/hook/cmake_prefix_path.ps1'
[7.464s] INFO:colcon.colcon_core.shell:Creating environment descriptor '/home/guichen/Documents/drone-radar-fusion/install/hik_camera_ros2_driver/share/hik_camera_ros2_driver/hook/cmake_prefix_path.dsv'
[7.464s] INFO:colcon.colcon_core.shell:Creating environment hook '/home/guichen/Documents/drone-radar-fusion/install/hik_camera_ros2_driver/share/hik_camera_ros2_driver/hook/cmake_prefix_path.sh'
[7.464s] Level 1:colcon.colcon_core.environment:checking '/home/guichen/Documents/drone-radar-fusion/install/hik_camera_ros2_driver/lib'
[7.464s] Level 1:colcon.colcon_core.shell:create_environment_hook('hik_camera_ros2_driver', 'ld_library_path_lib')
[7.464s] INFO:colcon.colcon_core.shell:Creating environment hook '/home/guichen/Documents/drone-radar-fusion/install/hik_camera_ros2_driver/share/hik_camera_ros2_driver/hook/ld_library_path_lib.ps1'
[7.465s] INFO:colcon.colcon_core.shell:Creating environment descriptor '/home/guichen/Documents/drone-radar-fusion/install/hik_camera_ros2_driver/share/hik_camera_ros2_driver/hook/ld_library_path_lib.dsv'
[7.465s] INFO:colcon.colcon_core.shell:Creating environment hook '/home/guichen/Documents/drone-radar-fusion/install/hik_camera_ros2_driver/share/hik_camera_ros2_driver/hook/ld_library_path_lib.sh'
[7.465s] Level 1:colcon.colcon_core.environment:checking '/home/guichen/Documents/drone-radar-fusion/install/hik_camera_ros2_driver/bin'
[7.465s] Level 1:colcon.colcon_core.environment:checking '/home/guichen/Documents/drone-radar-fusion/install/hik_camera_ros2_driver/lib/pkgconfig/hik_camera_ros2_driver.pc'
[7.465s] Level 1:colcon.colcon_core.environment:checking '/home/guichen/Documents/drone-radar-fusion/install/hik_camera_ros2_driver/lib/python3.10/site-packages'
[7.465s] Level 1:colcon.colcon_core.environment:checking '/home/guichen/Documents/drone-radar-fusion/install/hik_camera_ros2_driver/bin'
[7.465s] INFO:colcon.colcon_core.shell:Creating package script '/home/guichen/Documents/drone-radar-fusion/install/hik_camera_ros2_driver/share/hik_camera_ros2_driver/package.ps1'
[7.466s] INFO:colcon.colcon_core.shell:Creating package descriptor '/home/guichen/Documents/drone-radar-fusion/install/hik_camera_ros2_driver/share/hik_camera_ros2_driver/package.dsv'
[7.466s] INFO:colcon.colcon_core.shell:Creating package script '/home/guichen/Documents/drone-radar-fusion/install/hik_camera_ros2_driver/share/hik_camera_ros2_driver/package.sh'
[7.466s] INFO:colcon.colcon_core.shell:Creating package script '/home/guichen/Documents/drone-radar-fusion/install/hik_camera_ros2_driver/share/hik_camera_ros2_driver/package.bash'
[7.467s] INFO:colcon.colcon_core.shell:Creating package script '/home/guichen/Documents/drone-radar-fusion/install/hik_camera_ros2_driver/share/hik_camera_ros2_driver/package.zsh'
[7.467s] Level 1:colcon.colcon_core.environment:create_file_with_runtime_dependencies(/home/guichen/Documents/drone-radar-fusion/install/hik_camera_ros2_driver/share/colcon-core/packages/hik_camera_ros2_driver)
[7.467s] INFO:colcon.colcon_ros.task.ament_cmake.build:Building ROS package in '/home/guichen/Documents/drone-radar-fusion/src/fusion' with build type 'ament_cmake'
[7.467s] INFO:colcon.colcon_cmake.task.cmake.build:Building CMake package in '/home/guichen/Documents/drone-radar-fusion/src/fusion'
[7.467s] INFO:colcon.colcon_core.shell:Skip shell extension 'powershell' for command environment: Not usable outside of PowerShell
[7.467s] DEBUG:colcon.colcon_core.shell:Skip shell extension 'dsv' for command environment
[7.474s] DEBUG:colcon.colcon_core.event_handler.log_command:Invoking command in '/home/guichen/Documents/drone-radar-fusion/build/fusion': CMAKE_PREFIX_PATH=/home/guichen/Documents/drone-radar-fusion/install/interface:/home/guichen/Documents/drone-radar-fusion/install/simulation:/home/guichen/Documents/drone-radar-fusion/install/radar:/home/guichen/Documents/drone-radar-fusion/install/livox_ros2_avia:/home/guichen/Documents/drone-radar-fusion/install/livox_sdk_vendor:/home/guichen/Documents/drone-radar-fusion/install/livox_interfaces:/home/guichen/Documents/drone-radar-fusion/install/fusion:/home/guichen/Documents/drone-radar-fusion/install/camera_vision:/home/guichen/Documents/drone-radar-fusion/install/hik_camera_ros2_driver:/opt/ros/humble LD_LIBRARY_PATH=/home/guichen/Documents/drone-radar-fusion/install/interface/lib:/home/guichen/Documents/drone-radar-fusion/install/livox_ros2_avia/lib:/home/guichen/Documents/drone-radar-fusion/install/livox_interfaces/lib:/home/guichen/Documents/drone-radar-fusion/install/hik_camera_ros2_driver/lib:/usr/lib/x86_64-linux-gnu/gazebo-11/plugins:/opt/ros/humble/opt/rviz_ogre_vendor/lib:/opt/ros/humble/lib/x86_64-linux-gnu:/opt/ros/humble/lib /usr/bin/cmake /home/guichen/Documents/drone-radar-fusion/src/fusion -DAMENT_CMAKE_SYMLINK_INSTALL=1 -DCMAKE_INSTALL_PREFIX=/home/guichen/Documents/drone-radar-fusion/install/fusion
[11.791s] DEBUG:colcon.colcon_core.event_handler.log_command:Invoked command in '/home/guichen/Documents/drone-radar-fusion/build/fusion' returned '0': CMAKE_PREFIX_PATH=/home/guichen/Documents/drone-radar-fusion/install/interface:/home/guichen/Documents/drone-radar-fusion/install/simulation:/home/guichen/Documents/drone-radar-fusion/install/radar:/home/guichen/Documents/drone-radar-fusion/install/livox_ros2_avia:/home/guichen/Documents/drone-radar-fusion/install/livox_sdk_vendor:/home/guichen/Documents/drone-radar-fusion/install/livox_interfaces:/home/guichen/Documents/drone-radar-fusion/install/fusion:/home/guichen/Documents/drone-radar-fusion/install/camera_vision:/home/guichen/Documents/drone-radar-fusion/install/hik_camera_ros2_driver:/opt/ros/humble LD_LIBRARY_PATH=/home/guichen/Documents/drone-radar-fusion/install/interface/lib:/home/guichen/Documents/drone-radar-fusion/install/livox_ros2_avia/lib:/home/guichen/Documents/drone-radar-fusion/install/livox_interfaces/lib:/home/guichen/Documents/drone-radar-fusion/install/hik_camera_ros2_driver/lib:/usr/lib/x86_64-linux-gnu/gazebo-11/plugins:/opt/ros/humble/opt/rviz_ogre_vendor/lib:/opt/ros/humble/lib/x86_64-linux-gnu:/opt/ros/humble/lib /usr/bin/cmake /home/guichen/Documents/drone-radar-fusion/src/fusion -DAMENT_CMAKE_SYMLINK_INSTALL=1 -DCMAKE_INSTALL_PREFIX=/home/guichen/Documents/drone-radar-fusion/install/fusion
[11.792s] DEBUG:colcon.colcon_core.event_handler.log_command:Invoking command in '/home/guichen/Documents/drone-radar-fusion/build/fusion': CMAKE_PREFIX_PATH=/home/guichen/Documents/drone-radar-fusion/install/interface:/home/guichen/Documents/drone-radar-fusion/install/simulation:/home/guichen/Documents/drone-radar-fusion/install/radar:/home/guichen/Documents/drone-radar-fusion/install/livox_ros2_avia:/home/guichen/Documents/drone-radar-fusion/install/livox_sdk_vendor:/home/guichen/Documents/drone-radar-fusion/install/livox_interfaces:/home/guichen/Documents/drone-radar-fusion/install/fusion:/home/guichen/Documents/drone-radar-fusion/install/camera_vision:/home/guichen/Documents/drone-radar-fusion/install/hik_camera_ros2_driver:/opt/ros/humble LD_LIBRARY_PATH=/home/guichen/Documents/drone-radar-fusion/install/interface/lib:/home/guichen/Documents/drone-radar-fusion/install/livox_ros2_avia/lib:/home/guichen/Documents/drone-radar-fusion/install/livox_interfaces/lib:/home/guichen/Documents/drone-radar-fusion/install/hik_camera_ros2_driver/lib:/usr/lib/x86_64-linux-gnu/gazebo-11/plugins:/opt/ros/humble/opt/rviz_ogre_vendor/lib:/opt/ros/humble/lib/x86_64-linux-gnu:/opt/ros/humble/lib /usr/bin/cmake --build /home/guichen/Documents/drone-radar-fusion/build/fusion -- -j16 -l16
[12.750s] DEBUG:colcon.colcon_core.event_handler.log_command:Invoked command in '/home/guichen/Documents/drone-radar-fusion/build/livox_sdk_vendor' returned '0': CMAKE_PREFIX_PATH=${CMAKE_PREFIX_PATH}:/opt/ros/humble /usr/bin/cmake --build /home/guichen/Documents/drone-radar-fusion/build/livox_sdk_vendor -- -j16 -l16
[12.752s] DEBUG:colcon.colcon_core.event_handler.log_command:Invoking command in '/home/guichen/Documents/drone-radar-fusion/build/livox_sdk_vendor': CMAKE_PREFIX_PATH=${CMAKE_PREFIX_PATH}:/opt/ros/humble /usr/bin/cmake --install /home/guichen/Documents/drone-radar-fusion/build/livox_sdk_vendor
[12.878s] Level 1:colcon.colcon_core.environment:create_environment_scripts_only(livox_sdk_vendor)
[12.879s] Level 1:colcon.colcon_core.environment:checking '/home/guichen/Documents/drone-radar-fusion/install/livox_sdk_vendor' for CMake module files
[12.880s] DEBUG:colcon.colcon_core.event_handler.log_command:Invoked command in '/home/guichen/Documents/drone-radar-fusion/build/livox_sdk_vendor' returned '0': CMAKE_PREFIX_PATH=${CMAKE_PREFIX_PATH}:/opt/ros/humble /usr/bin/cmake --install /home/guichen/Documents/drone-radar-fusion/build/livox_sdk_vendor
[12.880s] Level 1:colcon.colcon_core.environment:checking '/home/guichen/Documents/drone-radar-fusion/install/livox_sdk_vendor' for CMake config files
[12.880s] Level 1:colcon.colcon_core.shell:create_environment_hook('livox_sdk_vendor', 'cmake_prefix_path')
[12.880s] INFO:colcon.colcon_core.shell:Creating environment hook '/home/guichen/Documents/drone-radar-fusion/install/livox_sdk_vendor/share/livox_sdk_vendor/hook/cmake_prefix_path.ps1'
[12.881s] INFO:colcon.colcon_core.shell:Creating environment descriptor '/home/guichen/Documents/drone-radar-fusion/install/livox_sdk_vendor/share/livox_sdk_vendor/hook/cmake_prefix_path.dsv'
[12.881s] INFO:colcon.colcon_core.shell:Creating environment hook '/home/guichen/Documents/drone-radar-fusion/install/livox_sdk_vendor/share/livox_sdk_vendor/hook/cmake_prefix_path.sh'
[12.882s] Level 1:colcon.colcon_core.environment:checking '/home/guichen/Documents/drone-radar-fusion/install/livox_sdk_vendor/lib'
[12.882s] Level 1:colcon.colcon_core.environment:checking '/home/guichen/Documents/drone-radar-fusion/install/livox_sdk_vendor/bin'
[12.882s] Level 1:colcon.colcon_core.environment:checking '/home/guichen/Documents/drone-radar-fusion/install/livox_sdk_vendor/lib/pkgconfig/livox_sdk_vendor.pc'
[12.882s] Level 1:colcon.colcon_core.environment:checking '/home/guichen/Documents/drone-radar-fusion/install/livox_sdk_vendor/lib/python3.10/site-packages'
[12.883s] Level 1:colcon.colcon_core.environment:checking '/home/guichen/Documents/drone-radar-fusion/install/livox_sdk_vendor/bin'
[12.883s] INFO:colcon.colcon_core.shell:Creating package script '/home/guichen/Documents/drone-radar-fusion/install/livox_sdk_vendor/share/livox_sdk_vendor/package.ps1'
[12.884s] INFO:colcon.colcon_core.shell:Creating package descriptor '/home/guichen/Documents/drone-radar-fusion/install/livox_sdk_vendor/share/livox_sdk_vendor/package.dsv'
[12.884s] INFO:colcon.colcon_core.shell:Creating package script '/home/guichen/Documents/drone-radar-fusion/install/livox_sdk_vendor/share/livox_sdk_vendor/package.sh'
[12.884s] INFO:colcon.colcon_core.shell:Creating package script '/home/guichen/Documents/drone-radar-fusion/install/livox_sdk_vendor/share/livox_sdk_vendor/package.bash'
[12.885s] INFO:colcon.colcon_core.shell:Creating package script '/home/guichen/Documents/drone-radar-fusion/install/livox_sdk_vendor/share/livox_sdk_vendor/package.zsh'
[12.885s] Level 1:colcon.colcon_core.environment:create_file_with_runtime_dependencies(/home/guichen/Documents/drone-radar-fusion/install/livox_sdk_vendor/share/colcon-core/packages/livox_sdk_vendor)
[12.886s] Level 1:colcon.colcon_core.environment:create_environment_scripts_only(livox_sdk_vendor)
[12.886s] Level 1:colcon.colcon_core.environment:checking '/home/guichen/Documents/drone-radar-fusion/install/livox_sdk_vendor' for CMake module files
[12.886s] Level 1:colcon.colcon_core.environment:checking '/home/guichen/Documents/drone-radar-fusion/install/livox_sdk_vendor' for CMake config files
[12.886s] Level 1:colcon.colcon_core.shell:create_environment_hook('livox_sdk_vendor', 'cmake_prefix_path')
[12.887s] INFO:colcon.colcon_core.shell:Creating environment hook '/home/guichen/Documents/drone-radar-fusion/install/livox_sdk_vendor/share/livox_sdk_vendor/hook/cmake_prefix_path.ps1'
[12.887s] INFO:colcon.colcon_core.shell:Creating environment descriptor '/home/guichen/Documents/drone-radar-fusion/install/livox_sdk_vendor/share/livox_sdk_vendor/hook/cmake_prefix_path.dsv'
[12.887s] INFO:colcon.colcon_core.shell:Creating environment hook '/home/guichen/Documents/drone-radar-fusion/install/livox_sdk_vendor/share/livox_sdk_vendor/hook/cmake_prefix_path.sh'
[12.888s] Level 1:colcon.colcon_core.environment:checking '/home/guichen/Documents/drone-radar-fusion/install/livox_sdk_vendor/lib'
[12.888s] Level 1:colcon.colcon_core.environment:checking '/home/guichen/Documents/drone-radar-fusion/install/livox_sdk_vendor/bin'
[12.888s] Level 1:colcon.colcon_core.environment:checking '/home/guichen/Documents/drone-radar-fusion/install/livox_sdk_vendor/lib/pkgconfig/livox_sdk_vendor.pc'
[12.888s] Level 1:colcon.colcon_core.environment:checking '/home/guichen/Documents/drone-radar-fusion/install/livox_sdk_vendor/lib/python3.10/site-packages'
[12.889s] Level 1:colcon.colcon_core.environment:checking '/home/guichen/Documents/drone-radar-fusion/install/livox_sdk_vendor/bin'
[12.889s] INFO:colcon.colcon_core.shell:Creating package script '/home/guichen/Documents/drone-radar-fusion/install/livox_sdk_vendor/share/livox_sdk_vendor/package.ps1'
[12.890s] INFO:colcon.colcon_core.shell:Creating package descriptor '/home/guichen/Documents/drone-radar-fusion/install/livox_sdk_vendor/share/livox_sdk_vendor/package.dsv'
[12.890s] INFO:colcon.colcon_core.shell:Creating package script '/home/guichen/Documents/drone-radar-fusion/install/livox_sdk_vendor/share/livox_sdk_vendor/package.sh'
[12.890s] INFO:colcon.colcon_core.shell:Creating package script '/home/guichen/Documents/drone-radar-fusion/install/livox_sdk_vendor/share/livox_sdk_vendor/package.bash'
[12.891s] INFO:colcon.colcon_core.shell:Creating package script '/home/guichen/Documents/drone-radar-fusion/install/livox_sdk_vendor/share/livox_sdk_vendor/package.zsh'
[12.891s] Level 1:colcon.colcon_core.environment:create_file_with_runtime_dependencies(/home/guichen/Documents/drone-radar-fusion/install/livox_sdk_vendor/share/colcon-core/packages/livox_sdk_vendor)
[12.892s] INFO:colcon.colcon_ros.task.ament_cmake.build:Building ROS package in '/home/guichen/Documents/drone-radar-fusion/src/livox_driver/livox_ros2_avia' with build type 'ament_cmake'
[12.892s] INFO:colcon.colcon_cmake.task.cmake.build:Building CMake package in '/home/guichen/Documents/drone-radar-fusion/src/livox_driver/livox_ros2_avia'
[12.892s] INFO:colcon.colcon_core.shell:Skip shell extension 'powershell' for command environment: Not usable outside of PowerShell
[12.892s] DEBUG:colcon.colcon_core.shell:Skip shell extension 'dsv' for command environment
[12.901s] DEBUG:colcon.colcon_core.event_handler.log_command:Invoking command in '/home/guichen/Documents/drone-radar-fusion/build/livox_ros2_avia': CMAKE_PREFIX_PATH=/home/guichen/Documents/drone-radar-fusion/install/livox_sdk_vendor:/home/guichen/Documents/drone-radar-fusion/install/livox_interfaces:/home/guichen/Documents/drone-radar-fusion/install/simulation:/home/guichen/Documents/drone-radar-fusion/install/radar:/home/guichen/Documents/drone-radar-fusion/install/livox_ros2_avia:/home/guichen/Documents/drone-radar-fusion/install/fusion:/home/guichen/Documents/drone-radar-fusion/install/camera_vision:/home/guichen/Documents/drone-radar-fusion/install/interface:/home/guichen/Documents/drone-radar-fusion/install/hik_camera_ros2_driver:/opt/ros/humble LD_LIBRARY_PATH=/home/guichen/Documents/drone-radar-fusion/install/livox_interfaces/lib:/home/guichen/Documents/drone-radar-fusion/install/livox_ros2_avia/lib:/home/guichen/Documents/drone-radar-fusion/install/interface/lib:/home/guichen/Documents/drone-radar-fusion/install/hik_camera_ros2_driver/lib:/usr/lib/x86_64-linux-gnu/gazebo-11/plugins:/opt/ros/humble/opt/rviz_ogre_vendor/lib:/opt/ros/humble/lib/x86_64-linux-gnu:/opt/ros/humble/lib /usr/bin/cmake /home/guichen/Documents/drone-radar-fusion/src/livox_driver/livox_ros2_avia -DAMENT_CMAKE_SYMLINK_INSTALL=1 -DCMAKE_INSTALL_PREFIX=/home/guichen/Documents/drone-radar-fusion/install/livox_ros2_avia
[15.099s] DEBUG:colcon.colcon_core.event_handler.log_command:Invoked command in '/home/guichen/Documents/drone-radar-fusion/build/livox_ros2_avia' returned '0': CMAKE_PREFIX_PATH=/home/guichen/Documents/drone-radar-fusion/install/livox_sdk_vendor:/home/guichen/Documents/drone-radar-fusion/install/livox_interfaces:/home/guichen/Documents/drone-radar-fusion/install/simulation:/home/guichen/Documents/drone-radar-fusion/install/radar:/home/guichen/Documents/drone-radar-fusion/install/livox_ros2_avia:/home/guichen/Documents/drone-radar-fusion/install/fusion:/home/guichen/Documents/drone-radar-fusion/install/camera_vision:/home/guichen/Documents/drone-radar-fusion/install/interface:/home/guichen/Documents/drone-radar-fusion/install/hik_camera_ros2_driver:/opt/ros/humble LD_LIBRARY_PATH=/home/guichen/Documents/drone-radar-fusion/install/livox_interfaces/lib:/home/guichen/Documents/drone-radar-fusion/install/livox_ros2_avia/lib:/home/guichen/Documents/drone-radar-fusion/install/interface/lib:/home/guichen/Documents/drone-radar-fusion/install/hik_camera_ros2_driver/lib:/usr/lib/x86_64-linux-gnu/gazebo-11/plugins:/opt/ros/humble/opt/rviz_ogre_vendor/lib:/opt/ros/humble/lib/x86_64-linux-gnu:/opt/ros/humble/lib /usr/bin/cmake /home/guichen/Documents/drone-radar-fusion/src/livox_driver/livox_ros2_avia -DAMENT_CMAKE_SYMLINK_INSTALL=1 -DCMAKE_INSTALL_PREFIX=/home/guichen/Documents/drone-radar-fusion/install/livox_ros2_avia
[15.100s] DEBUG:colcon.colcon_core.event_handler.log_command:Invoking command in '/home/guichen/Documents/drone-radar-fusion/build/livox_ros2_avia': CMAKE_PREFIX_PATH=/home/guichen/Documents/drone-radar-fusion/install/livox_sdk_vendor:/home/guichen/Documents/drone-radar-fusion/install/livox_interfaces:/home/guichen/Documents/drone-radar-fusion/install/simulation:/home/guichen/Documents/drone-radar-fusion/install/radar:/home/guichen/Documents/drone-radar-fusion/install/livox_ros2_avia:/home/guichen/Documents/drone-radar-fusion/install/fusion:/home/guichen/Documents/drone-radar-fusion/install/camera_vision:/home/guichen/Documents/drone-radar-fusion/install/interface:/home/guichen/Documents/drone-radar-fusion/install/hik_camera_ros2_driver:/opt/ros/humble LD_LIBRARY_PATH=/home/guichen/Documents/drone-radar-fusion/install/livox_interfaces/lib:/home/guichen/Documents/drone-radar-fusion/install/livox_ros2_avia/lib:/home/guichen/Documents/drone-radar-fusion/install/interface/lib:/home/guichen/Documents/drone-radar-fusion/install/hik_camera_ros2_driver/lib:/usr/lib/x86_64-linux-gnu/gazebo-11/plugins:/opt/ros/humble/opt/rviz_ogre_vendor/lib:/opt/ros/humble/lib/x86_64-linux-gnu:/opt/ros/humble/lib /usr/bin/cmake --build /home/guichen/Documents/drone-radar-fusion/build/livox_ros2_avia -- -j16 -l16
[18.174s] DEBUG:colcon.colcon_core.event_handler.log_command:Invoked command in '/home/guichen/Documents/drone-radar-fusion/build/camera_vision' returned '0': CMAKE_PREFIX_PATH=/home/guichen/Documents/drone-radar-fusion/install/interface:/home/guichen/Documents/drone-radar-fusion/install/simulation:/home/guichen/Documents/drone-radar-fusion/install/radar:/home/guichen/Documents/drone-radar-fusion/install/livox_ros2_avia:/home/guichen/Documents/drone-radar-fusion/install/livox_sdk_vendor:/home/guichen/Documents/drone-radar-fusion/install/livox_interfaces:/home/guichen/Documents/drone-radar-fusion/install/fusion:/home/guichen/Documents/drone-radar-fusion/install/camera_vision:/home/guichen/Documents/drone-radar-fusion/install/hik_camera_ros2_driver:/opt/ros/humble LD_LIBRARY_PATH=/home/guichen/Documents/drone-radar-fusion/install/interface/lib:/home/guichen/Documents/drone-radar-fusion/install/livox_ros2_avia/lib:/home/guichen/Documents/drone-radar-fusion/install/livox_interfaces/lib:/home/guichen/Documents/drone-radar-fusion/install/hik_camera_ros2_driver/lib:/usr/lib/x86_64-linux-gnu/gazebo-11/plugins:/opt/ros/humble/opt/rviz_ogre_vendor/lib:/opt/ros/humble/lib/x86_64-linux-gnu:/opt/ros/humble/lib /usr/bin/cmake --build /home/guichen/Documents/drone-radar-fusion/build/camera_vision -- -j16 -l16
[18.176s] DEBUG:colcon.colcon_core.event_handler.log_command:Invoking command in '/home/guichen/Documents/drone-radar-fusion/build/camera_vision': CMAKE_PREFIX_PATH=/home/guichen/Documents/drone-radar-fusion/install/interface:/home/guichen/Documents/drone-radar-fusion/install/simulation:/home/guichen/Documents/drone-radar-fusion/install/radar:/home/guichen/Documents/drone-radar-fusion/install/livox_ros2_avia:/home/guichen/Documents/drone-radar-fusion/install/livox_sdk_vendor:/home/guichen/Documents/drone-radar-fusion/install/livox_interfaces:/home/guichen/Documents/drone-radar-fusion/install/fusion:/home/guichen/Documents/drone-radar-fusion/install/camera_vision:/home/guichen/Documents/drone-radar-fusion/install/hik_camera_ros2_driver:/opt/ros/humble LD_LIBRARY_PATH=/home/guichen/Documents/drone-radar-fusion/install/interface/lib:/home/guichen/Documents/drone-radar-fusion/install/livox_ros2_avia/lib:/home/guichen/Documents/drone-radar-fusion/install/livox_interfaces/lib:/home/guichen/Documents/drone-radar-fusion/install/hik_camera_ros2_driver/lib:/usr/lib/x86_64-linux-gnu/gazebo-11/plugins:/opt/ros/humble/opt/rviz_ogre_vendor/lib:/opt/ros/humble/lib/x86_64-linux-gnu:/opt/ros/humble/lib /usr/bin/cmake --install /home/guichen/Documents/drone-radar-fusion/build/camera_vision
[18.293s] Level 1:colcon.colcon_core.environment:create_environment_scripts_only(camera_vision)
[18.293s] Level 1:colcon.colcon_core.environment:checking '/home/guichen/Documents/drone-radar-fusion/install/camera_vision' for CMake module files
[18.294s] DEBUG:colcon.colcon_core.event_handler.log_command:Invoked command in '/home/guichen/Documents/drone-radar-fusion/build/camera_vision' returned '0': CMAKE_PREFIX_PATH=/home/guichen/Documents/drone-radar-fusion/install/interface:/home/guichen/Documents/drone-radar-fusion/install/simulation:/home/guichen/Documents/drone-radar-fusion/install/radar:/home/guichen/Documents/drone-radar-fusion/install/livox_ros2_avia:/home/guichen/Documents/drone-radar-fusion/install/livox_sdk_vendor:/home/guichen/Documents/drone-radar-fusion/install/livox_interfaces:/home/guichen/Documents/drone-radar-fusion/install/fusion:/home/guichen/Documents/drone-radar-fusion/install/camera_vision:/home/guichen/Documents/drone-radar-fusion/install/hik_camera_ros2_driver:/opt/ros/humble LD_LIBRARY_PATH=/home/guichen/Documents/drone-radar-fusion/install/interface/lib:/home/guichen/Documents/drone-radar-fusion/install/livox_ros2_avia/lib:/home/guichen/Documents/drone-radar-fusion/install/livox_interfaces/lib:/home/guichen/Documents/drone-radar-fusion/install/hik_camera_ros2_driver/lib:/usr/lib/x86_64-linux-gnu/gazebo-11/plugins:/opt/ros/humble/opt/rviz_ogre_vendor/lib:/opt/ros/humble/lib/x86_64-linux-gnu:/opt/ros/humble/lib /usr/bin/cmake --install /home/guichen/Documents/drone-radar-fusion/build/camera_vision
[18.294s] Level 1:colcon.colcon_core.environment:checking '/home/guichen/Documents/drone-radar-fusion/install/camera_vision' for CMake config files
[18.295s] Level 1:colcon.colcon_core.shell:create_environment_hook('camera_vision', 'cmake_prefix_path')
[18.295s] INFO:colcon.colcon_core.shell:Creating environment hook '/home/guichen/Documents/drone-radar-fusion/install/camera_vision/share/camera_vision/hook/cmake_prefix_path.ps1'
[18.295s] INFO:colcon.colcon_core.shell:Creating environment descriptor '/home/guichen/Documents/drone-radar-fusion/install/camera_vision/share/camera_vision/hook/cmake_prefix_path.dsv'
[18.296s] INFO:colcon.colcon_core.shell:Creating environment hook '/home/guichen/Documents/drone-radar-fusion/install/camera_vision/share/camera_vision/hook/cmake_prefix_path.sh'
[18.296s] Level 1:colcon.colcon_core.environment:checking '/home/guichen/Documents/drone-radar-fusion/install/camera_vision/lib'
[18.296s] Level 1:colcon.colcon_core.environment:checking '/home/guichen/Documents/drone-radar-fusion/install/camera_vision/bin'
[18.296s] Level 1:colcon.colcon_core.environment:checking '/home/guichen/Documents/drone-radar-fusion/install/camera_vision/lib/pkgconfig/camera_vision.pc'
[18.297s] Level 1:colcon.colcon_core.environment:checking '/home/guichen/Documents/drone-radar-fusion/install/camera_vision/lib/python3.10/site-packages'
[18.297s] Level 1:colcon.colcon_core.environment:checking '/home/guichen/Documents/drone-radar-fusion/install/camera_vision/bin'
[18.297s] INFO:colcon.colcon_core.shell:Creating package script '/home/guichen/Documents/drone-radar-fusion/install/camera_vision/share/camera_vision/package.ps1'
[18.298s] INFO:colcon.colcon_core.shell:Creating package descriptor '/home/guichen/Documents/drone-radar-fusion/install/camera_vision/share/camera_vision/package.dsv'
[18.298s] INFO:colcon.colcon_core.shell:Creating package script '/home/guichen/Documents/drone-radar-fusion/install/camera_vision/share/camera_vision/package.sh'
[18.299s] INFO:colcon.colcon_core.shell:Creating package script '/home/guichen/Documents/drone-radar-fusion/install/camera_vision/share/camera_vision/package.bash'
[18.299s] INFO:colcon.colcon_core.shell:Creating package script '/home/guichen/Documents/drone-radar-fusion/install/camera_vision/share/camera_vision/package.zsh'
[18.300s] Level 1:colcon.colcon_core.environment:create_file_with_runtime_dependencies(/home/guichen/Documents/drone-radar-fusion/install/camera_vision/share/colcon-core/packages/camera_vision)
[18.300s] Level 1:colcon.colcon_core.environment:create_environment_scripts_only(camera_vision)
[18.300s] Level 1:colcon.colcon_core.environment:checking '/home/guichen/Documents/drone-radar-fusion/install/camera_vision' for CMake module files
[18.301s] Level 1:colcon.colcon_core.environment:checking '/home/guichen/Documents/drone-radar-fusion/install/camera_vision' for CMake config files
[18.301s] Level 1:colcon.colcon_core.shell:create_environment_hook('camera_vision', 'cmake_prefix_path')
[18.301s] INFO:colcon.colcon_core.shell:Creating environment hook '/home/guichen/Documents/drone-radar-fusion/install/camera_vision/share/camera_vision/hook/cmake_prefix_path.ps1'
[18.302s] INFO:colcon.colcon_core.shell:Creating environment descriptor '/home/guichen/Documents/drone-radar-fusion/install/camera_vision/share/camera_vision/hook/cmake_prefix_path.dsv'
[18.302s] INFO:colcon.colcon_core.shell:Creating environment hook '/home/guichen/Documents/drone-radar-fusion/install/camera_vision/share/camera_vision/hook/cmake_prefix_path.sh'
[18.303s] Level 1:colcon.colcon_core.environment:checking '/home/guichen/Documents/drone-radar-fusion/install/camera_vision/lib'
[18.303s] Level 1:colcon.colcon_core.environment:checking '/home/guichen/Documents/drone-radar-fusion/install/camera_vision/bin'
[18.303s] Level 1:colcon.colcon_core.environment:checking '/home/guichen/Documents/drone-radar-fusion/install/camera_vision/lib/pkgconfig/camera_vision.pc'
[18.303s] Level 1:colcon.colcon_core.environment:checking '/home/guichen/Documents/drone-radar-fusion/install/camera_vision/lib/python3.10/site-packages'
[18.303s] Level 1:colcon.colcon_core.environment:checking '/home/guichen/Documents/drone-radar-fusion/install/camera_vision/bin'
[18.304s] INFO:colcon.colcon_core.shell:Creating package script '/home/guichen/Documents/drone-radar-fusion/install/camera_vision/share/camera_vision/package.ps1'
[18.304s] INFO:colcon.colcon_core.shell:Creating package descriptor '/home/guichen/Documents/drone-radar-fusion/install/camera_vision/share/camera_vision/package.dsv'
[18.305s] INFO:colcon.colcon_core.shell:Creating package script '/home/guichen/Documents/drone-radar-fusion/install/camera_vision/share/camera_vision/package.sh'
[18.305s] INFO:colcon.colcon_core.shell:Creating package script '/home/guichen/Documents/drone-radar-fusion/install/camera_vision/share/camera_vision/package.bash'
[18.306s] INFO:colcon.colcon_core.shell:Creating package script '/home/guichen/Documents/drone-radar-fusion/install/camera_vision/share/camera_vision/package.zsh'
[18.306s] Level 1:colcon.colcon_core.environment:create_file_with_runtime_dependencies(/home/guichen/Documents/drone-radar-fusion/install/camera_vision/share/colcon-core/packages/camera_vision)
[18.306s] INFO:colcon.colcon_ros.task.ament_cmake.build:Building ROS package in '/home/guichen/Documents/drone-radar-fusion/src/radar' with build type 'ament_cmake'
[18.306s] INFO:colcon.colcon_cmake.task.cmake.build:Building CMake package in '/home/guichen/Documents/drone-radar-fusion/src/radar'
[18.307s] INFO:colcon.colcon_core.shell:Skip shell extension 'powershell' for command environment: Not usable outside of PowerShell
[18.307s] DEBUG:colcon.colcon_core.shell:Skip shell extension 'dsv' for command environment
[18.314s] DEBUG:colcon.colcon_core.event_handler.log_command:Invoking command in '/home/guichen/Documents/drone-radar-fusion/build/radar': CMAKE_PREFIX_PATH=/home/guichen/Documents/drone-radar-fusion/install/interface:/home/guichen/Documents/drone-radar-fusion/install/simulation:/home/guichen/Documents/drone-radar-fusion/install/radar:/home/guichen/Documents/drone-radar-fusion/install/livox_ros2_avia:/home/guichen/Documents/drone-radar-fusion/install/livox_sdk_vendor:/home/guichen/Documents/drone-radar-fusion/install/livox_interfaces:/home/guichen/Documents/drone-radar-fusion/install/fusion:/home/guichen/Documents/drone-radar-fusion/install/camera_vision:/home/guichen/Documents/drone-radar-fusion/install/hik_camera_ros2_driver:/opt/ros/humble LD_LIBRARY_PATH=/home/guichen/Documents/drone-radar-fusion/install/interface/lib:/home/guichen/Documents/drone-radar-fusion/install/livox_ros2_avia/lib:/home/guichen/Documents/drone-radar-fusion/install/livox_interfaces/lib:/home/guichen/Documents/drone-radar-fusion/install/hik_camera_ros2_driver/lib:/usr/lib/x86_64-linux-gnu/gazebo-11/plugins:/opt/ros/humble/opt/rviz_ogre_vendor/lib:/opt/ros/humble/lib/x86_64-linux-gnu:/opt/ros/humble/lib /usr/bin/cmake /home/guichen/Documents/drone-radar-fusion/src/radar -DAMENT_CMAKE_SYMLINK_INSTALL=1 -DCMAKE_INSTALL_PREFIX=/home/guichen/Documents/drone-radar-fusion/install/radar
[20.487s] DEBUG:colcon.colcon_core.event_handler.log_command:Invoked command in '/home/guichen/Documents/drone-radar-fusion/build/radar' returned '0': CMAKE_PREFIX_PATH=/home/guichen/Documents/drone-radar-fusion/install/interface:/home/guichen/Documents/drone-radar-fusion/install/simulation:/home/guichen/Documents/drone-radar-fusion/install/radar:/home/guichen/Documents/drone-radar-fusion/install/livox_ros2_avia:/home/guichen/Documents/drone-radar-fusion/install/livox_sdk_vendor:/home/guichen/Documents/drone-radar-fusion/install/livox_interfaces:/home/guichen/Documents/drone-radar-fusion/install/fusion:/home/guichen/Documents/drone-radar-fusion/install/camera_vision:/home/guichen/Documents/drone-radar-fusion/install/hik_camera_ros2_driver:/opt/ros/humble LD_LIBRARY_PATH=/home/guichen/Documents/drone-radar-fusion/install/interface/lib:/home/guichen/Documents/drone-radar-fusion/install/livox_ros2_avia/lib:/home/guichen/Documents/drone-radar-fusion/install/livox_interfaces/lib:/home/guichen/Documents/drone-radar-fusion/install/hik_camera_ros2_driver/lib:/usr/lib/x86_64-linux-gnu/gazebo-11/plugins:/opt/ros/humble/opt/rviz_ogre_vendor/lib:/opt/ros/humble/lib/x86_64-linux-gnu:/opt/ros/humble/lib /usr/bin/cmake /home/guichen/Documents/drone-radar-fusion/src/radar -DAMENT_CMAKE_SYMLINK_INSTALL=1 -DCMAKE_INSTALL_PREFIX=/home/guichen/Documents/drone-radar-fusion/install/radar
[20.488s] DEBUG:colcon.colcon_core.event_handler.log_command:Invoking command in '/home/guichen/Documents/drone-radar-fusion/build/radar': CMAKE_PREFIX_PATH=/home/guichen/Documents/drone-radar-fusion/install/interface:/home/guichen/Documents/drone-radar-fusion/install/simulation:/home/guichen/Documents/drone-radar-fusion/install/radar:/home/guichen/Documents/drone-radar-fusion/install/livox_ros2_avia:/home/guichen/Documents/drone-radar-fusion/install/livox_sdk_vendor:/home/guichen/Documents/drone-radar-fusion/install/livox_interfaces:/home/guichen/Documents/drone-radar-fusion/install/fusion:/home/guichen/Documents/drone-radar-fusion/install/camera_vision:/home/guichen/Documents/drone-radar-fusion/install/hik_camera_ros2_driver:/opt/ros/humble LD_LIBRARY_PATH=/home/guichen/Documents/drone-radar-fusion/install/interface/lib:/home/guichen/Documents/drone-radar-fusion/install/livox_ros2_avia/lib:/home/guichen/Documents/drone-radar-fusion/install/livox_interfaces/lib:/home/guichen/Documents/drone-radar-fusion/install/hik_camera_ros2_driver/lib:/usr/lib/x86_64-linux-gnu/gazebo-11/plugins:/opt/ros/humble/opt/rviz_ogre_vendor/lib:/opt/ros/humble/lib/x86_64-linux-gnu:/opt/ros/humble/lib /usr/bin/cmake --build /home/guichen/Documents/drone-radar-fusion/build/radar -- -j16 -l16
[21.867s] DEBUG:colcon.colcon_core.event_handler.log_command:Invoked command in '/home/guichen/Documents/drone-radar-fusion/build/livox_ros2_avia' returned '0': CMAKE_PREFIX_PATH=/home/guichen/Documents/drone-radar-fusion/install/livox_sdk_vendor:/home/guichen/Documents/drone-radar-fusion/install/livox_interfaces:/home/guichen/Documents/drone-radar-fusion/install/simulation:/home/guichen/Documents/drone-radar-fusion/install/radar:/home/guichen/Documents/drone-radar-fusion/install/livox_ros2_avia:/home/guichen/Documents/drone-radar-fusion/install/fusion:/home/guichen/Documents/drone-radar-fusion/install/camera_vision:/home/guichen/Documents/drone-radar-fusion/install/interface:/home/guichen/Documents/drone-radar-fusion/install/hik_camera_ros2_driver:/opt/ros/humble LD_LIBRARY_PATH=/home/guichen/Documents/drone-radar-fusion/install/livox_interfaces/lib:/home/guichen/Documents/drone-radar-fusion/install/livox_ros2_avia/lib:/home/guichen/Documents/drone-radar-fusion/install/interface/lib:/home/guichen/Documents/drone-radar-fusion/install/hik_camera_ros2_driver/lib:/usr/lib/x86_64-linux-gnu/gazebo-11/plugins:/opt/ros/humble/opt/rviz_ogre_vendor/lib:/opt/ros/humble/lib/x86_64-linux-gnu:/opt/ros/humble/lib /usr/bin/cmake --build /home/guichen/Documents/drone-radar-fusion/build/livox_ros2_avia -- -j16 -l16
[21.868s] DEBUG:colcon.colcon_core.event_handler.log_command:Invoking command in '/home/guichen/Documents/drone-radar-fusion/build/livox_ros2_avia': CMAKE_PREFIX_PATH=/home/guichen/Documents/drone-radar-fusion/install/livox_sdk_vendor:/home/guichen/Documents/drone-radar-fusion/install/livox_interfaces:/home/guichen/Documents/drone-radar-fusion/install/simulation:/home/guichen/Documents/drone-radar-fusion/install/radar:/home/guichen/Documents/drone-radar-fusion/install/livox_ros2_avia:/home/guichen/Documents/drone-radar-fusion/install/fusion:/home/guichen/Documents/drone-radar-fusion/install/camera_vision:/home/guichen/Documents/drone-radar-fusion/install/interface:/home/guichen/Documents/drone-radar-fusion/install/hik_camera_ros2_driver:/opt/ros/humble LD_LIBRARY_PATH=/home/guichen/Documents/drone-radar-fusion/install/livox_interfaces/lib:/home/guichen/Documents/drone-radar-fusion/install/livox_ros2_avia/lib:/home/guichen/Documents/drone-radar-fusion/install/interface/lib:/home/guichen/Documents/drone-radar-fusion/install/hik_camera_ros2_driver/lib:/usr/lib/x86_64-linux-gnu/gazebo-11/plugins:/opt/ros/humble/opt/rviz_ogre_vendor/lib:/opt/ros/humble/lib/x86_64-linux-gnu:/opt/ros/humble/lib /usr/bin/cmake --install /home/guichen/Documents/drone-radar-fusion/build/livox_ros2_avia
[22.071s] Level 1:colcon.colcon_core.environment:create_environment_scripts_only(livox_ros2_avia)
[22.071s] DEBUG:colcon.colcon_core.event_handler.log_command:Invoked command in '/home/guichen/Documents/drone-radar-fusion/build/livox_ros2_avia' returned '0': CMAKE_PREFIX_PATH=/home/guichen/Documents/drone-radar-fusion/install/livox_sdk_vendor:/home/guichen/Documents/drone-radar-fusion/install/livox_interfaces:/home/guichen/Documents/drone-radar-fusion/install/simulation:/home/guichen/Documents/drone-radar-fusion/install/radar:/home/guichen/Documents/drone-radar-fusion/install/livox_ros2_avia:/home/guichen/Documents/drone-radar-fusion/install/fusion:/home/guichen/Documents/drone-radar-fusion/install/camera_vision:/home/guichen/Documents/drone-radar-fusion/install/interface:/home/guichen/Documents/drone-radar-fusion/install/hik_camera_ros2_driver:/opt/ros/humble LD_LIBRARY_PATH=/home/guichen/Documents/drone-radar-fusion/install/livox_interfaces/lib:/home/guichen/Documents/drone-radar-fusion/install/livox_ros2_avia/lib:/home/guichen/Documents/drone-radar-fusion/install/interface/lib:/home/guichen/Documents/drone-radar-fusion/install/hik_camera_ros2_driver/lib:/usr/lib/x86_64-linux-gnu/gazebo-11/plugins:/opt/ros/humble/opt/rviz_ogre_vendor/lib:/opt/ros/humble/lib/x86_64-linux-gnu:/opt/ros/humble/lib /usr/bin/cmake --install /home/guichen/Documents/drone-radar-fusion/build/livox_ros2_avia
[22.071s] Level 1:colcon.colcon_core.environment:checking '/home/guichen/Documents/drone-radar-fusion/install/livox_ros2_avia' for CMake module files
[22.072s] Level 1:colcon.colcon_core.environment:checking '/home/guichen/Documents/drone-radar-fusion/install/livox_ros2_avia' for CMake config files
[22.072s] Level 1:colcon.colcon_core.shell:create_environment_hook('livox_ros2_avia', 'cmake_prefix_path')
[22.073s] INFO:colcon.colcon_core.shell:Creating environment hook '/home/guichen/Documents/drone-radar-fusion/install/livox_ros2_avia/share/livox_ros2_avia/hook/cmake_prefix_path.ps1'
[22.073s] INFO:colcon.colcon_core.shell:Creating environment descriptor '/home/guichen/Documents/drone-radar-fusion/install/livox_ros2_avia/share/livox_ros2_avia/hook/cmake_prefix_path.dsv'
[22.074s] INFO:colcon.colcon_core.shell:Creating environment hook '/home/guichen/Documents/drone-radar-fusion/install/livox_ros2_avia/share/livox_ros2_avia/hook/cmake_prefix_path.sh'
[22.074s] Level 1:colcon.colcon_core.environment:checking '/home/guichen/Documents/drone-radar-fusion/install/livox_ros2_avia/lib'
[22.074s] Level 1:colcon.colcon_core.shell:create_environment_hook('livox_ros2_avia', 'ld_library_path_lib')
[22.074s] INFO:colcon.colcon_core.shell:Creating environment hook '/home/guichen/Documents/drone-radar-fusion/install/livox_ros2_avia/share/livox_ros2_avia/hook/ld_library_path_lib.ps1'
[22.075s] INFO:colcon.colcon_core.shell:Creating environment descriptor '/home/guichen/Documents/drone-radar-fusion/install/livox_ros2_avia/share/livox_ros2_avia/hook/ld_library_path_lib.dsv'
[22.075s] INFO:colcon.colcon_core.shell:Creating environment hook '/home/guichen/Documents/drone-radar-fusion/install/livox_ros2_avia/share/livox_ros2_avia/hook/ld_library_path_lib.sh'
[22.075s] Level 1:colcon.colcon_core.environment:checking '/home/guichen/Documents/drone-radar-fusion/install/livox_ros2_avia/bin'
[22.075s] Level 1:colcon.colcon_core.environment:checking '/home/guichen/Documents/drone-radar-fusion/install/livox_ros2_avia/lib/pkgconfig/livox_ros2_avia.pc'
[22.076s] Level 1:colcon.colcon_core.environment:checking '/home/guichen/Documents/drone-radar-fusion/install/livox_ros2_avia/lib/python3.10/site-packages'
[22.076s] Level 1:colcon.colcon_core.environment:checking '/home/guichen/Documents/drone-radar-fusion/install/livox_ros2_avia/bin'
[22.076s] INFO:colcon.colcon_core.shell:Creating package script '/home/guichen/Documents/drone-radar-fusion/install/livox_ros2_avia/share/livox_ros2_avia/package.ps1'
[22.077s] INFO:colcon.colcon_core.shell:Creating package descriptor '/home/guichen/Documents/drone-radar-fusion/install/livox_ros2_avia/share/livox_ros2_avia/package.dsv'
[22.077s] INFO:colcon.colcon_core.shell:Creating package script '/home/guichen/Documents/drone-radar-fusion/install/livox_ros2_avia/share/livox_ros2_avia/package.sh'
[22.077s] INFO:colcon.colcon_core.shell:Creating package script '/home/guichen/Documents/drone-radar-fusion/install/livox_ros2_avia/share/livox_ros2_avia/package.bash'
[22.078s] INFO:colcon.colcon_core.shell:Creating package script '/home/guichen/Documents/drone-radar-fusion/install/livox_ros2_avia/share/livox_ros2_avia/package.zsh'
[22.078s] Level 1:colcon.colcon_core.environment:create_file_with_runtime_dependencies(/home/guichen/Documents/drone-radar-fusion/install/livox_ros2_avia/share/colcon-core/packages/livox_ros2_avia)
[22.078s] Level 1:colcon.colcon_core.environment:create_environment_scripts_only(livox_ros2_avia)
[22.079s] Level 1:colcon.colcon_core.environment:checking '/home/guichen/Documents/drone-radar-fusion/install/livox_ros2_avia' for CMake module files
[22.079s] Level 1:colcon.colcon_core.environment:checking '/home/guichen/Documents/drone-radar-fusion/install/livox_ros2_avia' for CMake config files
[22.079s] Level 1:colcon.colcon_core.shell:create_environment_hook('livox_ros2_avia', 'cmake_prefix_path')
[22.080s] INFO:colcon.colcon_core.shell:Creating environment hook '/home/guichen/Documents/drone-radar-fusion/install/livox_ros2_avia/share/livox_ros2_avia/hook/cmake_prefix_path.ps1'
[22.080s] INFO:colcon.colcon_core.shell:Creating environment descriptor '/home/guichen/Documents/drone-radar-fusion/install/livox_ros2_avia/share/livox_ros2_avia/hook/cmake_prefix_path.dsv'
[22.080s] INFO:colcon.colcon_core.shell:Creating environment hook '/home/guichen/Documents/drone-radar-fusion/install/livox_ros2_avia/share/livox_ros2_avia/hook/cmake_prefix_path.sh'
[22.081s] Level 1:colcon.colcon_core.environment:checking '/home/guichen/Documents/drone-radar-fusion/install/livox_ros2_avia/lib'
[22.081s] Level 1:colcon.colcon_core.shell:create_environment_hook('livox_ros2_avia', 'ld_library_path_lib')
[22.081s] INFO:colcon.colcon_core.shell:Creating environment hook '/home/guichen/Documents/drone-radar-fusion/install/livox_ros2_avia/share/livox_ros2_avia/hook/ld_library_path_lib.ps1'
[22.081s] INFO:colcon.colcon_core.shell:Creating environment descriptor '/home/guichen/Documents/drone-radar-fusion/install/livox_ros2_avia/share/livox_ros2_avia/hook/ld_library_path_lib.dsv'
[22.082s] INFO:colcon.colcon_core.shell:Creating environment hook '/home/guichen/Documents/drone-radar-fusion/install/livox_ros2_avia/share/livox_ros2_avia/hook/ld_library_path_lib.sh'
[22.082s] Level 1:colcon.colcon_core.environment:checking '/home/guichen/Documents/drone-radar-fusion/install/livox_ros2_avia/bin'
[22.082s] Level 1:colcon.colcon_core.environment:checking '/home/guichen/Documents/drone-radar-fusion/install/livox_ros2_avia/lib/pkgconfig/livox_ros2_avia.pc'
[22.082s] Level 1:colcon.colcon_core.environment:checking '/home/guichen/Documents/drone-radar-fusion/install/livox_ros2_avia/lib/python3.10/site-packages'
[22.083s] Level 1:colcon.colcon_core.environment:checking '/home/guichen/Documents/drone-radar-fusion/install/livox_ros2_avia/bin'
[22.083s] INFO:colcon.colcon_core.shell:Creating package script '/home/guichen/Documents/drone-radar-fusion/install/livox_ros2_avia/share/livox_ros2_avia/package.ps1'
[22.084s] INFO:colcon.colcon_core.shell:Creating package descriptor '/home/guichen/Documents/drone-radar-fusion/install/livox_ros2_avia/share/livox_ros2_avia/package.dsv'
[22.084s] INFO:colcon.colcon_core.shell:Creating package script '/home/guichen/Documents/drone-radar-fusion/install/livox_ros2_avia/share/livox_ros2_avia/package.sh'
[22.085s] INFO:colcon.colcon_core.shell:Creating package script '/home/guichen/Documents/drone-radar-fusion/install/livox_ros2_avia/share/livox_ros2_avia/package.bash'
[22.085s] INFO:colcon.colcon_core.shell:Creating package script '/home/guichen/Documents/drone-radar-fusion/install/livox_ros2_avia/share/livox_ros2_avia/package.zsh'
[22.085s] Level 1:colcon.colcon_core.environment:create_file_with_runtime_dependencies(/home/guichen/Documents/drone-radar-fusion/install/livox_ros2_avia/share/colcon-core/packages/livox_ros2_avia)
[22.086s] INFO:colcon.colcon_ros.task.ament_python.build:Building ROS package in '/home/guichen/Documents/drone-radar-fusion/src/simulation' with build type 'ament_python'
[22.086s] Level 1:colcon.colcon_core.shell:create_environment_hook('simulation', 'ament_prefix_path')
[22.086s] INFO:colcon.colcon_core.shell:Creating environment hook '/home/guichen/Documents/drone-radar-fusion/install/simulation/share/simulation/hook/ament_prefix_path.ps1'
[22.087s] INFO:colcon.colcon_core.shell:Creating environment descriptor '/home/guichen/Documents/drone-radar-fusion/install/simulation/share/simulation/hook/ament_prefix_path.dsv'
[22.087s] INFO:colcon.colcon_core.shell:Creating environment hook '/home/guichen/Documents/drone-radar-fusion/install/simulation/share/simulation/hook/ament_prefix_path.sh'
[22.087s] INFO:colcon.colcon_core.shell:Skip shell extension 'powershell' for command environment: Not usable outside of PowerShell
[22.087s] DEBUG:colcon.colcon_core.shell:Skip shell extension 'dsv' for command environment
[22.267s] INFO:colcon.colcon_core.task.python.build:Building Python package in '/home/guichen/Documents/drone-radar-fusion/src/simulation'
[22.267s] INFO:colcon.colcon_core.shell:Skip shell extension 'powershell' for command environment: Not usable outside of PowerShell
[22.267s] DEBUG:colcon.colcon_core.shell:Skip shell extension 'dsv' for command environment
[22.507s] DEBUG:colcon.colcon_core.event_handler.log_command:Invoking command in '/home/guichen/Documents/drone-radar-fusion/build/simulation': CMAKE_PREFIX_PATH=/home/guichen/Documents/drone-radar-fusion/install/interface:/home/guichen/Documents/drone-radar-fusion/install/simulation:/home/guichen/Documents/drone-radar-fusion/install/radar:/home/guichen/Documents/drone-radar-fusion/install/livox_ros2_avia:/home/guichen/Documents/drone-radar-fusion/install/livox_sdk_vendor:/home/guichen/Documents/drone-radar-fusion/install/livox_interfaces:/home/guichen/Documents/drone-radar-fusion/install/fusion:/home/guichen/Documents/drone-radar-fusion/install/camera_vision:/home/guichen/Documents/drone-radar-fusion/install/hik_camera_ros2_driver LD_LIBRARY_PATH=/home/guichen/Documents/drone-radar-fusion/install/interface/lib:/home/guichen/Documents/drone-radar-fusion/install/livox_ros2_avia/lib:/home/guichen/Documents/drone-radar-fusion/install/livox_interfaces/lib:/home/guichen/Documents/drone-radar-fusion/install/hik_camera_ros2_driver/lib:/usr/lib/x86_64-linux-gnu/gazebo-11/plugins:/opt/ros/humble/opt/rviz_ogre_vendor/lib:/opt/ros/humble/lib/x86_64-linux-gnu:/opt/ros/humble/lib PYTHONPATH=/home/guichen/Documents/drone-radar-fusion/build/simulation/prefix_override:/usr/lib/python3/dist-packages/colcon_core/task/python/colcon_distutils_commands:/home/guichen/Documents/drone-radar-fusion/install/simulation/lib/python3.10/site-packages:${PYTHONPATH} /usr/bin/python3 -W ignore:setup.py install is deprecated -W ignore:easy_install command is deprecated setup.py develop --editable --build-directory /home/guichen/Documents/drone-radar-fusion/build/simulation/build --no-deps symlink_data
[22.790s] Level 1:colcon.colcon_core.shell:create_environment_hook('simulation', 'pythonpath_develop')
[22.790s] INFO:colcon.colcon_core.shell:Creating environment hook '/home/guichen/Documents/drone-radar-fusion/build/simulation/share/simulation/hook/pythonpath_develop.ps1'
[22.790s] DEBUG:colcon.colcon_core.event_handler.log_command:Invoked command in '/home/guichen/Documents/drone-radar-fusion/build/simulation' returned '0': CMAKE_PREFIX_PATH=/home/guichen/Documents/drone-radar-fusion/install/interface:/home/guichen/Documents/drone-radar-fusion/install/simulation:/home/guichen/Documents/drone-radar-fusion/install/radar:/home/guichen/Documents/drone-radar-fusion/install/livox_ros2_avia:/home/guichen/Documents/drone-radar-fusion/install/livox_sdk_vendor:/home/guichen/Documents/drone-radar-fusion/install/livox_interfaces:/home/guichen/Documents/drone-radar-fusion/install/fusion:/home/guichen/Documents/drone-radar-fusion/install/camera_vision:/home/guichen/Documents/drone-radar-fusion/install/hik_camera_ros2_driver LD_LIBRARY_PATH=/home/guichen/Documents/drone-radar-fusion/install/interface/lib:/home/guichen/Documents/drone-radar-fusion/install/livox_ros2_avia/lib:/home/guichen/Documents/drone-radar-fusion/install/livox_interfaces/lib:/home/guichen/Documents/drone-radar-fusion/install/hik_camera_ros2_driver/lib:/usr/lib/x86_64-linux-gnu/gazebo-11/plugins:/opt/ros/humble/opt/rviz_ogre_vendor/lib:/opt/ros/humble/lib/x86_64-linux-gnu:/opt/ros/humble/lib PYTHONPATH=/home/guichen/Documents/drone-radar-fusion/build/simulation/prefix_override:/usr/lib/python3/dist-packages/colcon_core/task/python/colcon_distutils_commands:/home/guichen/Documents/drone-radar-fusion/install/simulation/lib/python3.10/site-packages:${PYTHONPATH} /usr/bin/python3 -W ignore:setup.py install is deprecated -W ignore:easy_install command is deprecated setup.py develop --editable --build-directory /home/guichen/Documents/drone-radar-fusion/build/simulation/build --no-deps symlink_data
[22.791s] INFO:colcon.colcon_core.shell:Creating environment descriptor '/home/guichen/Documents/drone-radar-fusion/build/simulation/share/simulation/hook/pythonpath_develop.dsv'
[22.791s] INFO:colcon.colcon_core.shell:Creating environment hook '/home/guichen/Documents/drone-radar-fusion/build/simulation/share/simulation/hook/pythonpath_develop.sh'
[22.791s] Level 1:colcon.colcon_core.environment:checking '/home/guichen/Documents/drone-radar-fusion/install/simulation' for CMake module files
[22.792s] Level 1:colcon.colcon_core.environment:checking '/home/guichen/Documents/drone-radar-fusion/install/simulation' for CMake config files
[22.792s] Level 1:colcon.colcon_core.environment:checking '/home/guichen/Documents/drone-radar-fusion/install/simulation/lib'
[22.792s] Level 1:colcon.colcon_core.environment:checking '/home/guichen/Documents/drone-radar-fusion/install/simulation/bin'
[22.792s] Level 1:colcon.colcon_core.environment:checking '/home/guichen/Documents/drone-radar-fusion/install/simulation/lib/pkgconfig/simulation.pc'
[22.792s] Level 1:colcon.colcon_core.environment:checking '/home/guichen/Documents/drone-radar-fusion/install/simulation/lib/python3.10/site-packages'
[22.792s] Level 1:colcon.colcon_core.shell:create_environment_hook('simulation', 'pythonpath')
[22.792s] INFO:colcon.colcon_core.shell:Creating environment hook '/home/guichen/Documents/drone-radar-fusion/install/simulation/share/simulation/hook/pythonpath.ps1'
[22.793s] INFO:colcon.colcon_core.shell:Creating environment descriptor '/home/guichen/Documents/drone-radar-fusion/install/simulation/share/simulation/hook/pythonpath.dsv'
[22.793s] INFO:colcon.colcon_core.shell:Creating environment hook '/home/guichen/Documents/drone-radar-fusion/install/simulation/share/simulation/hook/pythonpath.sh'
[22.793s] Level 1:colcon.colcon_core.environment:checking '/home/guichen/Documents/drone-radar-fusion/install/simulation/bin'
[22.793s] Level 1:colcon.colcon_core.environment:create_environment_scripts_only(simulation)
[22.793s] INFO:colcon.colcon_core.shell:Creating package script '/home/guichen/Documents/drone-radar-fusion/install/simulation/share/simulation/package.ps1'
[22.794s] INFO:colcon.colcon_core.shell:Creating package descriptor '/home/guichen/Documents/drone-radar-fusion/install/simulation/share/simulation/package.dsv'
[22.794s] INFO:colcon.colcon_core.shell:Creating package script '/home/guichen/Documents/drone-radar-fusion/install/simulation/share/simulation/package.sh'
[22.794s] INFO:colcon.colcon_core.shell:Creating package script '/home/guichen/Documents/drone-radar-fusion/install/simulation/share/simulation/package.bash'
[22.795s] INFO:colcon.colcon_core.shell:Creating package script '/home/guichen/Documents/drone-radar-fusion/install/simulation/share/simulation/package.zsh'
[22.795s] Level 1:colcon.colcon_core.environment:create_file_with_runtime_dependencies(/home/guichen/Documents/drone-radar-fusion/install/simulation/share/colcon-core/packages/simulation)
[30.565s] DEBUG:colcon.colcon_core.event_handler.log_command:Invoked command in '/home/guichen/Documents/drone-radar-fusion/build/fusion' returned '0': CMAKE_PREFIX_PATH=/home/guichen/Documents/drone-radar-fusion/install/interface:/home/guichen/Documents/drone-radar-fusion/install/simulation:/home/guichen/Documents/drone-radar-fusion/install/radar:/home/guichen/Documents/drone-radar-fusion/install/livox_ros2_avia:/home/guichen/Documents/drone-radar-fusion/install/livox_sdk_vendor:/home/guichen/Documents/drone-radar-fusion/install/livox_interfaces:/home/guichen/Documents/drone-radar-fusion/install/fusion:/home/guichen/Documents/drone-radar-fusion/install/camera_vision:/home/guichen/Documents/drone-radar-fusion/install/hik_camera_ros2_driver:/opt/ros/humble LD_LIBRARY_PATH=/home/guichen/Documents/drone-radar-fusion/install/interface/lib:/home/guichen/Documents/drone-radar-fusion/install/livox_ros2_avia/lib:/home/guichen/Documents/drone-radar-fusion/install/livox_interfaces/lib:/home/guichen/Documents/drone-radar-fusion/install/hik_camera_ros2_driver/lib:/usr/lib/x86_64-linux-gnu/gazebo-11/plugins:/opt/ros/humble/opt/rviz_ogre_vendor/lib:/opt/ros/humble/lib/x86_64-linux-gnu:/opt/ros/humble/lib /usr/bin/cmake --build /home/guichen/Documents/drone-radar-fusion/build/fusion -- -j16 -l16
[30.566s] DEBUG:colcon.colcon_core.event_handler.log_command:Invoking command in '/home/guichen/Documents/drone-radar-fusion/build/fusion': CMAKE_PREFIX_PATH=/home/guichen/Documents/drone-radar-fusion/install/interface:/home/guichen/Documents/drone-radar-fusion/install/simulation:/home/guichen/Documents/drone-radar-fusion/install/radar:/home/guichen/Documents/drone-radar-fusion/install/livox_ros2_avia:/home/guichen/Documents/drone-radar-fusion/install/livox_sdk_vendor:/home/guichen/Documents/drone-radar-fusion/install/livox_interfaces:/home/guichen/Documents/drone-radar-fusion/install/fusion:/home/guichen/Documents/drone-radar-fusion/install/camera_vision:/home/guichen/Documents/drone-radar-fusion/install/hik_camera_ros2_driver:/opt/ros/humble LD_LIBRARY_PATH=/home/guichen/Documents/drone-radar-fusion/install/interface/lib:/home/guichen/Documents/drone-radar-fusion/install/livox_ros2_avia/lib:/home/guichen/Documents/drone-radar-fusion/install/livox_interfaces/lib:/home/guichen/Documents/drone-radar-fusion/install/hik_camera_ros2_driver/lib:/usr/lib/x86_64-linux-gnu/gazebo-11/plugins:/opt/ros/humble/opt/rviz_ogre_vendor/lib:/opt/ros/humble/lib/x86_64-linux-gnu:/opt/ros/humble/lib /usr/bin/cmake --install /home/guichen/Documents/drone-radar-fusion/build/fusion
[30.676s] Level 1:colcon.colcon_core.environment:create_environment_scripts_only(fusion)
[30.676s] Level 1:colcon.colcon_core.environment:checking '/home/guichen/Documents/drone-radar-fusion/install/fusion' for CMake module files
[30.677s] DEBUG:colcon.colcon_core.event_handler.log_command:Invoked command in '/home/guichen/Documents/drone-radar-fusion/build/fusion' returned '0': CMAKE_PREFIX_PATH=/home/guichen/Documents/drone-radar-fusion/install/interface:/home/guichen/Documents/drone-radar-fusion/install/simulation:/home/guichen/Documents/drone-radar-fusion/install/radar:/home/guichen/Documents/drone-radar-fusion/install/livox_ros2_avia:/home/guichen/Documents/drone-radar-fusion/install/livox_sdk_vendor:/home/guichen/Documents/drone-radar-fusion/install/livox_interfaces:/home/guichen/Documents/drone-radar-fusion/install/fusion:/home/guichen/Documents/drone-radar-fusion/install/camera_vision:/home/guichen/Documents/drone-radar-fusion/install/hik_camera_ros2_driver:/opt/ros/humble LD_LIBRARY_PATH=/home/guichen/Documents/drone-radar-fusion/install/interface/lib:/home/guichen/Documents/drone-radar-fusion/install/livox_ros2_avia/lib:/home/guichen/Documents/drone-radar-fusion/install/livox_interfaces/lib:/home/guichen/Documents/drone-radar-fusion/install/hik_camera_ros2_driver/lib:/usr/lib/x86_64-linux-gnu/gazebo-11/plugins:/opt/ros/humble/opt/rviz_ogre_vendor/lib:/opt/ros/humble/lib/x86_64-linux-gnu:/opt/ros/humble/lib /usr/bin/cmake --install /home/guichen/Documents/drone-radar-fusion/build/fusion
[30.677s] Level 1:colcon.colcon_core.environment:checking '/home/guichen/Documents/drone-radar-fusion/install/fusion' for CMake config files
[30.677s] Level 1:colcon.colcon_core.shell:create_environment_hook('fusion', 'cmake_prefix_path')
[30.677s] INFO:colcon.colcon_core.shell:Creating environment hook '/home/guichen/Documents/drone-radar-fusion/install/fusion/share/fusion/hook/cmake_prefix_path.ps1'
[30.678s] INFO:colcon.colcon_core.shell:Creating environment descriptor '/home/guichen/Documents/drone-radar-fusion/install/fusion/share/fusion/hook/cmake_prefix_path.dsv'
[30.678s] INFO:colcon.colcon_core.shell:Creating environment hook '/home/guichen/Documents/drone-radar-fusion/install/fusion/share/fusion/hook/cmake_prefix_path.sh'
[30.678s] Level 1:colcon.colcon_core.environment:checking '/home/guichen/Documents/drone-radar-fusion/install/fusion/lib'
[30.678s] Level 1:colcon.colcon_core.environment:checking '/home/guichen/Documents/drone-radar-fusion/install/fusion/bin'
[30.678s] Level 1:colcon.colcon_core.environment:checking '/home/guichen/Documents/drone-radar-fusion/install/fusion/lib/pkgconfig/fusion.pc'
[30.678s] Level 1:colcon.colcon_core.environment:checking '/home/guichen/Documents/drone-radar-fusion/install/fusion/lib/python3.10/site-packages'
[30.679s] Level 1:colcon.colcon_core.environment:checking '/home/guichen/Documents/drone-radar-fusion/install/fusion/bin'
[30.679s] INFO:colcon.colcon_core.shell:Creating package script '/home/guichen/Documents/drone-radar-fusion/install/fusion/share/fusion/package.ps1'
[30.679s] INFO:colcon.colcon_core.shell:Creating package descriptor '/home/guichen/Documents/drone-radar-fusion/install/fusion/share/fusion/package.dsv'
[30.679s] INFO:colcon.colcon_core.shell:Creating package script '/home/guichen/Documents/drone-radar-fusion/install/fusion/share/fusion/package.sh'
[30.680s] INFO:colcon.colcon_core.shell:Creating package script '/home/guichen/Documents/drone-radar-fusion/install/fusion/share/fusion/package.bash'
[30.680s] INFO:colcon.colcon_core.shell:Creating package script '/home/guichen/Documents/drone-radar-fusion/install/fusion/share/fusion/package.zsh'
[30.680s] Level 1:colcon.colcon_core.environment:create_file_with_runtime_dependencies(/home/guichen/Documents/drone-radar-fusion/install/fusion/share/colcon-core/packages/fusion)
[30.680s] Level 1:colcon.colcon_core.environment:create_environment_scripts_only(fusion)
[30.680s] Level 1:colcon.colcon_core.environment:checking '/home/guichen/Documents/drone-radar-fusion/install/fusion' for CMake module files
[30.681s] Level 1:colcon.colcon_core.environment:checking '/home/guichen/Documents/drone-radar-fusion/install/fusion' for CMake config files
[30.681s] Level 1:colcon.colcon_core.shell:create_environment_hook('fusion', 'cmake_prefix_path')
[30.681s] INFO:colcon.colcon_core.shell:Creating environment hook '/home/guichen/Documents/drone-radar-fusion/install/fusion/share/fusion/hook/cmake_prefix_path.ps1'
[30.681s] INFO:colcon.colcon_core.shell:Creating environment descriptor '/home/guichen/Documents/drone-radar-fusion/install/fusion/share/fusion/hook/cmake_prefix_path.dsv'
[30.681s] INFO:colcon.colcon_core.shell:Creating environment hook '/home/guichen/Documents/drone-radar-fusion/install/fusion/share/fusion/hook/cmake_prefix_path.sh'
[30.682s] Level 1:colcon.colcon_core.environment:checking '/home/guichen/Documents/drone-radar-fusion/install/fusion/lib'
[30.682s] Level 1:colcon.colcon_core.environment:checking '/home/guichen/Documents/drone-radar-fusion/install/fusion/bin'
[30.682s] Level 1:colcon.colcon_core.environment:checking '/home/guichen/Documents/drone-radar-fusion/install/fusion/lib/pkgconfig/fusion.pc'
[30.682s] Level 1:colcon.colcon_core.environment:checking '/home/guichen/Documents/drone-radar-fusion/install/fusion/lib/python3.10/site-packages'
[30.682s] Level 1:colcon.colcon_core.environment:checking '/home/guichen/Documents/drone-radar-fusion/install/fusion/bin'
[30.682s] INFO:colcon.colcon_core.shell:Creating package script '/home/guichen/Documents/drone-radar-fusion/install/fusion/share/fusion/package.ps1'
[30.683s] INFO:colcon.colcon_core.shell:Creating package descriptor '/home/guichen/Documents/drone-radar-fusion/install/fusion/share/fusion/package.dsv'
[30.683s] INFO:colcon.colcon_core.shell:Creating package script '/home/guichen/Documents/drone-radar-fusion/install/fusion/share/fusion/package.sh'
[30.683s] INFO:colcon.colcon_core.shell:Creating package script '/home/guichen/Documents/drone-radar-fusion/install/fusion/share/fusion/package.bash'
[30.683s] INFO:colcon.colcon_core.shell:Creating package script '/home/guichen/Documents/drone-radar-fusion/install/fusion/share/fusion/package.zsh'
[30.684s] Level 1:colcon.colcon_core.environment:create_file_with_runtime_dependencies(/home/guichen/Documents/drone-radar-fusion/install/fusion/share/colcon-core/packages/fusion)
[39.181s] DEBUG:colcon.colcon_core.event_handler.log_command:Invoked command in '/home/guichen/Documents/drone-radar-fusion/build/radar' returned '0': CMAKE_PREFIX_PATH=/home/guichen/Documents/drone-radar-fusion/install/interface:/home/guichen/Documents/drone-radar-fusion/install/simulation:/home/guichen/Documents/drone-radar-fusion/install/radar:/home/guichen/Documents/drone-radar-fusion/install/livox_ros2_avia:/home/guichen/Documents/drone-radar-fusion/install/livox_sdk_vendor:/home/guichen/Documents/drone-radar-fusion/install/livox_interfaces:/home/guichen/Documents/drone-radar-fusion/install/fusion:/home/guichen/Documents/drone-radar-fusion/install/camera_vision:/home/guichen/Documents/drone-radar-fusion/install/hik_camera_ros2_driver:/opt/ros/humble LD_LIBRARY_PATH=/home/guichen/Documents/drone-radar-fusion/install/interface/lib:/home/guichen/Documents/drone-radar-fusion/install/livox_ros2_avia/lib:/home/guichen/Documents/drone-radar-fusion/install/livox_interfaces/lib:/home/guichen/Documents/drone-radar-fusion/install/hik_camera_ros2_driver/lib:/usr/lib/x86_64-linux-gnu/gazebo-11/plugins:/opt/ros/humble/opt/rviz_ogre_vendor/lib:/opt/ros/humble/lib/x86_64-linux-gnu:/opt/ros/humble/lib /usr/bin/cmake --build /home/guichen/Documents/drone-radar-fusion/build/radar -- -j16 -l16
[39.182s] DEBUG:colcon.colcon_core.event_handler.log_command:Invoking command in '/home/guichen/Documents/drone-radar-fusion/build/radar': CMAKE_PREFIX_PATH=/home/guichen/Documents/drone-radar-fusion/install/interface:/home/guichen/Documents/drone-radar-fusion/install/simulation:/home/guichen/Documents/drone-radar-fusion/install/radar:/home/guichen/Documents/drone-radar-fusion/install/livox_ros2_avia:/home/guichen/Documents/drone-radar-fusion/install/livox_sdk_vendor:/home/guichen/Documents/drone-radar-fusion/install/livox_interfaces:/home/guichen/Documents/drone-radar-fusion/install/fusion:/home/guichen/Documents/drone-radar-fusion/install/camera_vision:/home/guichen/Documents/drone-radar-fusion/install/hik_camera_ros2_driver:/opt/ros/humble LD_LIBRARY_PATH=/home/guichen/Documents/drone-radar-fusion/install/interface/lib:/home/guichen/Documents/drone-radar-fusion/install/livox_ros2_avia/lib:/home/guichen/Documents/drone-radar-fusion/install/livox_interfaces/lib:/home/guichen/Documents/drone-radar-fusion/install/hik_camera_ros2_driver/lib:/usr/lib/x86_64-linux-gnu/gazebo-11/plugins:/opt/ros/humble/opt/rviz_ogre_vendor/lib:/opt/ros/humble/lib/x86_64-linux-gnu:/opt/ros/humble/lib /usr/bin/cmake --install /home/guichen/Documents/drone-radar-fusion/build/radar
[39.279s] Level 1:colcon.colcon_core.environment:create_environment_scripts_only(radar)
[39.280s] Level 1:colcon.colcon_core.environment:checking '/home/guichen/Documents/drone-radar-fusion/install/radar' for CMake module files
[39.280s] DEBUG:colcon.colcon_core.event_handler.log_command:Invoked command in '/home/guichen/Documents/drone-radar-fusion/build/radar' returned '0': CMAKE_PREFIX_PATH=/home/guichen/Documents/drone-radar-fusion/install/interface:/home/guichen/Documents/drone-radar-fusion/install/simulation:/home/guichen/Documents/drone-radar-fusion/install/radar:/home/guichen/Documents/drone-radar-fusion/install/livox_ros2_avia:/home/guichen/Documents/drone-radar-fusion/install/livox_sdk_vendor:/home/guichen/Documents/drone-radar-fusion/install/livox_interfaces:/home/guichen/Documents/drone-radar-fusion/install/fusion:/home/guichen/Documents/drone-radar-fusion/install/camera_vision:/home/guichen/Documents/drone-radar-fusion/install/hik_camera_ros2_driver:/opt/ros/humble LD_LIBRARY_PATH=/home/guichen/Documents/drone-radar-fusion/install/interface/lib:/home/guichen/Documents/drone-radar-fusion/install/livox_ros2_avia/lib:/home/guichen/Documents/drone-radar-fusion/install/livox_interfaces/lib:/home/guichen/Documents/drone-radar-fusion/install/hik_camera_ros2_driver/lib:/usr/lib/x86_64-linux-gnu/gazebo-11/plugins:/opt/ros/humble/opt/rviz_ogre_vendor/lib:/opt/ros/humble/lib/x86_64-linux-gnu:/opt/ros/humble/lib /usr/bin/cmake --install /home/guichen/Documents/drone-radar-fusion/build/radar
[39.280s] Level 1:colcon.colcon_core.environment:checking '/home/guichen/Documents/drone-radar-fusion/install/radar' for CMake config files
[39.281s] Level 1:colcon.colcon_core.shell:create_environment_hook('radar', 'cmake_prefix_path')
[39.281s] INFO:colcon.colcon_core.shell:Creating environment hook '/home/guichen/Documents/drone-radar-fusion/install/radar/share/radar/hook/cmake_prefix_path.ps1'
[39.281s] INFO:colcon.colcon_core.shell:Creating environment descriptor '/home/guichen/Documents/drone-radar-fusion/install/radar/share/radar/hook/cmake_prefix_path.dsv'
[39.281s] INFO:colcon.colcon_core.shell:Creating environment hook '/home/guichen/Documents/drone-radar-fusion/install/radar/share/radar/hook/cmake_prefix_path.sh'
[39.282s] Level 1:colcon.colcon_core.environment:checking '/home/guichen/Documents/drone-radar-fusion/install/radar/lib'
[39.282s] Level 1:colcon.colcon_core.environment:checking '/home/guichen/Documents/drone-radar-fusion/install/radar/bin'
[39.282s] Level 1:colcon.colcon_core.environment:checking '/home/guichen/Documents/drone-radar-fusion/install/radar/lib/pkgconfig/radar.pc'
[39.282s] Level 1:colcon.colcon_core.environment:checking '/home/guichen/Documents/drone-radar-fusion/install/radar/lib/python3.10/site-packages'
[39.282s] Level 1:colcon.colcon_core.environment:checking '/home/guichen/Documents/drone-radar-fusion/install/radar/bin'
[39.282s] INFO:colcon.colcon_core.shell:Creating package script '/home/guichen/Documents/drone-radar-fusion/install/radar/share/radar/package.ps1'
[39.283s] INFO:colcon.colcon_core.shell:Creating package descriptor '/home/guichen/Documents/drone-radar-fusion/install/radar/share/radar/package.dsv'
[39.283s] INFO:colcon.colcon_core.shell:Creating package script '/home/guichen/Documents/drone-radar-fusion/install/radar/share/radar/package.sh'
[39.283s] INFO:colcon.colcon_core.shell:Creating package script '/home/guichen/Documents/drone-radar-fusion/install/radar/share/radar/package.bash'
[39.284s] INFO:colcon.colcon_core.shell:Creating package script '/home/guichen/Documents/drone-radar-fusion/install/radar/share/radar/package.zsh'
[39.284s] Level 1:colcon.colcon_core.environment:create_file_with_runtime_dependencies(/home/guichen/Documents/drone-radar-fusion/install/radar/share/colcon-core/packages/radar)
[39.284s] Level 1:colcon.colcon_core.environment:create_environment_scripts_only(radar)
[39.284s] Level 1:colcon.colcon_core.environment:checking '/home/guichen/Documents/drone-radar-fusion/install/radar' for CMake module files
[39.285s] Level 1:colcon.colcon_core.environment:checking '/home/guichen/Documents/drone-radar-fusion/install/radar' for CMake config files
[39.285s] Level 1:colcon.colcon_core.shell:create_environment_hook('radar', 'cmake_prefix_path')
[39.285s] INFO:colcon.colcon_core.shell:Creating environment hook '/home/guichen/Documents/drone-radar-fusion/install/radar/share/radar/hook/cmake_prefix_path.ps1'
[39.285s] INFO:colcon.colcon_core.shell:Creating environment descriptor '/home/guichen/Documents/drone-radar-fusion/install/radar/share/radar/hook/cmake_prefix_path.dsv'
[39.285s] INFO:colcon.colcon_core.shell:Creating environment hook '/home/guichen/Documents/drone-radar-fusion/install/radar/share/radar/hook/cmake_prefix_path.sh'
[39.286s] Level 1:colcon.colcon_core.environment:checking '/home/guichen/Documents/drone-radar-fusion/install/radar/lib'
[39.286s] Level 1:colcon.colcon_core.environment:checking '/home/guichen/Documents/drone-radar-fusion/install/radar/bin'
[39.286s] Level 1:colcon.colcon_core.environment:checking '/home/guichen/Documents/drone-radar-fusion/install/radar/lib/pkgconfig/radar.pc'
[39.286s] Level 1:colcon.colcon_core.environment:checking '/home/guichen/Documents/drone-radar-fusion/install/radar/lib/python3.10/site-packages'
[39.286s] Level 1:colcon.colcon_core.environment:checking '/home/guichen/Documents/drone-radar-fusion/install/radar/bin'
[39.286s] INFO:colcon.colcon_core.shell:Creating package script '/home/guichen/Documents/drone-radar-fusion/install/radar/share/radar/package.ps1'
[39.287s] INFO:colcon.colcon_core.shell:Creating package descriptor '/home/guichen/Documents/drone-radar-fusion/install/radar/share/radar/package.dsv'
[39.287s] INFO:colcon.colcon_core.shell:Creating package script '/home/guichen/Documents/drone-radar-fusion/install/radar/share/radar/package.sh'
[39.287s] INFO:colcon.colcon_core.shell:Creating package script '/home/guichen/Documents/drone-radar-fusion/install/radar/share/radar/package.bash'
[39.288s] INFO:colcon.colcon_core.shell:Creating package script '/home/guichen/Documents/drone-radar-fusion/install/radar/share/radar/package.zsh'
[39.288s] Level 1:colcon.colcon_core.environment:create_file_with_runtime_dependencies(/home/guichen/Documents/drone-radar-fusion/install/radar/share/colcon-core/packages/radar)
[39.288s] DEBUG:colcon.colcon_parallel_executor.executor.parallel:closing loop
[39.288s] DEBUG:colcon.colcon_parallel_executor.executor.parallel:loop closed
[39.288s] DEBUG:colcon.colcon_parallel_executor.executor.parallel:run_until_complete finished with '0'
[39.288s] DEBUG:colcon.colcon_core.event_reactor:joining thread
[39.292s] INFO:colcon.colcon_core.plugin_system:Skipping extension 'colcon_notification.desktop_notification.terminal_notifier': Not used on non-Darwin systems
[39.292s] INFO:colcon.colcon_core.plugin_system:Skipping extension 'colcon_notification.desktop_notification.win32': Not used on non-Windows systems
[39.292s] INFO:colcon.colcon_notification.desktop_notification:Sending desktop notification using 'notify2'
[39.300s] DEBUG:colcon.colcon_core.event_reactor:joined thread
[39.300s] INFO:colcon.colcon_core.shell:Creating prefix script '/home/guichen/Documents/drone-radar-fusion/install/local_setup.ps1'
[39.301s] INFO:colcon.colcon_core.shell:Creating prefix util module '/home/guichen/Documents/drone-radar-fusion/install/_local_setup_util_ps1.py'
[39.302s] INFO:colcon.colcon_core.shell:Creating prefix chain script '/home/guichen/Documents/drone-radar-fusion/install/setup.ps1'
[39.303s] INFO:colcon.colcon_core.shell:Creating prefix script '/home/guichen/Documents/drone-radar-fusion/install/local_setup.sh'
[39.304s] INFO:colcon.colcon_core.shell:Creating prefix util module '/home/guichen/Documents/drone-radar-fusion/install/_local_setup_util_sh.py'
[39.304s] INFO:colcon.colcon_core.shell:Creating prefix chain script '/home/guichen/Documents/drone-radar-fusion/install/setup.sh'
[39.305s] INFO:colcon.colcon_core.shell:Creating prefix script '/home/guichen/Documents/drone-radar-fusion/install/local_setup.bash'
[39.305s] INFO:colcon.colcon_core.shell:Creating prefix chain script '/home/guichen/Documents/drone-radar-fusion/install/setup.bash'
[39.306s] INFO:colcon.colcon_core.shell:Creating prefix script '/home/guichen/Documents/drone-radar-fusion/install/local_setup.zsh'
[39.306s] INFO:colcon.colcon_core.shell:Creating prefix chain script '/home/guichen/Documents/drone-radar-fusion/install/setup.zsh'
