[0.061s] DEBUG:colcon:Command line arguments: ['/usr/bin/colcon', 'build', '--packages-select', 'radar', 'camera_vision', 'fusion', '--symlink-install', '--cmake-args', '-DCMAKE_BUILD_TYPE=Release', '--parallel-workers', '4']
[0.061s] DEBUG:colcon:Parsed command line arguments: Namespace(log_base=None, log_level=None, verb_name='build', build_base='build', install_base='install', merge_install=False, symlink_install=True, test_result_base=None, continue_on_error=False, executor='parallel', parallel_workers=4, event_handlers=None, ignore_user_meta=False, metas=['./colcon.meta'], base_paths=['.'], packages_ignore=None, packages_ignore_regex=None, paths=None, packages_up_to=None, packages_up_to_regex=None, packages_above=None, packages_above_and_dependencies=None, packages_above_depth=None, packages_select_by_dep=None, packages_skip_by_dep=None, packages_skip_up_to=None, packages_select_build_failed=False, packages_skip_build_finished=False, packages_select_test_failures=False, packages_skip_test_passed=False, packages_select=['radar', 'camera_vision', 'fusion'], packages_skip=None, packages_select_regex=None, packages_skip_regex=None, packages_start=None, packages_end=None, allow_overriding=[], cmake_args=['-DCMAKE_BUILD_TYPE=Release'], cmake_target=None, cmake_target_skip_unavailable=False, cmake_clean_cache=False, cmake_clean_first=False, cmake_force_configure=False, ament_cmake_args=None, catkin_cmake_args=None, catkin_skip_building_tests=False, verb_parser=<colcon_defaults.argument_parser.defaults.DefaultArgumentsDecorator object at 0x7669e8eeb4c0>, verb_extension=<colcon_core.verb.build.BuildVerb object at 0x7669e8eea410>, main=<bound method BuildVerb.main of <colcon_core.verb.build.BuildVerb object at 0x7669e8eea410>>)
[0.155s] Level 1:colcon.colcon_core.package_discovery:discover_packages(colcon_meta) check parameters
[0.155s] Level 1:colcon.colcon_core.package_discovery:discover_packages(recursive) check parameters
[0.155s] Level 1:colcon.colcon_core.package_discovery:discover_packages(ignore) check parameters
[0.155s] Level 1:colcon.colcon_core.package_discovery:discover_packages(path) check parameters
[0.155s] Level 1:colcon.colcon_core.package_discovery:discover_packages(colcon_meta) discover
[0.155s] Level 1:colcon.colcon_core.package_discovery:discover_packages(recursive) discover
[0.156s] INFO:colcon.colcon_core.package_discovery:Crawling recursively for packages in '/home/guichen/Documents/drone-radar-fusion'
[0.156s] Level 1:colcon.colcon_core.package_identification:_identify(.) by extensions ['ignore', 'ignore_ament_install']
[0.156s] Level 1:colcon.colcon_core.package_identification:_identify(.) by extension 'ignore'
[0.156s] Level 1:colcon.colcon_core.package_identification:_identify(.) by extension 'ignore_ament_install'
[0.156s] Level 1:colcon.colcon_core.package_identification:_identify(.) by extensions ['colcon_pkg']
[0.156s] Level 1:colcon.colcon_core.package_identification:_identify(.) by extension 'colcon_pkg'
[0.156s] Level 1:colcon.colcon_core.package_identification:_identify(.) by extensions ['colcon_meta']
[0.156s] Level 1:colcon.colcon_core.package_identification:_identify(.) by extension 'colcon_meta'
[0.156s] Level 1:colcon.colcon_core.package_identification:_identify(.) by extensions ['ros']
[0.156s] Level 1:colcon.colcon_core.package_identification:_identify(.) by extension 'ros'
[0.163s] Level 1:colcon.colcon_core.package_identification:_identify(.) by extensions ['cmake', 'python']
[0.164s] Level 1:colcon.colcon_core.package_identification:_identify(.) by extension 'cmake'
[0.164s] Level 1:colcon.colcon_core.package_identification:_identify(.) by extension 'python'
[0.164s] Level 1:colcon.colcon_core.package_identification:_identify(.) by extensions ['python_setup_py']
[0.164s] Level 1:colcon.colcon_core.package_identification:_identify(.) by extension 'python_setup_py'
[0.164s] Level 1:colcon.colcon_core.package_identification:_identify(build) by extensions ['ignore', 'ignore_ament_install']
[0.164s] Level 1:colcon.colcon_core.package_identification:_identify(build) by extension 'ignore'
[0.164s] Level 1:colcon.colcon_core.package_identification:_identify(build) ignored
[0.164s] Level 1:colcon.colcon_core.package_identification:_identify(config) by extensions ['ignore', 'ignore_ament_install']
[0.164s] Level 1:colcon.colcon_core.package_identification:_identify(config) by extension 'ignore'
[0.164s] Level 1:colcon.colcon_core.package_identification:_identify(config) by extension 'ignore_ament_install'
[0.164s] Level 1:colcon.colcon_core.package_identification:_identify(config) by extensions ['colcon_pkg']
[0.164s] Level 1:colcon.colcon_core.package_identification:_identify(config) by extension 'colcon_pkg'
[0.164s] Level 1:colcon.colcon_core.package_identification:_identify(config) by extensions ['colcon_meta']
[0.164s] Level 1:colcon.colcon_core.package_identification:_identify(config) by extension 'colcon_meta'
[0.164s] Level 1:colcon.colcon_core.package_identification:_identify(config) by extensions ['ros']
[0.164s] Level 1:colcon.colcon_core.package_identification:_identify(config) by extension 'ros'
[0.164s] Level 1:colcon.colcon_core.package_identification:_identify(config) by extensions ['cmake', 'python']
[0.164s] Level 1:colcon.colcon_core.package_identification:_identify(config) by extension 'cmake'
[0.164s] Level 1:colcon.colcon_core.package_identification:_identify(config) by extension 'python'
[0.164s] Level 1:colcon.colcon_core.package_identification:_identify(config) by extensions ['python_setup_py']
[0.164s] Level 1:colcon.colcon_core.package_identification:_identify(config) by extension 'python_setup_py'
[0.164s] Level 1:colcon.colcon_core.package_identification:_identify(config/calib_tool) by extensions ['ignore', 'ignore_ament_install']
[0.164s] Level 1:colcon.colcon_core.package_identification:_identify(config/calib_tool) by extension 'ignore'
[0.164s] Level 1:colcon.colcon_core.package_identification:_identify(config/calib_tool) by extension 'ignore_ament_install'
[0.164s] Level 1:colcon.colcon_core.package_identification:_identify(config/calib_tool) by extensions ['colcon_pkg']
[0.164s] Level 1:colcon.colcon_core.package_identification:_identify(config/calib_tool) by extension 'colcon_pkg'
[0.164s] Level 1:colcon.colcon_core.package_identification:_identify(config/calib_tool) by extensions ['colcon_meta']
[0.164s] Level 1:colcon.colcon_core.package_identification:_identify(config/calib_tool) by extension 'colcon_meta'
[0.164s] Level 1:colcon.colcon_core.package_identification:_identify(config/calib_tool) by extensions ['ros']
[0.164s] Level 1:colcon.colcon_core.package_identification:_identify(config/calib_tool) by extension 'ros'
[0.164s] Level 1:colcon.colcon_core.package_identification:_identify(config/calib_tool) by extensions ['cmake', 'python']
[0.165s] Level 1:colcon.colcon_core.package_identification:_identify(config/calib_tool) by extension 'cmake'
[0.165s] Level 1:colcon.colcon_core.package_identification:_identify(config/calib_tool) by extension 'python'
[0.165s] Level 1:colcon.colcon_core.package_identification:_identify(config/calib_tool) by extensions ['python_setup_py']
[0.165s] Level 1:colcon.colcon_core.package_identification:_identify(config/calib_tool) by extension 'python_setup_py'
[0.165s] Level 1:colcon.colcon_core.package_identification:_identify(install) by extensions ['ignore', 'ignore_ament_install']
[0.165s] Level 1:colcon.colcon_core.package_identification:_identify(install) by extension 'ignore'
[0.165s] Level 1:colcon.colcon_core.package_identification:_identify(install) ignored
[0.165s] Level 1:colcon.colcon_core.package_identification:_identify(launch) by extensions ['ignore', 'ignore_ament_install']
[0.165s] Level 1:colcon.colcon_core.package_identification:_identify(launch) by extension 'ignore'
[0.165s] Level 1:colcon.colcon_core.package_identification:_identify(launch) by extension 'ignore_ament_install'
[0.165s] Level 1:colcon.colcon_core.package_identification:_identify(launch) by extensions ['colcon_pkg']
[0.165s] Level 1:colcon.colcon_core.package_identification:_identify(launch) by extension 'colcon_pkg'
[0.165s] Level 1:colcon.colcon_core.package_identification:_identify(launch) by extensions ['colcon_meta']
[0.165s] Level 1:colcon.colcon_core.package_identification:_identify(launch) by extension 'colcon_meta'
[0.165s] Level 1:colcon.colcon_core.package_identification:_identify(launch) by extensions ['ros']
[0.165s] Level 1:colcon.colcon_core.package_identification:_identify(launch) by extension 'ros'
[0.165s] Level 1:colcon.colcon_core.package_identification:_identify(launch) by extensions ['cmake', 'python']
[0.165s] Level 1:colcon.colcon_core.package_identification:_identify(launch) by extension 'cmake'
[0.165s] Level 1:colcon.colcon_core.package_identification:_identify(launch) by extension 'python'
[0.165s] Level 1:colcon.colcon_core.package_identification:_identify(launch) by extensions ['python_setup_py']
[0.165s] Level 1:colcon.colcon_core.package_identification:_identify(launch) by extension 'python_setup_py'
[0.165s] Level 1:colcon.colcon_core.package_identification:_identify(log) by extensions ['ignore', 'ignore_ament_install']
[0.165s] Level 1:colcon.colcon_core.package_identification:_identify(log) by extension 'ignore'
[0.165s] Level 1:colcon.colcon_core.package_identification:_identify(log) ignored
[0.165s] Level 1:colcon.colcon_core.package_identification:_identify(model) by extensions ['ignore', 'ignore_ament_install']
[0.165s] Level 1:colcon.colcon_core.package_identification:_identify(model) by extension 'ignore'
[0.165s] Level 1:colcon.colcon_core.package_identification:_identify(model) by extension 'ignore_ament_install'
[0.165s] Level 1:colcon.colcon_core.package_identification:_identify(model) by extensions ['colcon_pkg']
[0.165s] Level 1:colcon.colcon_core.package_identification:_identify(model) by extension 'colcon_pkg'
[0.165s] Level 1:colcon.colcon_core.package_identification:_identify(model) by extensions ['colcon_meta']
[0.165s] Level 1:colcon.colcon_core.package_identification:_identify(model) by extension 'colcon_meta'
[0.165s] Level 1:colcon.colcon_core.package_identification:_identify(model) by extensions ['ros']
[0.165s] Level 1:colcon.colcon_core.package_identification:_identify(model) by extension 'ros'
[0.166s] Level 1:colcon.colcon_core.package_identification:_identify(model) by extensions ['cmake', 'python']
[0.166s] Level 1:colcon.colcon_core.package_identification:_identify(model) by extension 'cmake'
[0.166s] Level 1:colcon.colcon_core.package_identification:_identify(model) by extension 'python'
[0.166s] Level 1:colcon.colcon_core.package_identification:_identify(model) by extensions ['python_setup_py']
[0.166s] Level 1:colcon.colcon_core.package_identification:_identify(model) by extension 'python_setup_py'
[0.166s] Level 1:colcon.colcon_core.package_identification:_identify(model/ONNX) by extensions ['ignore', 'ignore_ament_install']
[0.166s] Level 1:colcon.colcon_core.package_identification:_identify(model/ONNX) by extension 'ignore'
[0.166s] Level 1:colcon.colcon_core.package_identification:_identify(model/ONNX) by extension 'ignore_ament_install'
[0.166s] Level 1:colcon.colcon_core.package_identification:_identify(model/ONNX) by extensions ['colcon_pkg']
[0.166s] Level 1:colcon.colcon_core.package_identification:_identify(model/ONNX) by extension 'colcon_pkg'
[0.166s] Level 1:colcon.colcon_core.package_identification:_identify(model/ONNX) by extensions ['colcon_meta']
[0.166s] Level 1:colcon.colcon_core.package_identification:_identify(model/ONNX) by extension 'colcon_meta'
[0.166s] Level 1:colcon.colcon_core.package_identification:_identify(model/ONNX) by extensions ['ros']
[0.166s] Level 1:colcon.colcon_core.package_identification:_identify(model/ONNX) by extension 'ros'
[0.166s] Level 1:colcon.colcon_core.package_identification:_identify(model/ONNX) by extensions ['cmake', 'python']
[0.166s] Level 1:colcon.colcon_core.package_identification:_identify(model/ONNX) by extension 'cmake'
[0.166s] Level 1:colcon.colcon_core.package_identification:_identify(model/ONNX) by extension 'python'
[0.166s] Level 1:colcon.colcon_core.package_identification:_identify(model/ONNX) by extensions ['python_setup_py']
[0.166s] Level 1:colcon.colcon_core.package_identification:_identify(model/ONNX) by extension 'python_setup_py'
[0.166s] Level 1:colcon.colcon_core.package_identification:_identify(scripts) by extensions ['ignore', 'ignore_ament_install']
[0.166s] Level 1:colcon.colcon_core.package_identification:_identify(scripts) by extension 'ignore'
[0.166s] Level 1:colcon.colcon_core.package_identification:_identify(scripts) by extension 'ignore_ament_install'
[0.166s] Level 1:colcon.colcon_core.package_identification:_identify(scripts) by extensions ['colcon_pkg']
[0.166s] Level 1:colcon.colcon_core.package_identification:_identify(scripts) by extension 'colcon_pkg'
[0.166s] Level 1:colcon.colcon_core.package_identification:_identify(scripts) by extensions ['colcon_meta']
[0.166s] Level 1:colcon.colcon_core.package_identification:_identify(scripts) by extension 'colcon_meta'
[0.166s] Level 1:colcon.colcon_core.package_identification:_identify(scripts) by extensions ['ros']
[0.166s] Level 1:colcon.colcon_core.package_identification:_identify(scripts) by extension 'ros'
[0.166s] Level 1:colcon.colcon_core.package_identification:_identify(scripts) by extensions ['cmake', 'python']
[0.166s] Level 1:colcon.colcon_core.package_identification:_identify(scripts) by extension 'cmake'
[0.166s] Level 1:colcon.colcon_core.package_identification:_identify(scripts) by extension 'python'
[0.166s] Level 1:colcon.colcon_core.package_identification:_identify(scripts) by extensions ['python_setup_py']
[0.166s] Level 1:colcon.colcon_core.package_identification:_identify(scripts) by extension 'python_setup_py'
[0.166s] Level 1:colcon.colcon_core.package_identification:_identify(src) by extensions ['ignore', 'ignore_ament_install']
[0.166s] Level 1:colcon.colcon_core.package_identification:_identify(src) by extension 'ignore'
[0.166s] Level 1:colcon.colcon_core.package_identification:_identify(src) by extension 'ignore_ament_install'
[0.166s] Level 1:colcon.colcon_core.package_identification:_identify(src) by extensions ['colcon_pkg']
[0.167s] Level 1:colcon.colcon_core.package_identification:_identify(src) by extension 'colcon_pkg'
[0.167s] Level 1:colcon.colcon_core.package_identification:_identify(src) by extensions ['colcon_meta']
[0.167s] Level 1:colcon.colcon_core.package_identification:_identify(src) by extension 'colcon_meta'
[0.167s] Level 1:colcon.colcon_core.package_identification:_identify(src) by extensions ['ros']
[0.167s] Level 1:colcon.colcon_core.package_identification:_identify(src) by extension 'ros'
[0.167s] Level 1:colcon.colcon_core.package_identification:_identify(src) by extensions ['cmake', 'python']
[0.167s] Level 1:colcon.colcon_core.package_identification:_identify(src) by extension 'cmake'
[0.167s] Level 1:colcon.colcon_core.package_identification:_identify(src) by extension 'python'
[0.167s] Level 1:colcon.colcon_core.package_identification:_identify(src) by extensions ['python_setup_py']
[0.167s] Level 1:colcon.colcon_core.package_identification:_identify(src) by extension 'python_setup_py'
[0.167s] Level 1:colcon.colcon_core.package_identification:_identify(src/camera_vision) by extensions ['ignore', 'ignore_ament_install']
[0.167s] Level 1:colcon.colcon_core.package_identification:_identify(src/camera_vision) by extension 'ignore'
[0.167s] Level 1:colcon.colcon_core.package_identification:_identify(src/camera_vision) by extension 'ignore_ament_install'
[0.167s] Level 1:colcon.colcon_core.package_identification:_identify(src/camera_vision) by extensions ['colcon_pkg']
[0.167s] Level 1:colcon.colcon_core.package_identification:_identify(src/camera_vision) by extension 'colcon_pkg'
[0.167s] Level 1:colcon.colcon_core.package_identification:_identify(src/camera_vision) by extensions ['colcon_meta']
[0.167s] Level 1:colcon.colcon_core.package_identification:_identify(src/camera_vision) by extension 'colcon_meta'
[0.167s] Level 1:colcon.colcon_core.package_identification:_identify(src/camera_vision) by extensions ['ros']
[0.167s] Level 1:colcon.colcon_core.package_identification:_identify(src/camera_vision) by extension 'ros'
[0.169s] DEBUG:colcon.colcon_core.package_identification:Package 'src/camera_vision' with type 'ros.ament_cmake' and name 'camera_vision'
[0.169s] Level 1:colcon.colcon_core.package_identification:_identify(src/fusion) by extensions ['ignore', 'ignore_ament_install']
[0.169s] Level 1:colcon.colcon_core.package_identification:_identify(src/fusion) by extension 'ignore'
[0.169s] Level 1:colcon.colcon_core.package_identification:_identify(src/fusion) by extension 'ignore_ament_install'
[0.169s] Level 1:colcon.colcon_core.package_identification:_identify(src/fusion) by extensions ['colcon_pkg']
[0.169s] Level 1:colcon.colcon_core.package_identification:_identify(src/fusion) by extension 'colcon_pkg'
[0.169s] Level 1:colcon.colcon_core.package_identification:_identify(src/fusion) by extensions ['colcon_meta']
[0.169s] Level 1:colcon.colcon_core.package_identification:_identify(src/fusion) by extension 'colcon_meta'
[0.169s] Level 1:colcon.colcon_core.package_identification:_identify(src/fusion) by extensions ['ros']
[0.169s] Level 1:colcon.colcon_core.package_identification:_identify(src/fusion) by extension 'ros'
[0.170s] DEBUG:colcon.colcon_core.package_identification:Package 'src/fusion' with type 'ros.ament_cmake' and name 'fusion'
[0.170s] Level 1:colcon.colcon_core.package_identification:_identify(src/hik_camera) by extensions ['ignore', 'ignore_ament_install']
[0.170s] Level 1:colcon.colcon_core.package_identification:_identify(src/hik_camera) by extension 'ignore'
[0.170s] Level 1:colcon.colcon_core.package_identification:_identify(src/hik_camera) by extension 'ignore_ament_install'
[0.170s] Level 1:colcon.colcon_core.package_identification:_identify(src/hik_camera) by extensions ['colcon_pkg']
[0.170s] Level 1:colcon.colcon_core.package_identification:_identify(src/hik_camera) by extension 'colcon_pkg'
[0.170s] Level 1:colcon.colcon_core.package_identification:_identify(src/hik_camera) by extensions ['colcon_meta']
[0.170s] Level 1:colcon.colcon_core.package_identification:_identify(src/hik_camera) by extension 'colcon_meta'
[0.170s] Level 1:colcon.colcon_core.package_identification:_identify(src/hik_camera) by extensions ['ros']
[0.170s] Level 1:colcon.colcon_core.package_identification:_identify(src/hik_camera) by extension 'ros'
[0.171s] DEBUG:colcon.colcon_core.package_identification:Package 'src/hik_camera' with type 'ros.ament_cmake' and name 'hik_camera_ros2_driver'
[0.171s] Level 1:colcon.colcon_core.package_identification:_identify(src/interface) by extensions ['ignore', 'ignore_ament_install']
[0.171s] Level 1:colcon.colcon_core.package_identification:_identify(src/interface) by extension 'ignore'
[0.171s] Level 1:colcon.colcon_core.package_identification:_identify(src/interface) by extension 'ignore_ament_install'
[0.171s] Level 1:colcon.colcon_core.package_identification:_identify(src/interface) by extensions ['colcon_pkg']
[0.171s] Level 1:colcon.colcon_core.package_identification:_identify(src/interface) by extension 'colcon_pkg'
[0.171s] Level 1:colcon.colcon_core.package_identification:_identify(src/interface) by extensions ['colcon_meta']
[0.171s] Level 1:colcon.colcon_core.package_identification:_identify(src/interface) by extension 'colcon_meta'
[0.171s] Level 1:colcon.colcon_core.package_identification:_identify(src/interface) by extensions ['ros']
[0.171s] Level 1:colcon.colcon_core.package_identification:_identify(src/interface) by extension 'ros'
[0.171s] DEBUG:colcon.colcon_core.package_identification:Package 'src/interface' with type 'ros.ament_cmake' and name 'interface'
[0.171s] Level 1:colcon.colcon_core.package_identification:_identify(src/livox_driver) by extensions ['ignore', 'ignore_ament_install']
[0.171s] Level 1:colcon.colcon_core.package_identification:_identify(src/livox_driver) by extension 'ignore'
[0.171s] Level 1:colcon.colcon_core.package_identification:_identify(src/livox_driver) by extension 'ignore_ament_install'
[0.171s] Level 1:colcon.colcon_core.package_identification:_identify(src/livox_driver) by extensions ['colcon_pkg']
[0.171s] Level 1:colcon.colcon_core.package_identification:_identify(src/livox_driver) by extension 'colcon_pkg'
[0.171s] Level 1:colcon.colcon_core.package_identification:_identify(src/livox_driver) by extensions ['colcon_meta']
[0.172s] Level 1:colcon.colcon_core.package_identification:_identify(src/livox_driver) by extension 'colcon_meta'
[0.172s] Level 1:colcon.colcon_core.package_identification:_identify(src/livox_driver) by extensions ['ros']
[0.172s] Level 1:colcon.colcon_core.package_identification:_identify(src/livox_driver) by extension 'ros'
[0.172s] Level 1:colcon.colcon_core.package_identification:_identify(src/livox_driver) by extensions ['cmake', 'python']
[0.172s] Level 1:colcon.colcon_core.package_identification:_identify(src/livox_driver) by extension 'cmake'
[0.172s] Level 1:colcon.colcon_core.package_identification:_identify(src/livox_driver) by extension 'python'
[0.172s] Level 1:colcon.colcon_core.package_identification:_identify(src/livox_driver) by extensions ['python_setup_py']
[0.172s] Level 1:colcon.colcon_core.package_identification:_identify(src/livox_driver) by extension 'python_setup_py'
[0.172s] Level 1:colcon.colcon_core.package_identification:_identify(src/livox_driver/images) by extensions ['ignore', 'ignore_ament_install']
[0.172s] Level 1:colcon.colcon_core.package_identification:_identify(src/livox_driver/images) by extension 'ignore'
[0.172s] Level 1:colcon.colcon_core.package_identification:_identify(src/livox_driver/images) by extension 'ignore_ament_install'
[0.172s] Level 1:colcon.colcon_core.package_identification:_identify(src/livox_driver/images) by extensions ['colcon_pkg']
[0.172s] Level 1:colcon.colcon_core.package_identification:_identify(src/livox_driver/images) by extension 'colcon_pkg'
[0.172s] Level 1:colcon.colcon_core.package_identification:_identify(src/livox_driver/images) by extensions ['colcon_meta']
[0.172s] Level 1:colcon.colcon_core.package_identification:_identify(src/livox_driver/images) by extension 'colcon_meta'
[0.172s] Level 1:colcon.colcon_core.package_identification:_identify(src/livox_driver/images) by extensions ['ros']
[0.172s] Level 1:colcon.colcon_core.package_identification:_identify(src/livox_driver/images) by extension 'ros'
[0.172s] Level 1:colcon.colcon_core.package_identification:_identify(src/livox_driver/images) by extensions ['cmake', 'python']
[0.172s] Level 1:colcon.colcon_core.package_identification:_identify(src/livox_driver/images) by extension 'cmake'
[0.172s] Level 1:colcon.colcon_core.package_identification:_identify(src/livox_driver/images) by extension 'python'
[0.172s] Level 1:colcon.colcon_core.package_identification:_identify(src/livox_driver/images) by extensions ['python_setup_py']
[0.172s] Level 1:colcon.colcon_core.package_identification:_identify(src/livox_driver/images) by extension 'python_setup_py'
[0.172s] Level 1:colcon.colcon_core.package_identification:_identify(src/livox_driver/livox_interfaces) by extensions ['ignore', 'ignore_ament_install']
[0.172s] Level 1:colcon.colcon_core.package_identification:_identify(src/livox_driver/livox_interfaces) by extension 'ignore'
[0.172s] Level 1:colcon.colcon_core.package_identification:_identify(src/livox_driver/livox_interfaces) by extension 'ignore_ament_install'
[0.172s] Level 1:colcon.colcon_core.package_identification:_identify(src/livox_driver/livox_interfaces) by extensions ['colcon_pkg']
[0.172s] Level 1:colcon.colcon_core.package_identification:_identify(src/livox_driver/livox_interfaces) by extension 'colcon_pkg'
[0.172s] Level 1:colcon.colcon_core.package_identification:_identify(src/livox_driver/livox_interfaces) by extensions ['colcon_meta']
[0.172s] Level 1:colcon.colcon_core.package_identification:_identify(src/livox_driver/livox_interfaces) by extension 'colcon_meta'
[0.172s] Level 1:colcon.colcon_core.package_identification:_identify(src/livox_driver/livox_interfaces) by extensions ['ros']
[0.172s] Level 1:colcon.colcon_core.package_identification:_identify(src/livox_driver/livox_interfaces) by extension 'ros'
[0.173s] DEBUG:colcon.colcon_core.package_identification:Package 'src/livox_driver/livox_interfaces' with type 'ros.ament_cmake' and name 'livox_interfaces'
[0.173s] Level 1:colcon.colcon_core.package_identification:_identify(src/livox_driver/livox_ros2_avia) by extensions ['ignore', 'ignore_ament_install']
[0.173s] Level 1:colcon.colcon_core.package_identification:_identify(src/livox_driver/livox_ros2_avia) by extension 'ignore'
[0.173s] Level 1:colcon.colcon_core.package_identification:_identify(src/livox_driver/livox_ros2_avia) by extension 'ignore_ament_install'
[0.173s] Level 1:colcon.colcon_core.package_identification:_identify(src/livox_driver/livox_ros2_avia) by extensions ['colcon_pkg']
[0.173s] Level 1:colcon.colcon_core.package_identification:_identify(src/livox_driver/livox_ros2_avia) by extension 'colcon_pkg'
[0.173s] Level 1:colcon.colcon_core.package_identification:_identify(src/livox_driver/livox_ros2_avia) by extensions ['colcon_meta']
[0.173s] Level 1:colcon.colcon_core.package_identification:_identify(src/livox_driver/livox_ros2_avia) by extension 'colcon_meta'
[0.173s] Level 1:colcon.colcon_core.package_identification:_identify(src/livox_driver/livox_ros2_avia) by extensions ['ros']
[0.173s] Level 1:colcon.colcon_core.package_identification:_identify(src/livox_driver/livox_ros2_avia) by extension 'ros'
[0.174s] DEBUG:colcon.colcon_core.package_identification:Package 'src/livox_driver/livox_ros2_avia' with type 'ros.ament_cmake' and name 'livox_ros2_avia'
[0.174s] Level 1:colcon.colcon_core.package_identification:_identify(src/livox_driver/livox_sdk_vendor) by extensions ['ignore', 'ignore_ament_install']
[0.174s] Level 1:colcon.colcon_core.package_identification:_identify(src/livox_driver/livox_sdk_vendor) by extension 'ignore'
[0.174s] Level 1:colcon.colcon_core.package_identification:_identify(src/livox_driver/livox_sdk_vendor) by extension 'ignore_ament_install'
[0.174s] Level 1:colcon.colcon_core.package_identification:_identify(src/livox_driver/livox_sdk_vendor) by extensions ['colcon_pkg']
[0.174s] Level 1:colcon.colcon_core.package_identification:_identify(src/livox_driver/livox_sdk_vendor) by extension 'colcon_pkg'
[0.174s] Level 1:colcon.colcon_core.package_identification:_identify(src/livox_driver/livox_sdk_vendor) by extensions ['colcon_meta']
[0.174s] Level 1:colcon.colcon_core.package_identification:_identify(src/livox_driver/livox_sdk_vendor) by extension 'colcon_meta'
[0.174s] Level 1:colcon.colcon_core.package_identification:_identify(src/livox_driver/livox_sdk_vendor) by extensions ['ros']
[0.174s] Level 1:colcon.colcon_core.package_identification:_identify(src/livox_driver/livox_sdk_vendor) by extension 'ros'
[0.174s] DEBUG:colcon.colcon_core.package_identification:Package 'src/livox_driver/livox_sdk_vendor' with type 'ros.ament_cmake' and name 'livox_sdk_vendor'
[0.175s] Level 1:colcon.colcon_core.package_identification:_identify(src/radar) by extensions ['ignore', 'ignore_ament_install']
[0.175s] Level 1:colcon.colcon_core.package_identification:_identify(src/radar) by extension 'ignore'
[0.175s] Level 1:colcon.colcon_core.package_identification:_identify(src/radar) by extension 'ignore_ament_install'
[0.175s] Level 1:colcon.colcon_core.package_identification:_identify(src/radar) by extensions ['colcon_pkg']
[0.175s] Level 1:colcon.colcon_core.package_identification:_identify(src/radar) by extension 'colcon_pkg'
[0.175s] Level 1:colcon.colcon_core.package_identification:_identify(src/radar) by extensions ['colcon_meta']
[0.175s] Level 1:colcon.colcon_core.package_identification:_identify(src/radar) by extension 'colcon_meta'
[0.175s] Level 1:colcon.colcon_core.package_identification:_identify(src/radar) by extensions ['ros']
[0.175s] Level 1:colcon.colcon_core.package_identification:_identify(src/radar) by extension 'ros'
[0.175s] DEBUG:colcon.colcon_core.package_identification:Package 'src/radar' with type 'ros.ament_cmake' and name 'radar'
[0.175s] Level 1:colcon.colcon_core.package_identification:_identify(src/utils) by extensions ['ignore', 'ignore_ament_install']
[0.175s] Level 1:colcon.colcon_core.package_identification:_identify(src/utils) by extension 'ignore'
[0.176s] Level 1:colcon.colcon_core.package_identification:_identify(src/utils) by extension 'ignore_ament_install'
[0.176s] Level 1:colcon.colcon_core.package_identification:_identify(src/utils) by extensions ['colcon_pkg']
[0.176s] Level 1:colcon.colcon_core.package_identification:_identify(src/utils) by extension 'colcon_pkg'
[0.176s] Level 1:colcon.colcon_core.package_identification:_identify(src/utils) by extensions ['colcon_meta']
[0.176s] Level 1:colcon.colcon_core.package_identification:_identify(src/utils) by extension 'colcon_meta'
[0.176s] Level 1:colcon.colcon_core.package_identification:_identify(src/utils) by extensions ['ros']
[0.176s] Level 1:colcon.colcon_core.package_identification:_identify(src/utils) by extension 'ros'
[0.176s] Level 1:colcon.colcon_core.package_identification:_identify(src/utils) by extensions ['cmake', 'python']
[0.176s] Level 1:colcon.colcon_core.package_identification:_identify(src/utils) by extension 'cmake'
[0.176s] Level 1:colcon.colcon_core.package_identification:_identify(src/utils) by extension 'python'
[0.176s] Level 1:colcon.colcon_core.package_identification:_identify(src/utils) by extensions ['python_setup_py']
[0.176s] Level 1:colcon.colcon_core.package_identification:_identify(src/utils) by extension 'python_setup_py'
[0.176s] Level 1:colcon.colcon_core.package_identification:_identify(src/utils/include) by extensions ['ignore', 'ignore_ament_install']
[0.176s] Level 1:colcon.colcon_core.package_identification:_identify(src/utils/include) by extension 'ignore'
[0.176s] Level 1:colcon.colcon_core.package_identification:_identify(src/utils/include) by extension 'ignore_ament_install'
[0.176s] Level 1:colcon.colcon_core.package_identification:_identify(src/utils/include) by extensions ['colcon_pkg']
[0.176s] Level 1:colcon.colcon_core.package_identification:_identify(src/utils/include) by extension 'colcon_pkg'
[0.176s] Level 1:colcon.colcon_core.package_identification:_identify(src/utils/include) by extensions ['colcon_meta']
[0.176s] Level 1:colcon.colcon_core.package_identification:_identify(src/utils/include) by extension 'colcon_meta'
[0.176s] Level 1:colcon.colcon_core.package_identification:_identify(src/utils/include) by extensions ['ros']
[0.176s] Level 1:colcon.colcon_core.package_identification:_identify(src/utils/include) by extension 'ros'
[0.176s] Level 1:colcon.colcon_core.package_identification:_identify(src/utils/include) by extensions ['cmake', 'python']
[0.176s] Level 1:colcon.colcon_core.package_identification:_identify(src/utils/include) by extension 'cmake'
[0.176s] Level 1:colcon.colcon_core.package_identification:_identify(src/utils/include) by extension 'python'
[0.176s] Level 1:colcon.colcon_core.package_identification:_identify(src/utils/include) by extensions ['python_setup_py']
[0.176s] Level 1:colcon.colcon_core.package_identification:_identify(src/utils/include) by extension 'python_setup_py'
[0.176s] Level 1:colcon.colcon_core.package_identification:_identify(src/utils/include/utils) by extensions ['ignore', 'ignore_ament_install']
[0.176s] Level 1:colcon.colcon_core.package_identification:_identify(src/utils/include/utils) by extension 'ignore'
[0.176s] Level 1:colcon.colcon_core.package_identification:_identify(src/utils/include/utils) by extension 'ignore_ament_install'
[0.176s] Level 1:colcon.colcon_core.package_identification:_identify(src/utils/include/utils) by extensions ['colcon_pkg']
[0.176s] Level 1:colcon.colcon_core.package_identification:_identify(src/utils/include/utils) by extension 'colcon_pkg'
[0.176s] Level 1:colcon.colcon_core.package_identification:_identify(src/utils/include/utils) by extensions ['colcon_meta']
[0.176s] Level 1:colcon.colcon_core.package_identification:_identify(src/utils/include/utils) by extension 'colcon_meta'
[0.176s] Level 1:colcon.colcon_core.package_identification:_identify(src/utils/include/utils) by extensions ['ros']
[0.176s] Level 1:colcon.colcon_core.package_identification:_identify(src/utils/include/utils) by extension 'ros'
[0.176s] Level 1:colcon.colcon_core.package_identification:_identify(src/utils/include/utils) by extensions ['cmake', 'python']
[0.176s] Level 1:colcon.colcon_core.package_identification:_identify(src/utils/include/utils) by extension 'cmake'
[0.177s] Level 1:colcon.colcon_core.package_identification:_identify(src/utils/include/utils) by extension 'python'
[0.177s] Level 1:colcon.colcon_core.package_identification:_identify(src/utils/include/utils) by extensions ['python_setup_py']
[0.177s] Level 1:colcon.colcon_core.package_identification:_identify(src/utils/include/utils) by extension 'python_setup_py'
[0.177s] Level 1:colcon.colcon_core.package_identification:_identify(src/web_dashboard) by extensions ['ignore', 'ignore_ament_install']
[0.177s] Level 1:colcon.colcon_core.package_identification:_identify(src/web_dashboard) by extension 'ignore'
[0.177s] Level 1:colcon.colcon_core.package_identification:_identify(src/web_dashboard) by extension 'ignore_ament_install'
[0.177s] Level 1:colcon.colcon_core.package_identification:_identify(src/web_dashboard) by extensions ['colcon_pkg']
[0.177s] Level 1:colcon.colcon_core.package_identification:_identify(src/web_dashboard) by extension 'colcon_pkg'
[0.177s] Level 1:colcon.colcon_core.package_identification:_identify(src/web_dashboard) by extensions ['colcon_meta']
[0.177s] Level 1:colcon.colcon_core.package_identification:_identify(src/web_dashboard) by extension 'colcon_meta'
[0.177s] Level 1:colcon.colcon_core.package_identification:_identify(src/web_dashboard) by extensions ['ros']
[0.177s] Level 1:colcon.colcon_core.package_identification:_identify(src/web_dashboard) by extension 'ros'
[0.177s] DEBUG:colcon.colcon_core.package_identification:Failed to parse potential ROS package manifest in'src/web_dashboard': Error(s) in package 'src/web_dashboard/package.xml':
The manifest must contain exactly one "name" tag
[0.177s] Level 1:colcon.colcon_core.package_identification:_identify(src/web_dashboard) by extensions ['cmake', 'python']
[0.177s] Level 1:colcon.colcon_core.package_identification:_identify(src/web_dashboard) by extension 'cmake'
[0.177s] Level 1:colcon.colcon_core.package_identification:_identify(src/web_dashboard) by extension 'python'
[0.177s] Level 1:colcon.colcon_core.package_identification:_identify(src/web_dashboard) by extensions ['python_setup_py']
[0.177s] Level 1:colcon.colcon_core.package_identification:_identify(src/web_dashboard) by extension 'python_setup_py'
[0.318s] DEBUG:colcon.colcon_core.package_identification:Package 'src/web_dashboard' with type 'python' and name 'web_dashboard'
[0.318s] Level 1:colcon.colcon_core.package_identification:_identify(watchDog) by extensions ['ignore', 'ignore_ament_install']
[0.318s] Level 1:colcon.colcon_core.package_identification:_identify(watchDog) by extension 'ignore'
[0.318s] Level 1:colcon.colcon_core.package_identification:_identify(watchDog) by extension 'ignore_ament_install'
[0.318s] Level 1:colcon.colcon_core.package_identification:_identify(watchDog) by extensions ['colcon_pkg']
[0.318s] Level 1:colcon.colcon_core.package_identification:_identify(watchDog) by extension 'colcon_pkg'
[0.318s] Level 1:colcon.colcon_core.package_identification:_identify(watchDog) by extensions ['colcon_meta']
[0.318s] Level 1:colcon.colcon_core.package_identification:_identify(watchDog) by extension 'colcon_meta'
[0.318s] Level 1:colcon.colcon_core.package_identification:_identify(watchDog) by extensions ['ros']
[0.318s] Level 1:colcon.colcon_core.package_identification:_identify(watchDog) by extension 'ros'
[0.318s] Level 1:colcon.colcon_core.package_identification:_identify(watchDog) by extensions ['cmake', 'python']
[0.318s] Level 1:colcon.colcon_core.package_identification:_identify(watchDog) by extension 'cmake'
[0.318s] Level 1:colcon.colcon_core.package_identification:_identify(watchDog) by extension 'python'
[0.318s] Level 1:colcon.colcon_core.package_identification:_identify(watchDog) by extensions ['python_setup_py']
[0.318s] Level 1:colcon.colcon_core.package_identification:_identify(watchDog) by extension 'python_setup_py'
[0.319s] Level 1:colcon.colcon_core.package_discovery:discover_packages(recursive) using defaults
[0.319s] Level 1:colcon.colcon_core.package_discovery:discover_packages(ignore) discover
[0.319s] Level 1:colcon.colcon_core.package_discovery:discover_packages(ignore) using defaults
[0.319s] Level 1:colcon.colcon_core.package_discovery:discover_packages(path) discover
[0.319s] Level 1:colcon.colcon_core.package_discovery:discover_packages(path) using defaults
[0.332s] INFO:colcon.colcon_core.package_selection:Skipping not selected package 'hik_camera_ros2_driver' in 'src/hik_camera'
[0.332s] INFO:colcon.colcon_core.package_selection:Skipping not selected package 'interface' in 'src/interface'
[0.332s] INFO:colcon.colcon_core.package_selection:Skipping not selected package 'livox_interfaces' in 'src/livox_driver/livox_interfaces'
[0.332s] INFO:colcon.colcon_core.package_selection:Skipping not selected package 'livox_sdk_vendor' in 'src/livox_driver/livox_sdk_vendor'
[0.332s] INFO:colcon.colcon_core.package_selection:Skipping not selected package 'web_dashboard' in 'src/web_dashboard'
[0.332s] INFO:colcon.colcon_core.package_selection:Skipping not selected package 'livox_ros2_avia' in 'src/livox_driver/livox_ros2_avia'
[0.333s] Level 1:colcon.colcon_core.package_discovery:discover_packages(prefix_path) check parameters
[0.333s] Level 1:colcon.colcon_core.package_discovery:discover_packages(prefix_path) discover
[0.334s] DEBUG:colcon.colcon_installed_package_information.package_discovery:Found 273 installed packages in /opt/ros/humble
[0.340s] Level 1:colcon.colcon_core.package_discovery:discover_packages(prefix_path) using defaults
[0.361s] Level 5:colcon.colcon_core.verb:set package 'camera_vision' build argument 'cmake_args' from command line to '['-DCMAKE_BUILD_TYPE=Release']'
[0.361s] Level 5:colcon.colcon_core.verb:set package 'camera_vision' build argument 'cmake_target' from command line to 'None'
[0.361s] Level 5:colcon.colcon_core.verb:set package 'camera_vision' build argument 'cmake_target_skip_unavailable' from command line to 'False'
[0.361s] Level 5:colcon.colcon_core.verb:set package 'camera_vision' build argument 'cmake_clean_cache' from command line to 'False'
[0.361s] Level 5:colcon.colcon_core.verb:set package 'camera_vision' build argument 'cmake_clean_first' from command line to 'False'
[0.361s] Level 5:colcon.colcon_core.verb:set package 'camera_vision' build argument 'cmake_force_configure' from command line to 'False'
[0.361s] Level 5:colcon.colcon_core.verb:set package 'camera_vision' build argument 'ament_cmake_args' from command line to 'None'
[0.361s] Level 5:colcon.colcon_core.verb:set package 'camera_vision' build argument 'catkin_cmake_args' from command line to 'None'
[0.361s] Level 5:colcon.colcon_core.verb:set package 'camera_vision' build argument 'catkin_skip_building_tests' from command line to 'False'
[0.361s] DEBUG:colcon.colcon_core.verb:Building package 'camera_vision' with the following arguments: {'ament_cmake_args': None, 'build_base': '/home/guichen/Documents/drone-radar-fusion/build/camera_vision', 'catkin_cmake_args': None, 'catkin_skip_building_tests': False, 'cmake_args': ['-DCMAKE_BUILD_TYPE=Release'], 'cmake_clean_cache': False, 'cmake_clean_first': False, 'cmake_force_configure': False, 'cmake_target': None, 'cmake_target_skip_unavailable': False, 'install_base': '/home/guichen/Documents/drone-radar-fusion/install/camera_vision', 'merge_install': False, 'path': '/home/guichen/Documents/drone-radar-fusion/src/camera_vision', 'symlink_install': True, 'test_result_base': None}
[0.362s] Level 5:colcon.colcon_core.verb:set package 'fusion' build argument 'cmake_args' from command line to '['-DCMAKE_BUILD_TYPE=Release']'
[0.362s] Level 5:colcon.colcon_core.verb:set package 'fusion' build argument 'cmake_target' from command line to 'None'
[0.362s] Level 5:colcon.colcon_core.verb:set package 'fusion' build argument 'cmake_target_skip_unavailable' from command line to 'False'
[0.362s] Level 5:colcon.colcon_core.verb:set package 'fusion' build argument 'cmake_clean_cache' from command line to 'False'
[0.362s] Level 5:colcon.colcon_core.verb:set package 'fusion' build argument 'cmake_clean_first' from command line to 'False'
[0.362s] Level 5:colcon.colcon_core.verb:set package 'fusion' build argument 'cmake_force_configure' from command line to 'False'
[0.362s] Level 5:colcon.colcon_core.verb:set package 'fusion' build argument 'ament_cmake_args' from command line to 'None'
[0.362s] Level 5:colcon.colcon_core.verb:set package 'fusion' build argument 'catkin_cmake_args' from command line to 'None'
[0.362s] Level 5:colcon.colcon_core.verb:set package 'fusion' build argument 'catkin_skip_building_tests' from command line to 'False'
[0.362s] DEBUG:colcon.colcon_core.verb:Building package 'fusion' with the following arguments: {'ament_cmake_args': None, 'build_base': '/home/guichen/Documents/drone-radar-fusion/build/fusion', 'catkin_cmake_args': None, 'catkin_skip_building_tests': False, 'cmake_args': ['-DCMAKE_BUILD_TYPE=Release'], 'cmake_clean_cache': False, 'cmake_clean_first': False, 'cmake_force_configure': False, 'cmake_target': None, 'cmake_target_skip_unavailable': False, 'install_base': '/home/guichen/Documents/drone-radar-fusion/install/fusion', 'merge_install': False, 'path': '/home/guichen/Documents/drone-radar-fusion/src/fusion', 'symlink_install': True, 'test_result_base': None}
[0.362s] Level 5:colcon.colcon_core.verb:set package 'radar' build argument 'cmake_args' from command line to '['-DCMAKE_BUILD_TYPE=Release']'
[0.362s] Level 5:colcon.colcon_core.verb:set package 'radar' build argument 'cmake_target' from command line to 'None'
[0.362s] Level 5:colcon.colcon_core.verb:set package 'radar' build argument 'cmake_target_skip_unavailable' from command line to 'False'
[0.362s] Level 5:colcon.colcon_core.verb:set package 'radar' build argument 'cmake_clean_cache' from command line to 'False'
[0.362s] Level 5:colcon.colcon_core.verb:set package 'radar' build argument 'cmake_clean_first' from command line to 'False'
[0.362s] Level 5:colcon.colcon_core.verb:set package 'radar' build argument 'cmake_force_configure' from command line to 'False'
[0.362s] Level 5:colcon.colcon_core.verb:set package 'radar' build argument 'ament_cmake_args' from command line to 'None'
[0.362s] Level 5:colcon.colcon_core.verb:set package 'radar' build argument 'catkin_cmake_args' from command line to 'None'
[0.362s] Level 5:colcon.colcon_core.verb:set package 'radar' build argument 'catkin_skip_building_tests' from command line to 'False'
[0.362s] DEBUG:colcon.colcon_core.verb:Building package 'radar' with the following arguments: {'ament_cmake_args': None, 'build_base': '/home/guichen/Documents/drone-radar-fusion/build/radar', 'catkin_cmake_args': None, 'catkin_skip_building_tests': False, 'cmake_args': ['-DCMAKE_BUILD_TYPE=Release'], 'cmake_clean_cache': False, 'cmake_clean_first': False, 'cmake_force_configure': False, 'cmake_target': None, 'cmake_target_skip_unavailable': False, 'install_base': '/home/guichen/Documents/drone-radar-fusion/install/radar', 'merge_install': False, 'path': '/home/guichen/Documents/drone-radar-fusion/src/radar', 'symlink_install': True, 'test_result_base': None}
[0.362s] INFO:colcon.colcon_core.executor:Executing jobs using 'parallel' executor
[0.363s] DEBUG:colcon.colcon_parallel_executor.executor.parallel:run_until_complete
[0.363s] INFO:colcon.colcon_ros.task.ament_cmake.build:Building ROS package in '/home/guichen/Documents/drone-radar-fusion/src/camera_vision' with build type 'ament_cmake'
[0.363s] INFO:colcon.colcon_cmake.task.cmake.build:Building CMake package in '/home/guichen/Documents/drone-radar-fusion/src/camera_vision'
[0.364s] INFO:colcon.colcon_core.plugin_system:Skipping extension 'colcon_core.shell.bat': Not used on non-Windows systems
[0.364s] INFO:colcon.colcon_core.shell:Skip shell extension 'powershell' for command environment: Not usable outside of PowerShell
[0.364s] DEBUG:colcon.colcon_core.shell:Skip shell extension 'dsv' for command environment
[0.366s] INFO:colcon.colcon_ros.task.ament_cmake.build:Building ROS package in '/home/guichen/Documents/drone-radar-fusion/src/fusion' with build type 'ament_cmake'
[0.366s] INFO:colcon.colcon_cmake.task.cmake.build:Building CMake package in '/home/guichen/Documents/drone-radar-fusion/src/fusion'
[0.366s] INFO:colcon.colcon_core.shell:Skip shell extension 'powershell' for command environment: Not usable outside of PowerShell
[0.366s] DEBUG:colcon.colcon_core.shell:Skip shell extension 'dsv' for command environment
[0.368s] INFO:colcon.colcon_ros.task.ament_cmake.build:Building ROS package in '/home/guichen/Documents/drone-radar-fusion/src/radar' with build type 'ament_cmake'
[0.368s] INFO:colcon.colcon_cmake.task.cmake.build:Building CMake package in '/home/guichen/Documents/drone-radar-fusion/src/radar'
[0.368s] INFO:colcon.colcon_core.shell:Skip shell extension 'powershell' for command environment: Not usable outside of PowerShell
[0.368s] DEBUG:colcon.colcon_core.shell:Skip shell extension 'dsv' for command environment
[0.372s] DEBUG:colcon.colcon_core.event_handler.log_command:Invoking command in '/home/guichen/Documents/drone-radar-fusion/build/camera_vision': AMENT_PREFIX_PATH=/home/guichen/Documents/drone-radar-fusion/install/interface:${AMENT_PREFIX_PATH} CMAKE_PREFIX_PATH=/home/guichen/Documents/drone-radar-fusion/install/interface:/opt/ros/humble LD_LIBRARY_PATH=/home/guichen/Documents/drone-radar-fusion/install/interface/lib:${LD_LIBRARY_PATH} PYTHONPATH=/home/guichen/Documents/drone-radar-fusion/install/interface/local/lib/python3.10/dist-packages:${PYTHONPATH} /usr/bin/cmake --build /home/guichen/Documents/drone-radar-fusion/build/camera_vision -- -j16 -l16
[0.373s] DEBUG:colcon.colcon_core.event_handler.log_command:Invoking command in '/home/guichen/Documents/drone-radar-fusion/build/fusion': AMENT_PREFIX_PATH=/home/guichen/Documents/drone-radar-fusion/install/interface:${AMENT_PREFIX_PATH} CMAKE_PREFIX_PATH=/home/guichen/Documents/drone-radar-fusion/install/interface:/opt/ros/humble LD_LIBRARY_PATH=/home/guichen/Documents/drone-radar-fusion/install/interface/lib:${LD_LIBRARY_PATH} PYTHONPATH=/home/guichen/Documents/drone-radar-fusion/install/interface/local/lib/python3.10/dist-packages:${PYTHONPATH} /usr/bin/cmake --build /home/guichen/Documents/drone-radar-fusion/build/fusion -- -j16 -l16
[0.375s] DEBUG:colcon.colcon_core.event_handler.log_command:Invoking command in '/home/guichen/Documents/drone-radar-fusion/build/radar': AMENT_PREFIX_PATH=/home/guichen/Documents/drone-radar-fusion/install/interface:${AMENT_PREFIX_PATH} CMAKE_PREFIX_PATH=/home/guichen/Documents/drone-radar-fusion/install/interface:/opt/ros/humble LD_LIBRARY_PATH=/home/guichen/Documents/drone-radar-fusion/install/interface/lib:${LD_LIBRARY_PATH} PYTHONPATH=/home/guichen/Documents/drone-radar-fusion/install/interface/local/lib/python3.10/dist-packages:${PYTHONPATH} /usr/bin/cmake --build /home/guichen/Documents/drone-radar-fusion/build/radar -- -j16 -l16
[0.414s] DEBUG:colcon.colcon_core.event_handler.log_command:Invoked command in '/home/guichen/Documents/drone-radar-fusion/build/camera_vision' returned '0': AMENT_PREFIX_PATH=/home/guichen/Documents/drone-radar-fusion/install/interface:${AMENT_PREFIX_PATH} CMAKE_PREFIX_PATH=/home/guichen/Documents/drone-radar-fusion/install/interface:/opt/ros/humble LD_LIBRARY_PATH=/home/guichen/Documents/drone-radar-fusion/install/interface/lib:${LD_LIBRARY_PATH} PYTHONPATH=/home/guichen/Documents/drone-radar-fusion/install/interface/local/lib/python3.10/dist-packages:${PYTHONPATH} /usr/bin/cmake --build /home/guichen/Documents/drone-radar-fusion/build/camera_vision -- -j16 -l16
[0.420s] DEBUG:colcon.colcon_core.event_handler.log_command:Invoking command in '/home/guichen/Documents/drone-radar-fusion/build/camera_vision': AMENT_PREFIX_PATH=/home/guichen/Documents/drone-radar-fusion/install/interface:${AMENT_PREFIX_PATH} CMAKE_PREFIX_PATH=/home/guichen/Documents/drone-radar-fusion/install/interface:/opt/ros/humble LD_LIBRARY_PATH=/home/guichen/Documents/drone-radar-fusion/install/interface/lib:${LD_LIBRARY_PATH} PYTHONPATH=/home/guichen/Documents/drone-radar-fusion/install/interface/local/lib/python3.10/dist-packages:${PYTHONPATH} /usr/bin/cmake --install /home/guichen/Documents/drone-radar-fusion/build/camera_vision
[0.424s] DEBUG:colcon.colcon_core.event_handler.log_command:Invoked command in '/home/guichen/Documents/drone-radar-fusion/build/radar' returned '0': AMENT_PREFIX_PATH=/home/guichen/Documents/drone-radar-fusion/install/interface:${AMENT_PREFIX_PATH} CMAKE_PREFIX_PATH=/home/guichen/Documents/drone-radar-fusion/install/interface:/opt/ros/humble LD_LIBRARY_PATH=/home/guichen/Documents/drone-radar-fusion/install/interface/lib:${LD_LIBRARY_PATH} PYTHONPATH=/home/guichen/Documents/drone-radar-fusion/install/interface/local/lib/python3.10/dist-packages:${PYTHONPATH} /usr/bin/cmake --build /home/guichen/Documents/drone-radar-fusion/build/radar -- -j16 -l16
[0.425s] DEBUG:colcon.colcon_core.event_handler.log_command:Invoking command in '/home/guichen/Documents/drone-radar-fusion/build/radar': AMENT_PREFIX_PATH=/home/guichen/Documents/drone-radar-fusion/install/interface:${AMENT_PREFIX_PATH} CMAKE_PREFIX_PATH=/home/guichen/Documents/drone-radar-fusion/install/interface:/opt/ros/humble LD_LIBRARY_PATH=/home/guichen/Documents/drone-radar-fusion/install/interface/lib:${LD_LIBRARY_PATH} PYTHONPATH=/home/guichen/Documents/drone-radar-fusion/install/interface/local/lib/python3.10/dist-packages:${PYTHONPATH} /usr/bin/cmake --install /home/guichen/Documents/drone-radar-fusion/build/radar
[0.425s] DEBUG:colcon.colcon_core.event_handler.log_command:Invoked command in '/home/guichen/Documents/drone-radar-fusion/build/fusion' returned '0': AMENT_PREFIX_PATH=/home/guichen/Documents/drone-radar-fusion/install/interface:${AMENT_PREFIX_PATH} CMAKE_PREFIX_PATH=/home/guichen/Documents/drone-radar-fusion/install/interface:/opt/ros/humble LD_LIBRARY_PATH=/home/guichen/Documents/drone-radar-fusion/install/interface/lib:${LD_LIBRARY_PATH} PYTHONPATH=/home/guichen/Documents/drone-radar-fusion/install/interface/local/lib/python3.10/dist-packages:${PYTHONPATH} /usr/bin/cmake --build /home/guichen/Documents/drone-radar-fusion/build/fusion -- -j16 -l16
[0.426s] DEBUG:colcon.colcon_core.event_handler.log_command:Invoking command in '/home/guichen/Documents/drone-radar-fusion/build/fusion': AMENT_PREFIX_PATH=/home/guichen/Documents/drone-radar-fusion/install/interface:${AMENT_PREFIX_PATH} CMAKE_PREFIX_PATH=/home/guichen/Documents/drone-radar-fusion/install/interface:/opt/ros/humble LD_LIBRARY_PATH=/home/guichen/Documents/drone-radar-fusion/install/interface/lib:${LD_LIBRARY_PATH} PYTHONPATH=/home/guichen/Documents/drone-radar-fusion/install/interface/local/lib/python3.10/dist-packages:${PYTHONPATH} /usr/bin/cmake --install /home/guichen/Documents/drone-radar-fusion/build/fusion
[0.432s] Level 1:colcon.colcon_core.environment:create_environment_scripts_only(camera_vision)
[0.433s] DEBUG:colcon.colcon_core.event_handler.log_command:Invoked command in '/home/guichen/Documents/drone-radar-fusion/build/camera_vision' returned '0': AMENT_PREFIX_PATH=/home/guichen/Documents/drone-radar-fusion/install/interface:${AMENT_PREFIX_PATH} CMAKE_PREFIX_PATH=/home/guichen/Documents/drone-radar-fusion/install/interface:/opt/ros/humble LD_LIBRARY_PATH=/home/guichen/Documents/drone-radar-fusion/install/interface/lib:${LD_LIBRARY_PATH} PYTHONPATH=/home/guichen/Documents/drone-radar-fusion/install/interface/local/lib/python3.10/dist-packages:${PYTHONPATH} /usr/bin/cmake --install /home/guichen/Documents/drone-radar-fusion/build/camera_vision
[0.434s] Level 1:colcon.colcon_core.environment:checking '/home/guichen/Documents/drone-radar-fusion/install/camera_vision' for CMake module files
[0.434s] Level 1:colcon.colcon_core.environment:checking '/home/guichen/Documents/drone-radar-fusion/install/camera_vision' for CMake config files
[0.434s] Level 1:colcon.colcon_core.shell:create_environment_hook('camera_vision', 'cmake_prefix_path')
[0.435s] INFO:colcon.colcon_core.shell:Creating environment hook '/home/guichen/Documents/drone-radar-fusion/install/camera_vision/share/camera_vision/hook/cmake_prefix_path.ps1'
[0.435s] INFO:colcon.colcon_core.shell:Creating environment descriptor '/home/guichen/Documents/drone-radar-fusion/install/camera_vision/share/camera_vision/hook/cmake_prefix_path.dsv'
[0.435s] INFO:colcon.colcon_core.shell:Creating environment hook '/home/guichen/Documents/drone-radar-fusion/install/camera_vision/share/camera_vision/hook/cmake_prefix_path.sh'
[0.436s] Level 1:colcon.colcon_core.environment:checking '/home/guichen/Documents/drone-radar-fusion/install/camera_vision/lib'
[0.436s] Level 1:colcon.colcon_core.environment:checking '/home/guichen/Documents/drone-radar-fusion/install/camera_vision/bin'
[0.436s] Level 1:colcon.colcon_core.environment:checking '/home/guichen/Documents/drone-radar-fusion/install/camera_vision/lib/pkgconfig/camera_vision.pc'
[0.436s] Level 1:colcon.colcon_core.environment:checking '/home/guichen/Documents/drone-radar-fusion/install/camera_vision/lib/python3.10/site-packages'
[0.436s] Level 1:colcon.colcon_core.environment:checking '/home/guichen/Documents/drone-radar-fusion/install/camera_vision/bin'
[0.437s] INFO:colcon.colcon_core.shell:Creating package script '/home/guichen/Documents/drone-radar-fusion/install/camera_vision/share/camera_vision/package.ps1'
[0.437s] INFO:colcon.colcon_core.shell:Creating package descriptor '/home/guichen/Documents/drone-radar-fusion/install/camera_vision/share/camera_vision/package.dsv'
[0.438s] INFO:colcon.colcon_core.shell:Creating package script '/home/guichen/Documents/drone-radar-fusion/install/camera_vision/share/camera_vision/package.sh'
[0.438s] INFO:colcon.colcon_core.shell:Creating package script '/home/guichen/Documents/drone-radar-fusion/install/camera_vision/share/camera_vision/package.bash'
[0.439s] INFO:colcon.colcon_core.shell:Creating package script '/home/guichen/Documents/drone-radar-fusion/install/camera_vision/share/camera_vision/package.zsh'
[0.439s] Level 1:colcon.colcon_core.environment:create_file_with_runtime_dependencies(/home/guichen/Documents/drone-radar-fusion/install/camera_vision/share/colcon-core/packages/camera_vision)
[0.440s] Level 1:colcon.colcon_core.environment:create_environment_scripts_only(camera_vision)
[0.440s] Level 1:colcon.colcon_core.environment:checking '/home/guichen/Documents/drone-radar-fusion/install/camera_vision' for CMake module files
[0.440s] Level 1:colcon.colcon_core.environment:checking '/home/guichen/Documents/drone-radar-fusion/install/camera_vision' for CMake config files
[0.440s] Level 1:colcon.colcon_core.shell:create_environment_hook('camera_vision', 'cmake_prefix_path')
[0.440s] INFO:colcon.colcon_core.shell:Creating environment hook '/home/guichen/Documents/drone-radar-fusion/install/camera_vision/share/camera_vision/hook/cmake_prefix_path.ps1'
[0.441s] INFO:colcon.colcon_core.shell:Creating environment descriptor '/home/guichen/Documents/drone-radar-fusion/install/camera_vision/share/camera_vision/hook/cmake_prefix_path.dsv'
[0.441s] INFO:colcon.colcon_core.shell:Creating environment hook '/home/guichen/Documents/drone-radar-fusion/install/camera_vision/share/camera_vision/hook/cmake_prefix_path.sh'
[0.441s] Level 1:colcon.colcon_core.environment:checking '/home/guichen/Documents/drone-radar-fusion/install/camera_vision/lib'
[0.441s] Level 1:colcon.colcon_core.environment:checking '/home/guichen/Documents/drone-radar-fusion/install/camera_vision/bin'
[0.441s] Level 1:colcon.colcon_core.environment:checking '/home/guichen/Documents/drone-radar-fusion/install/camera_vision/lib/pkgconfig/camera_vision.pc'
[0.441s] Level 1:colcon.colcon_core.environment:checking '/home/guichen/Documents/drone-radar-fusion/install/camera_vision/lib/python3.10/site-packages'
[0.442s] Level 1:colcon.colcon_core.environment:checking '/home/guichen/Documents/drone-radar-fusion/install/camera_vision/bin'
[0.442s] INFO:colcon.colcon_core.shell:Creating package script '/home/guichen/Documents/drone-radar-fusion/install/camera_vision/share/camera_vision/package.ps1'
[0.442s] INFO:colcon.colcon_core.shell:Creating package descriptor '/home/guichen/Documents/drone-radar-fusion/install/camera_vision/share/camera_vision/package.dsv'
[0.442s] INFO:colcon.colcon_core.shell:Creating package script '/home/guichen/Documents/drone-radar-fusion/install/camera_vision/share/camera_vision/package.sh'
[0.443s] INFO:colcon.colcon_core.shell:Creating package script '/home/guichen/Documents/drone-radar-fusion/install/camera_vision/share/camera_vision/package.bash'
[0.443s] INFO:colcon.colcon_core.shell:Creating package script '/home/guichen/Documents/drone-radar-fusion/install/camera_vision/share/camera_vision/package.zsh'
[0.443s] Level 1:colcon.colcon_core.environment:create_file_with_runtime_dependencies(/home/guichen/Documents/drone-radar-fusion/install/camera_vision/share/colcon-core/packages/camera_vision)
[0.444s] Level 1:colcon.colcon_core.environment:create_environment_scripts_only(radar)
[0.444s] Level 1:colcon.colcon_core.environment:checking '/home/guichen/Documents/drone-radar-fusion/install/radar' for CMake module files
[0.445s] DEBUG:colcon.colcon_core.event_handler.log_command:Invoked command in '/home/guichen/Documents/drone-radar-fusion/build/radar' returned '0': AMENT_PREFIX_PATH=/home/guichen/Documents/drone-radar-fusion/install/interface:${AMENT_PREFIX_PATH} CMAKE_PREFIX_PATH=/home/guichen/Documents/drone-radar-fusion/install/interface:/opt/ros/humble LD_LIBRARY_PATH=/home/guichen/Documents/drone-radar-fusion/install/interface/lib:${LD_LIBRARY_PATH} PYTHONPATH=/home/guichen/Documents/drone-radar-fusion/install/interface/local/lib/python3.10/dist-packages:${PYTHONPATH} /usr/bin/cmake --install /home/guichen/Documents/drone-radar-fusion/build/radar
[0.445s] Level 1:colcon.colcon_core.environment:checking '/home/guichen/Documents/drone-radar-fusion/install/radar' for CMake config files
[0.445s] Level 1:colcon.colcon_core.shell:create_environment_hook('radar', 'cmake_prefix_path')
[0.445s] INFO:colcon.colcon_core.shell:Creating environment hook '/home/guichen/Documents/drone-radar-fusion/install/radar/share/radar/hook/cmake_prefix_path.ps1'
[0.446s] INFO:colcon.colcon_core.shell:Creating environment descriptor '/home/guichen/Documents/drone-radar-fusion/install/radar/share/radar/hook/cmake_prefix_path.dsv'
[0.446s] INFO:colcon.colcon_core.shell:Creating environment hook '/home/guichen/Documents/drone-radar-fusion/install/radar/share/radar/hook/cmake_prefix_path.sh'
[0.446s] Level 1:colcon.colcon_core.environment:checking '/home/guichen/Documents/drone-radar-fusion/install/radar/lib'
[0.446s] Level 1:colcon.colcon_core.environment:checking '/home/guichen/Documents/drone-radar-fusion/install/radar/bin'
[0.446s] Level 1:colcon.colcon_core.environment:checking '/home/guichen/Documents/drone-radar-fusion/install/radar/lib/pkgconfig/radar.pc'
[0.446s] Level 1:colcon.colcon_core.environment:checking '/home/guichen/Documents/drone-radar-fusion/install/radar/lib/python3.10/site-packages'
[0.447s] Level 1:colcon.colcon_core.environment:checking '/home/guichen/Documents/drone-radar-fusion/install/radar/bin'
[0.447s] INFO:colcon.colcon_core.shell:Creating package script '/home/guichen/Documents/drone-radar-fusion/install/radar/share/radar/package.ps1'
[0.447s] INFO:colcon.colcon_core.shell:Creating package descriptor '/home/guichen/Documents/drone-radar-fusion/install/radar/share/radar/package.dsv'
[0.447s] INFO:colcon.colcon_core.shell:Creating package script '/home/guichen/Documents/drone-radar-fusion/install/radar/share/radar/package.sh'
[0.448s] INFO:colcon.colcon_core.shell:Creating package script '/home/guichen/Documents/drone-radar-fusion/install/radar/share/radar/package.bash'
[0.448s] INFO:colcon.colcon_core.shell:Creating package script '/home/guichen/Documents/drone-radar-fusion/install/radar/share/radar/package.zsh'
[0.448s] Level 1:colcon.colcon_core.environment:create_file_with_runtime_dependencies(/home/guichen/Documents/drone-radar-fusion/install/radar/share/colcon-core/packages/radar)
[0.448s] Level 1:colcon.colcon_core.environment:create_environment_scripts_only(radar)
[0.448s] Level 1:colcon.colcon_core.environment:checking '/home/guichen/Documents/drone-radar-fusion/install/radar' for CMake module files
[0.449s] Level 1:colcon.colcon_core.environment:checking '/home/guichen/Documents/drone-radar-fusion/install/radar' for CMake config files
[0.449s] Level 1:colcon.colcon_core.shell:create_environment_hook('radar', 'cmake_prefix_path')
[0.449s] INFO:colcon.colcon_core.shell:Creating environment hook '/home/guichen/Documents/drone-radar-fusion/install/radar/share/radar/hook/cmake_prefix_path.ps1'
[0.449s] INFO:colcon.colcon_core.shell:Creating environment descriptor '/home/guichen/Documents/drone-radar-fusion/install/radar/share/radar/hook/cmake_prefix_path.dsv'
[0.449s] INFO:colcon.colcon_core.shell:Creating environment hook '/home/guichen/Documents/drone-radar-fusion/install/radar/share/radar/hook/cmake_prefix_path.sh'
[0.450s] Level 1:colcon.colcon_core.environment:checking '/home/guichen/Documents/drone-radar-fusion/install/radar/lib'
[0.450s] Level 1:colcon.colcon_core.environment:checking '/home/guichen/Documents/drone-radar-fusion/install/radar/bin'
[0.450s] Level 1:colcon.colcon_core.environment:checking '/home/guichen/Documents/drone-radar-fusion/install/radar/lib/pkgconfig/radar.pc'
[0.450s] Level 1:colcon.colcon_core.environment:checking '/home/guichen/Documents/drone-radar-fusion/install/radar/lib/python3.10/site-packages'
[0.450s] Level 1:colcon.colcon_core.environment:checking '/home/guichen/Documents/drone-radar-fusion/install/radar/bin'
[0.450s] INFO:colcon.colcon_core.shell:Creating package script '/home/guichen/Documents/drone-radar-fusion/install/radar/share/radar/package.ps1'
[0.451s] INFO:colcon.colcon_core.shell:Creating package descriptor '/home/guichen/Documents/drone-radar-fusion/install/radar/share/radar/package.dsv'
[0.451s] INFO:colcon.colcon_core.shell:Creating package script '/home/guichen/Documents/drone-radar-fusion/install/radar/share/radar/package.sh'
[0.451s] INFO:colcon.colcon_core.shell:Creating package script '/home/guichen/Documents/drone-radar-fusion/install/radar/share/radar/package.bash'
[0.451s] INFO:colcon.colcon_core.shell:Creating package script '/home/guichen/Documents/drone-radar-fusion/install/radar/share/radar/package.zsh'
[0.452s] Level 1:colcon.colcon_core.environment:create_file_with_runtime_dependencies(/home/guichen/Documents/drone-radar-fusion/install/radar/share/colcon-core/packages/radar)
[0.452s] Level 1:colcon.colcon_core.environment:create_environment_scripts_only(fusion)
[0.452s] Level 1:colcon.colcon_core.environment:checking '/home/guichen/Documents/drone-radar-fusion/install/fusion' for CMake module files
[0.453s] DEBUG:colcon.colcon_core.event_handler.log_command:Invoked command in '/home/guichen/Documents/drone-radar-fusion/build/fusion' returned '0': AMENT_PREFIX_PATH=/home/guichen/Documents/drone-radar-fusion/install/interface:${AMENT_PREFIX_PATH} CMAKE_PREFIX_PATH=/home/guichen/Documents/drone-radar-fusion/install/interface:/opt/ros/humble LD_LIBRARY_PATH=/home/guichen/Documents/drone-radar-fusion/install/interface/lib:${LD_LIBRARY_PATH} PYTHONPATH=/home/guichen/Documents/drone-radar-fusion/install/interface/local/lib/python3.10/dist-packages:${PYTHONPATH} /usr/bin/cmake --install /home/guichen/Documents/drone-radar-fusion/build/fusion
[0.453s] Level 1:colcon.colcon_core.environment:checking '/home/guichen/Documents/drone-radar-fusion/install/fusion' for CMake config files
[0.453s] Level 1:colcon.colcon_core.shell:create_environment_hook('fusion', 'cmake_prefix_path')
[0.453s] INFO:colcon.colcon_core.shell:Creating environment hook '/home/guichen/Documents/drone-radar-fusion/install/fusion/share/fusion/hook/cmake_prefix_path.ps1'
[0.453s] INFO:colcon.colcon_core.shell:Creating environment descriptor '/home/guichen/Documents/drone-radar-fusion/install/fusion/share/fusion/hook/cmake_prefix_path.dsv'
[0.453s] INFO:colcon.colcon_core.shell:Creating environment hook '/home/guichen/Documents/drone-radar-fusion/install/fusion/share/fusion/hook/cmake_prefix_path.sh'
[0.454s] Level 1:colcon.colcon_core.environment:checking '/home/guichen/Documents/drone-radar-fusion/install/fusion/lib'
[0.454s] Level 1:colcon.colcon_core.environment:checking '/home/guichen/Documents/drone-radar-fusion/install/fusion/bin'
[0.454s] Level 1:colcon.colcon_core.environment:checking '/home/guichen/Documents/drone-radar-fusion/install/fusion/lib/pkgconfig/fusion.pc'
[0.454s] Level 1:colcon.colcon_core.environment:checking '/home/guichen/Documents/drone-radar-fusion/install/fusion/lib/python3.10/site-packages'
[0.454s] Level 1:colcon.colcon_core.environment:checking '/home/guichen/Documents/drone-radar-fusion/install/fusion/bin'
[0.454s] INFO:colcon.colcon_core.shell:Creating package script '/home/guichen/Documents/drone-radar-fusion/install/fusion/share/fusion/package.ps1'
[0.455s] INFO:colcon.colcon_core.shell:Creating package descriptor '/home/guichen/Documents/drone-radar-fusion/install/fusion/share/fusion/package.dsv'
[0.455s] INFO:colcon.colcon_core.shell:Creating package script '/home/guichen/Documents/drone-radar-fusion/install/fusion/share/fusion/package.sh'
[0.455s] INFO:colcon.colcon_core.shell:Creating package script '/home/guichen/Documents/drone-radar-fusion/install/fusion/share/fusion/package.bash'
[0.455s] INFO:colcon.colcon_core.shell:Creating package script '/home/guichen/Documents/drone-radar-fusion/install/fusion/share/fusion/package.zsh'
[0.456s] Level 1:colcon.colcon_core.environment:create_file_with_runtime_dependencies(/home/guichen/Documents/drone-radar-fusion/install/fusion/share/colcon-core/packages/fusion)
[0.456s] Level 1:colcon.colcon_core.environment:create_environment_scripts_only(fusion)
[0.456s] Level 1:colcon.colcon_core.environment:checking '/home/guichen/Documents/drone-radar-fusion/install/fusion' for CMake module files
[0.456s] Level 1:colcon.colcon_core.environment:checking '/home/guichen/Documents/drone-radar-fusion/install/fusion' for CMake config files
[0.456s] Level 1:colcon.colcon_core.shell:create_environment_hook('fusion', 'cmake_prefix_path')
[0.457s] INFO:colcon.colcon_core.shell:Creating environment hook '/home/guichen/Documents/drone-radar-fusion/install/fusion/share/fusion/hook/cmake_prefix_path.ps1'
[0.457s] INFO:colcon.colcon_core.shell:Creating environment descriptor '/home/guichen/Documents/drone-radar-fusion/install/fusion/share/fusion/hook/cmake_prefix_path.dsv'
[0.457s] INFO:colcon.colcon_core.shell:Creating environment hook '/home/guichen/Documents/drone-radar-fusion/install/fusion/share/fusion/hook/cmake_prefix_path.sh'
[0.457s] Level 1:colcon.colcon_core.environment:checking '/home/guichen/Documents/drone-radar-fusion/install/fusion/lib'
[0.457s] Level 1:colcon.colcon_core.environment:checking '/home/guichen/Documents/drone-radar-fusion/install/fusion/bin'
[0.457s] Level 1:colcon.colcon_core.environment:checking '/home/guichen/Documents/drone-radar-fusion/install/fusion/lib/pkgconfig/fusion.pc'
[0.458s] Level 1:colcon.colcon_core.environment:checking '/home/guichen/Documents/drone-radar-fusion/install/fusion/lib/python3.10/site-packages'
[0.458s] Level 1:colcon.colcon_core.environment:checking '/home/guichen/Documents/drone-radar-fusion/install/fusion/bin'
[0.458s] INFO:colcon.colcon_core.shell:Creating package script '/home/guichen/Documents/drone-radar-fusion/install/fusion/share/fusion/package.ps1'
[0.458s] INFO:colcon.colcon_core.shell:Creating package descriptor '/home/guichen/Documents/drone-radar-fusion/install/fusion/share/fusion/package.dsv'
[0.459s] INFO:colcon.colcon_core.shell:Creating package script '/home/guichen/Documents/drone-radar-fusion/install/fusion/share/fusion/package.sh'
[0.459s] INFO:colcon.colcon_core.shell:Creating package script '/home/guichen/Documents/drone-radar-fusion/install/fusion/share/fusion/package.bash'
[0.459s] INFO:colcon.colcon_core.shell:Creating package script '/home/guichen/Documents/drone-radar-fusion/install/fusion/share/fusion/package.zsh'
[0.459s] Level 1:colcon.colcon_core.environment:create_file_with_runtime_dependencies(/home/guichen/Documents/drone-radar-fusion/install/fusion/share/colcon-core/packages/fusion)
[0.459s] DEBUG:colcon.colcon_parallel_executor.executor.parallel:closing loop
[0.460s] DEBUG:colcon.colcon_parallel_executor.executor.parallel:loop closed
[0.460s] DEBUG:colcon.colcon_parallel_executor.executor.parallel:run_until_complete finished with '0'
[0.460s] DEBUG:colcon.colcon_core.event_reactor:joining thread
[0.463s] INFO:colcon.colcon_core.plugin_system:Skipping extension 'colcon_notification.desktop_notification.terminal_notifier': Not used on non-Darwin systems
[0.463s] INFO:colcon.colcon_core.plugin_system:Skipping extension 'colcon_notification.desktop_notification.win32': Not used on non-Windows systems
[0.463s] INFO:colcon.colcon_notification.desktop_notification:Sending desktop notification using 'notify2'
[0.468s] DEBUG:colcon.colcon_core.event_reactor:joined thread
[0.468s] INFO:colcon.colcon_core.shell:Creating prefix script '/home/guichen/Documents/drone-radar-fusion/install/local_setup.ps1'
[0.468s] INFO:colcon.colcon_core.shell:Creating prefix util module '/home/guichen/Documents/drone-radar-fusion/install/_local_setup_util_ps1.py'
[0.469s] INFO:colcon.colcon_core.shell:Creating prefix chain script '/home/guichen/Documents/drone-radar-fusion/install/setup.ps1'
[0.470s] INFO:colcon.colcon_core.shell:Creating prefix script '/home/guichen/Documents/drone-radar-fusion/install/local_setup.sh'
[0.470s] INFO:colcon.colcon_core.shell:Creating prefix util module '/home/guichen/Documents/drone-radar-fusion/install/_local_setup_util_sh.py'
[0.471s] INFO:colcon.colcon_core.shell:Creating prefix chain script '/home/guichen/Documents/drone-radar-fusion/install/setup.sh'
[0.471s] INFO:colcon.colcon_core.shell:Creating prefix script '/home/guichen/Documents/drone-radar-fusion/install/local_setup.bash'
[0.471s] INFO:colcon.colcon_core.shell:Creating prefix chain script '/home/guichen/Documents/drone-radar-fusion/install/setup.bash'
[0.472s] INFO:colcon.colcon_core.shell:Creating prefix script '/home/guichen/Documents/drone-radar-fusion/install/local_setup.zsh'
[0.472s] INFO:colcon.colcon_core.shell:Creating prefix chain script '/home/guichen/Documents/drone-radar-fusion/install/setup.zsh'
[0.062s] DEBUG:colcon:Command line arguments: ['/usr/bin/colcon', 'build', '--packages-select', 'web_dashboard', '--symlink-install']
[0.062s] DEBUG:colcon:Parsed command line arguments: Namespace(log_base=None, log_level=None, verb_name='build', build_base='build', install_base='install', merge_install=False, symlink_install=True, test_result_base=None, continue_on_error=False, executor='parallel', parallel_workers=16, event_handlers=None, ignore_user_meta=False, metas=['./colcon.meta'], base_paths=['.'], packages_ignore=None, packages_ignore_regex=None, paths=None, packages_up_to=None, packages_up_to_regex=None, packages_above=None, packages_above_and_dependencies=None, packages_above_depth=None, packages_select_by_dep=None, packages_skip_by_dep=None, packages_skip_up_to=None, packages_select_build_failed=False, packages_skip_build_finished=False, packages_select_test_failures=False, packages_skip_test_passed=False, packages_select=['web_dashboard'], packages_skip=None, packages_select_regex=None, packages_skip_regex=None, packages_start=None, packages_end=None, allow_overriding=[], cmake_args=None, cmake_target=None, cmake_target_skip_unavailable=False, cmake_clean_cache=False, cmake_clean_first=False, cmake_force_configure=False, ament_cmake_args=None, catkin_cmake_args=None, catkin_skip_building_tests=False, verb_parser=<colcon_defaults.argument_parser.defaults.DefaultArgumentsDecorator object at 0x71f0d9cd3520>, verb_extension=<colcon_core.verb.build.BuildVerb object at 0x71f0d9cd2470>, main=<bound method BuildVerb.main of <colcon_core.verb.build.BuildVerb object at 0x71f0d9cd2470>>)
[0.158s] Level 1:colcon.colcon_core.package_discovery:discover_packages(colcon_meta) check parameters
[0.158s] Level 1:colcon.colcon_core.package_discovery:discover_packages(recursive) check parameters
[0.158s] Level 1:colcon.colcon_core.package_discovery:discover_packages(ignore) check parameters
[0.158s] Level 1:colcon.colcon_core.package_discovery:discover_packages(path) check parameters
[0.158s] Level 1:colcon.colcon_core.package_discovery:discover_packages(colcon_meta) discover
[0.158s] Level 1:colcon.colcon_core.package_discovery:discover_packages(recursive) discover
[0.159s] INFO:colcon.colcon_core.package_discovery:Crawling recursively for packages in '/home/guichen/Documents/drone-radar-fusion'
[0.159s] Level 1:colcon.colcon_core.package_identification:_identify(.) by extensions ['ignore', 'ignore_ament_install']
[0.159s] Level 1:colcon.colcon_core.package_identification:_identify(.) by extension 'ignore'
[0.159s] Level 1:colcon.colcon_core.package_identification:_identify(.) by extension 'ignore_ament_install'
[0.159s] Level 1:colcon.colcon_core.package_identification:_identify(.) by extensions ['colcon_pkg']
[0.159s] Level 1:colcon.colcon_core.package_identification:_identify(.) by extension 'colcon_pkg'
[0.159s] Level 1:colcon.colcon_core.package_identification:_identify(.) by extensions ['colcon_meta']
[0.159s] Level 1:colcon.colcon_core.package_identification:_identify(.) by extension 'colcon_meta'
[0.159s] Level 1:colcon.colcon_core.package_identification:_identify(.) by extensions ['ros']
[0.159s] Level 1:colcon.colcon_core.package_identification:_identify(.) by extension 'ros'
[0.167s] Level 1:colcon.colcon_core.package_identification:_identify(.) by extensions ['cmake', 'python']
[0.167s] Level 1:colcon.colcon_core.package_identification:_identify(.) by extension 'cmake'
[0.167s] Level 1:colcon.colcon_core.package_identification:_identify(.) by extension 'python'
[0.167s] Level 1:colcon.colcon_core.package_identification:_identify(.) by extensions ['python_setup_py']
[0.167s] Level 1:colcon.colcon_core.package_identification:_identify(.) by extension 'python_setup_py'
[0.167s] Level 1:colcon.colcon_core.package_identification:_identify(build) by extensions ['ignore', 'ignore_ament_install']
[0.167s] Level 1:colcon.colcon_core.package_identification:_identify(build) by extension 'ignore'
[0.167s] Level 1:colcon.colcon_core.package_identification:_identify(build) ignored
[0.167s] Level 1:colcon.colcon_core.package_identification:_identify(config) by extensions ['ignore', 'ignore_ament_install']
[0.167s] Level 1:colcon.colcon_core.package_identification:_identify(config) by extension 'ignore'
[0.167s] Level 1:colcon.colcon_core.package_identification:_identify(config) by extension 'ignore_ament_install'
[0.167s] Level 1:colcon.colcon_core.package_identification:_identify(config) by extensions ['colcon_pkg']
[0.167s] Level 1:colcon.colcon_core.package_identification:_identify(config) by extension 'colcon_pkg'
[0.168s] Level 1:colcon.colcon_core.package_identification:_identify(config) by extensions ['colcon_meta']
[0.168s] Level 1:colcon.colcon_core.package_identification:_identify(config) by extension 'colcon_meta'
[0.168s] Level 1:colcon.colcon_core.package_identification:_identify(config) by extensions ['ros']
[0.168s] Level 1:colcon.colcon_core.package_identification:_identify(config) by extension 'ros'
[0.168s] Level 1:colcon.colcon_core.package_identification:_identify(config) by extensions ['cmake', 'python']
[0.168s] Level 1:colcon.colcon_core.package_identification:_identify(config) by extension 'cmake'
[0.168s] Level 1:colcon.colcon_core.package_identification:_identify(config) by extension 'python'
[0.168s] Level 1:colcon.colcon_core.package_identification:_identify(config) by extensions ['python_setup_py']
[0.168s] Level 1:colcon.colcon_core.package_identification:_identify(config) by extension 'python_setup_py'
[0.168s] Level 1:colcon.colcon_core.package_identification:_identify(config/calib_tool) by extensions ['ignore', 'ignore_ament_install']
[0.168s] Level 1:colcon.colcon_core.package_identification:_identify(config/calib_tool) by extension 'ignore'
[0.168s] Level 1:colcon.colcon_core.package_identification:_identify(config/calib_tool) by extension 'ignore_ament_install'
[0.168s] Level 1:colcon.colcon_core.package_identification:_identify(config/calib_tool) by extensions ['colcon_pkg']
[0.168s] Level 1:colcon.colcon_core.package_identification:_identify(config/calib_tool) by extension 'colcon_pkg'
[0.168s] Level 1:colcon.colcon_core.package_identification:_identify(config/calib_tool) by extensions ['colcon_meta']
[0.168s] Level 1:colcon.colcon_core.package_identification:_identify(config/calib_tool) by extension 'colcon_meta'
[0.168s] Level 1:colcon.colcon_core.package_identification:_identify(config/calib_tool) by extensions ['ros']
[0.168s] Level 1:colcon.colcon_core.package_identification:_identify(config/calib_tool) by extension 'ros'
[0.168s] Level 1:colcon.colcon_core.package_identification:_identify(config/calib_tool) by extensions ['cmake', 'python']
[0.168s] Level 1:colcon.colcon_core.package_identification:_identify(config/calib_tool) by extension 'cmake'
[0.168s] Level 1:colcon.colcon_core.package_identification:_identify(config/calib_tool) by extension 'python'
[0.168s] Level 1:colcon.colcon_core.package_identification:_identify(config/calib_tool) by extensions ['python_setup_py']
[0.168s] Level 1:colcon.colcon_core.package_identification:_identify(config/calib_tool) by extension 'python_setup_py'
[0.168s] Level 1:colcon.colcon_core.package_identification:_identify(install) by extensions ['ignore', 'ignore_ament_install']
[0.168s] Level 1:colcon.colcon_core.package_identification:_identify(install) by extension 'ignore'
[0.168s] Level 1:colcon.colcon_core.package_identification:_identify(install) ignored
[0.168s] Level 1:colcon.colcon_core.package_identification:_identify(launch) by extensions ['ignore', 'ignore_ament_install']
[0.168s] Level 1:colcon.colcon_core.package_identification:_identify(launch) by extension 'ignore'
[0.168s] Level 1:colcon.colcon_core.package_identification:_identify(launch) by extension 'ignore_ament_install'
[0.168s] Level 1:colcon.colcon_core.package_identification:_identify(launch) by extensions ['colcon_pkg']
[0.168s] Level 1:colcon.colcon_core.package_identification:_identify(launch) by extension 'colcon_pkg'
[0.168s] Level 1:colcon.colcon_core.package_identification:_identify(launch) by extensions ['colcon_meta']
[0.168s] Level 1:colcon.colcon_core.package_identification:_identify(launch) by extension 'colcon_meta'
[0.168s] Level 1:colcon.colcon_core.package_identification:_identify(launch) by extensions ['ros']
[0.169s] Level 1:colcon.colcon_core.package_identification:_identify(launch) by extension 'ros'
[0.169s] Level 1:colcon.colcon_core.package_identification:_identify(launch) by extensions ['cmake', 'python']
[0.169s] Level 1:colcon.colcon_core.package_identification:_identify(launch) by extension 'cmake'
[0.169s] Level 1:colcon.colcon_core.package_identification:_identify(launch) by extension 'python'
[0.169s] Level 1:colcon.colcon_core.package_identification:_identify(launch) by extensions ['python_setup_py']
[0.169s] Level 1:colcon.colcon_core.package_identification:_identify(launch) by extension 'python_setup_py'
[0.169s] Level 1:colcon.colcon_core.package_identification:_identify(log) by extensions ['ignore', 'ignore_ament_install']
[0.169s] Level 1:colcon.colcon_core.package_identification:_identify(log) by extension 'ignore'
[0.169s] Level 1:colcon.colcon_core.package_identification:_identify(log) ignored
[0.169s] Level 1:colcon.colcon_core.package_identification:_identify(model) by extensions ['ignore', 'ignore_ament_install']
[0.169s] Level 1:colcon.colcon_core.package_identification:_identify(model) by extension 'ignore'
[0.169s] Level 1:colcon.colcon_core.package_identification:_identify(model) by extension 'ignore_ament_install'
[0.169s] Level 1:colcon.colcon_core.package_identification:_identify(model) by extensions ['colcon_pkg']
[0.169s] Level 1:colcon.colcon_core.package_identification:_identify(model) by extension 'colcon_pkg'
[0.169s] Level 1:colcon.colcon_core.package_identification:_identify(model) by extensions ['colcon_meta']
[0.169s] Level 1:colcon.colcon_core.package_identification:_identify(model) by extension 'colcon_meta'
[0.169s] Level 1:colcon.colcon_core.package_identification:_identify(model) by extensions ['ros']
[0.169s] Level 1:colcon.colcon_core.package_identification:_identify(model) by extension 'ros'
[0.169s] Level 1:colcon.colcon_core.package_identification:_identify(model) by extensions ['cmake', 'python']
[0.169s] Level 1:colcon.colcon_core.package_identification:_identify(model) by extension 'cmake'
[0.169s] Level 1:colcon.colcon_core.package_identification:_identify(model) by extension 'python'
[0.169s] Level 1:colcon.colcon_core.package_identification:_identify(model) by extensions ['python_setup_py']
[0.169s] Level 1:colcon.colcon_core.package_identification:_identify(model) by extension 'python_setup_py'
[0.169s] Level 1:colcon.colcon_core.package_identification:_identify(model/ONNX) by extensions ['ignore', 'ignore_ament_install']
[0.169s] Level 1:colcon.colcon_core.package_identification:_identify(model/ONNX) by extension 'ignore'
[0.169s] Level 1:colcon.colcon_core.package_identification:_identify(model/ONNX) by extension 'ignore_ament_install'
[0.169s] Level 1:colcon.colcon_core.package_identification:_identify(model/ONNX) by extensions ['colcon_pkg']
[0.169s] Level 1:colcon.colcon_core.package_identification:_identify(model/ONNX) by extension 'colcon_pkg'
[0.169s] Level 1:colcon.colcon_core.package_identification:_identify(model/ONNX) by extensions ['colcon_meta']
[0.169s] Level 1:colcon.colcon_core.package_identification:_identify(model/ONNX) by extension 'colcon_meta'
[0.169s] Level 1:colcon.colcon_core.package_identification:_identify(model/ONNX) by extensions ['ros']
[0.169s] Level 1:colcon.colcon_core.package_identification:_identify(model/ONNX) by extension 'ros'
[0.170s] Level 1:colcon.colcon_core.package_identification:_identify(model/ONNX) by extensions ['cmake', 'python']
[0.170s] Level 1:colcon.colcon_core.package_identification:_identify(model/ONNX) by extension 'cmake'
[0.170s] Level 1:colcon.colcon_core.package_identification:_identify(model/ONNX) by extension 'python'
[0.170s] Level 1:colcon.colcon_core.package_identification:_identify(model/ONNX) by extensions ['python_setup_py']
[0.170s] Level 1:colcon.colcon_core.package_identification:_identify(model/ONNX) by extension 'python_setup_py'
[0.170s] Level 1:colcon.colcon_core.package_identification:_identify(scripts) by extensions ['ignore', 'ignore_ament_install']
[0.170s] Level 1:colcon.colcon_core.package_identification:_identify(scripts) by extension 'ignore'
[0.170s] Level 1:colcon.colcon_core.package_identification:_identify(scripts) by extension 'ignore_ament_install'
[0.170s] Level 1:colcon.colcon_core.package_identification:_identify(scripts) by extensions ['colcon_pkg']
[0.170s] Level 1:colcon.colcon_core.package_identification:_identify(scripts) by extension 'colcon_pkg'
[0.170s] Level 1:colcon.colcon_core.package_identification:_identify(scripts) by extensions ['colcon_meta']
[0.170s] Level 1:colcon.colcon_core.package_identification:_identify(scripts) by extension 'colcon_meta'
[0.170s] Level 1:colcon.colcon_core.package_identification:_identify(scripts) by extensions ['ros']
[0.170s] Level 1:colcon.colcon_core.package_identification:_identify(scripts) by extension 'ros'
[0.170s] Level 1:colcon.colcon_core.package_identification:_identify(scripts) by extensions ['cmake', 'python']
[0.170s] Level 1:colcon.colcon_core.package_identification:_identify(scripts) by extension 'cmake'
[0.170s] Level 1:colcon.colcon_core.package_identification:_identify(scripts) by extension 'python'
[0.170s] Level 1:colcon.colcon_core.package_identification:_identify(scripts) by extensions ['python_setup_py']
[0.170s] Level 1:colcon.colcon_core.package_identification:_identify(scripts) by extension 'python_setup_py'
[0.170s] Level 1:colcon.colcon_core.package_identification:_identify(src) by extensions ['ignore', 'ignore_ament_install']
[0.170s] Level 1:colcon.colcon_core.package_identification:_identify(src) by extension 'ignore'
[0.170s] Level 1:colcon.colcon_core.package_identification:_identify(src) by extension 'ignore_ament_install'
[0.170s] Level 1:colcon.colcon_core.package_identification:_identify(src) by extensions ['colcon_pkg']
[0.170s] Level 1:colcon.colcon_core.package_identification:_identify(src) by extension 'colcon_pkg'
[0.170s] Level 1:colcon.colcon_core.package_identification:_identify(src) by extensions ['colcon_meta']
[0.170s] Level 1:colcon.colcon_core.package_identification:_identify(src) by extension 'colcon_meta'
[0.170s] Level 1:colcon.colcon_core.package_identification:_identify(src) by extensions ['ros']
[0.170s] Level 1:colcon.colcon_core.package_identification:_identify(src) by extension 'ros'
[0.170s] Level 1:colcon.colcon_core.package_identification:_identify(src) by extensions ['cmake', 'python']
[0.170s] Level 1:colcon.colcon_core.package_identification:_identify(src) by extension 'cmake'
[0.170s] Level 1:colcon.colcon_core.package_identification:_identify(src) by extension 'python'
[0.170s] Level 1:colcon.colcon_core.package_identification:_identify(src) by extensions ['python_setup_py']
[0.170s] Level 1:colcon.colcon_core.package_identification:_identify(src) by extension 'python_setup_py'
[0.170s] Level 1:colcon.colcon_core.package_identification:_identify(src/camera_vision) by extensions ['ignore', 'ignore_ament_install']
[0.171s] Level 1:colcon.colcon_core.package_identification:_identify(src/camera_vision) by extension 'ignore'
[0.171s] Level 1:colcon.colcon_core.package_identification:_identify(src/camera_vision) by extension 'ignore_ament_install'
[0.171s] Level 1:colcon.colcon_core.package_identification:_identify(src/camera_vision) by extensions ['colcon_pkg']
[0.171s] Level 1:colcon.colcon_core.package_identification:_identify(src/camera_vision) by extension 'colcon_pkg'
[0.171s] Level 1:colcon.colcon_core.package_identification:_identify(src/camera_vision) by extensions ['colcon_meta']
[0.171s] Level 1:colcon.colcon_core.package_identification:_identify(src/camera_vision) by extension 'colcon_meta'
[0.171s] Level 1:colcon.colcon_core.package_identification:_identify(src/camera_vision) by extensions ['ros']
[0.171s] Level 1:colcon.colcon_core.package_identification:_identify(src/camera_vision) by extension 'ros'
[0.173s] DEBUG:colcon.colcon_core.package_identification:Package 'src/camera_vision' with type 'ros.ament_cmake' and name 'camera_vision'
[0.173s] Level 1:colcon.colcon_core.package_identification:_identify(src/fusion) by extensions ['ignore', 'ignore_ament_install']
[0.173s] Level 1:colcon.colcon_core.package_identification:_identify(src/fusion) by extension 'ignore'
[0.173s] Level 1:colcon.colcon_core.package_identification:_identify(src/fusion) by extension 'ignore_ament_install'
[0.173s] Level 1:colcon.colcon_core.package_identification:_identify(src/fusion) by extensions ['colcon_pkg']
[0.173s] Level 1:colcon.colcon_core.package_identification:_identify(src/fusion) by extension 'colcon_pkg'
[0.173s] Level 1:colcon.colcon_core.package_identification:_identify(src/fusion) by extensions ['colcon_meta']
[0.173s] Level 1:colcon.colcon_core.package_identification:_identify(src/fusion) by extension 'colcon_meta'
[0.173s] Level 1:colcon.colcon_core.package_identification:_identify(src/fusion) by extensions ['ros']
[0.173s] Level 1:colcon.colcon_core.package_identification:_identify(src/fusion) by extension 'ros'
[0.174s] DEBUG:colcon.colcon_core.package_identification:Package 'src/fusion' with type 'ros.ament_cmake' and name 'fusion'
[0.174s] Level 1:colcon.colcon_core.package_identification:_identify(src/hik_camera) by extensions ['ignore', 'ignore_ament_install']
[0.174s] Level 1:colcon.colcon_core.package_identification:_identify(src/hik_camera) by extension 'ignore'
[0.174s] Level 1:colcon.colcon_core.package_identification:_identify(src/hik_camera) by extension 'ignore_ament_install'
[0.174s] Level 1:colcon.colcon_core.package_identification:_identify(src/hik_camera) by extensions ['colcon_pkg']
[0.174s] Level 1:colcon.colcon_core.package_identification:_identify(src/hik_camera) by extension 'colcon_pkg'
[0.174s] Level 1:colcon.colcon_core.package_identification:_identify(src/hik_camera) by extensions ['colcon_meta']
[0.174s] Level 1:colcon.colcon_core.package_identification:_identify(src/hik_camera) by extension 'colcon_meta'
[0.174s] Level 1:colcon.colcon_core.package_identification:_identify(src/hik_camera) by extensions ['ros']
[0.174s] Level 1:colcon.colcon_core.package_identification:_identify(src/hik_camera) by extension 'ros'
[0.175s] DEBUG:colcon.colcon_core.package_identification:Package 'src/hik_camera' with type 'ros.ament_cmake' and name 'hik_camera_ros2_driver'
[0.175s] Level 1:colcon.colcon_core.package_identification:_identify(src/interface) by extensions ['ignore', 'ignore_ament_install']
[0.175s] Level 1:colcon.colcon_core.package_identification:_identify(src/interface) by extension 'ignore'
[0.175s] Level 1:colcon.colcon_core.package_identification:_identify(src/interface) by extension 'ignore_ament_install'
[0.175s] Level 1:colcon.colcon_core.package_identification:_identify(src/interface) by extensions ['colcon_pkg']
[0.175s] Level 1:colcon.colcon_core.package_identification:_identify(src/interface) by extension 'colcon_pkg'
[0.175s] Level 1:colcon.colcon_core.package_identification:_identify(src/interface) by extensions ['colcon_meta']
[0.175s] Level 1:colcon.colcon_core.package_identification:_identify(src/interface) by extension 'colcon_meta'
[0.175s] Level 1:colcon.colcon_core.package_identification:_identify(src/interface) by extensions ['ros']
[0.175s] Level 1:colcon.colcon_core.package_identification:_identify(src/interface) by extension 'ros'
[0.175s] DEBUG:colcon.colcon_core.package_identification:Package 'src/interface' with type 'ros.ament_cmake' and name 'interface'
[0.175s] Level 1:colcon.colcon_core.package_identification:_identify(src/livox_driver) by extensions ['ignore', 'ignore_ament_install']
[0.176s] Level 1:colcon.colcon_core.package_identification:_identify(src/livox_driver) by extension 'ignore'
[0.176s] Level 1:colcon.colcon_core.package_identification:_identify(src/livox_driver) by extension 'ignore_ament_install'
[0.176s] Level 1:colcon.colcon_core.package_identification:_identify(src/livox_driver) by extensions ['colcon_pkg']
[0.176s] Level 1:colcon.colcon_core.package_identification:_identify(src/livox_driver) by extension 'colcon_pkg'
[0.176s] Level 1:colcon.colcon_core.package_identification:_identify(src/livox_driver) by extensions ['colcon_meta']
[0.176s] Level 1:colcon.colcon_core.package_identification:_identify(src/livox_driver) by extension 'colcon_meta'
[0.176s] Level 1:colcon.colcon_core.package_identification:_identify(src/livox_driver) by extensions ['ros']
[0.176s] Level 1:colcon.colcon_core.package_identification:_identify(src/livox_driver) by extension 'ros'
[0.176s] Level 1:colcon.colcon_core.package_identification:_identify(src/livox_driver) by extensions ['cmake', 'python']
[0.176s] Level 1:colcon.colcon_core.package_identification:_identify(src/livox_driver) by extension 'cmake'
[0.176s] Level 1:colcon.colcon_core.package_identification:_identify(src/livox_driver) by extension 'python'
[0.176s] Level 1:colcon.colcon_core.package_identification:_identify(src/livox_driver) by extensions ['python_setup_py']
[0.176s] Level 1:colcon.colcon_core.package_identification:_identify(src/livox_driver) by extension 'python_setup_py'
[0.176s] Level 1:colcon.colcon_core.package_identification:_identify(src/livox_driver/images) by extensions ['ignore', 'ignore_ament_install']
[0.176s] Level 1:colcon.colcon_core.package_identification:_identify(src/livox_driver/images) by extension 'ignore'
[0.176s] Level 1:colcon.colcon_core.package_identification:_identify(src/livox_driver/images) by extension 'ignore_ament_install'
[0.176s] Level 1:colcon.colcon_core.package_identification:_identify(src/livox_driver/images) by extensions ['colcon_pkg']
[0.176s] Level 1:colcon.colcon_core.package_identification:_identify(src/livox_driver/images) by extension 'colcon_pkg'
[0.176s] Level 1:colcon.colcon_core.package_identification:_identify(src/livox_driver/images) by extensions ['colcon_meta']
[0.176s] Level 1:colcon.colcon_core.package_identification:_identify(src/livox_driver/images) by extension 'colcon_meta'
[0.176s] Level 1:colcon.colcon_core.package_identification:_identify(src/livox_driver/images) by extensions ['ros']
[0.176s] Level 1:colcon.colcon_core.package_identification:_identify(src/livox_driver/images) by extension 'ros'
[0.176s] Level 1:colcon.colcon_core.package_identification:_identify(src/livox_driver/images) by extensions ['cmake', 'python']
[0.176s] Level 1:colcon.colcon_core.package_identification:_identify(src/livox_driver/images) by extension 'cmake'
[0.176s] Level 1:colcon.colcon_core.package_identification:_identify(src/livox_driver/images) by extension 'python'
[0.176s] Level 1:colcon.colcon_core.package_identification:_identify(src/livox_driver/images) by extensions ['python_setup_py']
[0.176s] Level 1:colcon.colcon_core.package_identification:_identify(src/livox_driver/images) by extension 'python_setup_py'
[0.176s] Level 1:colcon.colcon_core.package_identification:_identify(src/livox_driver/livox_interfaces) by extensions ['ignore', 'ignore_ament_install']
[0.176s] Level 1:colcon.colcon_core.package_identification:_identify(src/livox_driver/livox_interfaces) by extension 'ignore'
[0.176s] Level 1:colcon.colcon_core.package_identification:_identify(src/livox_driver/livox_interfaces) by extension 'ignore_ament_install'
[0.176s] Level 1:colcon.colcon_core.package_identification:_identify(src/livox_driver/livox_interfaces) by extensions ['colcon_pkg']
[0.176s] Level 1:colcon.colcon_core.package_identification:_identify(src/livox_driver/livox_interfaces) by extension 'colcon_pkg'
[0.176s] Level 1:colcon.colcon_core.package_identification:_identify(src/livox_driver/livox_interfaces) by extensions ['colcon_meta']
[0.176s] Level 1:colcon.colcon_core.package_identification:_identify(src/livox_driver/livox_interfaces) by extension 'colcon_meta'
[0.176s] Level 1:colcon.colcon_core.package_identification:_identify(src/livox_driver/livox_interfaces) by extensions ['ros']
[0.177s] Level 1:colcon.colcon_core.package_identification:_identify(src/livox_driver/livox_interfaces) by extension 'ros'
[0.177s] DEBUG:colcon.colcon_core.package_identification:Package 'src/livox_driver/livox_interfaces' with type 'ros.ament_cmake' and name 'livox_interfaces'
[0.177s] Level 1:colcon.colcon_core.package_identification:_identify(src/livox_driver/livox_ros2_avia) by extensions ['ignore', 'ignore_ament_install']
[0.177s] Level 1:colcon.colcon_core.package_identification:_identify(src/livox_driver/livox_ros2_avia) by extension 'ignore'
[0.177s] Level 1:colcon.colcon_core.package_identification:_identify(src/livox_driver/livox_ros2_avia) by extension 'ignore_ament_install'
[0.177s] Level 1:colcon.colcon_core.package_identification:_identify(src/livox_driver/livox_ros2_avia) by extensions ['colcon_pkg']
[0.177s] Level 1:colcon.colcon_core.package_identification:_identify(src/livox_driver/livox_ros2_avia) by extension 'colcon_pkg'
[0.177s] Level 1:colcon.colcon_core.package_identification:_identify(src/livox_driver/livox_ros2_avia) by extensions ['colcon_meta']
[0.177s] Level 1:colcon.colcon_core.package_identification:_identify(src/livox_driver/livox_ros2_avia) by extension 'colcon_meta'
[0.177s] Level 1:colcon.colcon_core.package_identification:_identify(src/livox_driver/livox_ros2_avia) by extensions ['ros']
[0.177s] Level 1:colcon.colcon_core.package_identification:_identify(src/livox_driver/livox_ros2_avia) by extension 'ros'
[0.178s] DEBUG:colcon.colcon_core.package_identification:Package 'src/livox_driver/livox_ros2_avia' with type 'ros.ament_cmake' and name 'livox_ros2_avia'
[0.178s] Level 1:colcon.colcon_core.package_identification:_identify(src/livox_driver/livox_sdk_vendor) by extensions ['ignore', 'ignore_ament_install']
[0.178s] Level 1:colcon.colcon_core.package_identification:_identify(src/livox_driver/livox_sdk_vendor) by extension 'ignore'
[0.178s] Level 1:colcon.colcon_core.package_identification:_identify(src/livox_driver/livox_sdk_vendor) by extension 'ignore_ament_install'
[0.178s] Level 1:colcon.colcon_core.package_identification:_identify(src/livox_driver/livox_sdk_vendor) by extensions ['colcon_pkg']
[0.178s] Level 1:colcon.colcon_core.package_identification:_identify(src/livox_driver/livox_sdk_vendor) by extension 'colcon_pkg'
[0.178s] Level 1:colcon.colcon_core.package_identification:_identify(src/livox_driver/livox_sdk_vendor) by extensions ['colcon_meta']
[0.178s] Level 1:colcon.colcon_core.package_identification:_identify(src/livox_driver/livox_sdk_vendor) by extension 'colcon_meta'
[0.178s] Level 1:colcon.colcon_core.package_identification:_identify(src/livox_driver/livox_sdk_vendor) by extensions ['ros']
[0.178s] Level 1:colcon.colcon_core.package_identification:_identify(src/livox_driver/livox_sdk_vendor) by extension 'ros'
[0.179s] DEBUG:colcon.colcon_core.package_identification:Package 'src/livox_driver/livox_sdk_vendor' with type 'ros.ament_cmake' and name 'livox_sdk_vendor'
[0.179s] Level 1:colcon.colcon_core.package_identification:_identify(src/radar) by extensions ['ignore', 'ignore_ament_install']
[0.179s] Level 1:colcon.colcon_core.package_identification:_identify(src/radar) by extension 'ignore'
[0.179s] Level 1:colcon.colcon_core.package_identification:_identify(src/radar) by extension 'ignore_ament_install'
[0.179s] Level 1:colcon.colcon_core.package_identification:_identify(src/radar) by extensions ['colcon_pkg']
[0.179s] Level 1:colcon.colcon_core.package_identification:_identify(src/radar) by extension 'colcon_pkg'
[0.179s] Level 1:colcon.colcon_core.package_identification:_identify(src/radar) by extensions ['colcon_meta']
[0.179s] Level 1:colcon.colcon_core.package_identification:_identify(src/radar) by extension 'colcon_meta'
[0.179s] Level 1:colcon.colcon_core.package_identification:_identify(src/radar) by extensions ['ros']
[0.179s] Level 1:colcon.colcon_core.package_identification:_identify(src/radar) by extension 'ros'
[0.180s] DEBUG:colcon.colcon_core.package_identification:Package 'src/radar' with type 'ros.ament_cmake' and name 'radar'
[0.180s] Level 1:colcon.colcon_core.package_identification:_identify(src/utils) by extensions ['ignore', 'ignore_ament_install']
[0.180s] Level 1:colcon.colcon_core.package_identification:_identify(src/utils) by extension 'ignore'
[0.180s] Level 1:colcon.colcon_core.package_identification:_identify(src/utils) by extension 'ignore_ament_install'
[0.180s] Level 1:colcon.colcon_core.package_identification:_identify(src/utils) by extensions ['colcon_pkg']
[0.180s] Level 1:colcon.colcon_core.package_identification:_identify(src/utils) by extension 'colcon_pkg'
[0.180s] Level 1:colcon.colcon_core.package_identification:_identify(src/utils) by extensions ['colcon_meta']
[0.180s] Level 1:colcon.colcon_core.package_identification:_identify(src/utils) by extension 'colcon_meta'
[0.180s] Level 1:colcon.colcon_core.package_identification:_identify(src/utils) by extensions ['ros']
[0.180s] Level 1:colcon.colcon_core.package_identification:_identify(src/utils) by extension 'ros'
[0.180s] Level 1:colcon.colcon_core.package_identification:_identify(src/utils) by extensions ['cmake', 'python']
[0.180s] Level 1:colcon.colcon_core.package_identification:_identify(src/utils) by extension 'cmake'
[0.180s] Level 1:colcon.colcon_core.package_identification:_identify(src/utils) by extension 'python'
[0.180s] Level 1:colcon.colcon_core.package_identification:_identify(src/utils) by extensions ['python_setup_py']
[0.180s] Level 1:colcon.colcon_core.package_identification:_identify(src/utils) by extension 'python_setup_py'
[0.180s] Level 1:colcon.colcon_core.package_identification:_identify(src/utils/include) by extensions ['ignore', 'ignore_ament_install']
[0.180s] Level 1:colcon.colcon_core.package_identification:_identify(src/utils/include) by extension 'ignore'
[0.180s] Level 1:colcon.colcon_core.package_identification:_identify(src/utils/include) by extension 'ignore_ament_install'
[0.180s] Level 1:colcon.colcon_core.package_identification:_identify(src/utils/include) by extensions ['colcon_pkg']
[0.180s] Level 1:colcon.colcon_core.package_identification:_identify(src/utils/include) by extension 'colcon_pkg'
[0.180s] Level 1:colcon.colcon_core.package_identification:_identify(src/utils/include) by extensions ['colcon_meta']
[0.180s] Level 1:colcon.colcon_core.package_identification:_identify(src/utils/include) by extension 'colcon_meta'
[0.180s] Level 1:colcon.colcon_core.package_identification:_identify(src/utils/include) by extensions ['ros']
[0.180s] Level 1:colcon.colcon_core.package_identification:_identify(src/utils/include) by extension 'ros'
[0.180s] Level 1:colcon.colcon_core.package_identification:_identify(src/utils/include) by extensions ['cmake', 'python']
[0.180s] Level 1:colcon.colcon_core.package_identification:_identify(src/utils/include) by extension 'cmake'
[0.180s] Level 1:colcon.colcon_core.package_identification:_identify(src/utils/include) by extension 'python'
[0.180s] Level 1:colcon.colcon_core.package_identification:_identify(src/utils/include) by extensions ['python_setup_py']
[0.180s] Level 1:colcon.colcon_core.package_identification:_identify(src/utils/include) by extension 'python_setup_py'
[0.180s] Level 1:colcon.colcon_core.package_identification:_identify(src/utils/include/utils) by extensions ['ignore', 'ignore_ament_install']
[0.180s] Level 1:colcon.colcon_core.package_identification:_identify(src/utils/include/utils) by extension 'ignore'
[0.181s] Level 1:colcon.colcon_core.package_identification:_identify(src/utils/include/utils) by extension 'ignore_ament_install'
[0.181s] Level 1:colcon.colcon_core.package_identification:_identify(src/utils/include/utils) by extensions ['colcon_pkg']
[0.181s] Level 1:colcon.colcon_core.package_identification:_identify(src/utils/include/utils) by extension 'colcon_pkg'
[0.181s] Level 1:colcon.colcon_core.package_identification:_identify(src/utils/include/utils) by extensions ['colcon_meta']
[0.181s] Level 1:colcon.colcon_core.package_identification:_identify(src/utils/include/utils) by extension 'colcon_meta'
[0.181s] Level 1:colcon.colcon_core.package_identification:_identify(src/utils/include/utils) by extensions ['ros']
[0.181s] Level 1:colcon.colcon_core.package_identification:_identify(src/utils/include/utils) by extension 'ros'
[0.181s] Level 1:colcon.colcon_core.package_identification:_identify(src/utils/include/utils) by extensions ['cmake', 'python']
[0.181s] Level 1:colcon.colcon_core.package_identification:_identify(src/utils/include/utils) by extension 'cmake'
[0.181s] Level 1:colcon.colcon_core.package_identification:_identify(src/utils/include/utils) by extension 'python'
[0.181s] Level 1:colcon.colcon_core.package_identification:_identify(src/utils/include/utils) by extensions ['python_setup_py']
[0.181s] Level 1:colcon.colcon_core.package_identification:_identify(src/utils/include/utils) by extension 'python_setup_py'
[0.181s] Level 1:colcon.colcon_core.package_identification:_identify(src/web_dashboard) by extensions ['ignore', 'ignore_ament_install']
[0.181s] Level 1:colcon.colcon_core.package_identification:_identify(src/web_dashboard) by extension 'ignore'
[0.181s] Level 1:colcon.colcon_core.package_identification:_identify(src/web_dashboard) by extension 'ignore_ament_install'
[0.181s] Level 1:colcon.colcon_core.package_identification:_identify(src/web_dashboard) by extensions ['colcon_pkg']
[0.181s] Level 1:colcon.colcon_core.package_identification:_identify(src/web_dashboard) by extension 'colcon_pkg'
[0.181s] Level 1:colcon.colcon_core.package_identification:_identify(src/web_dashboard) by extensions ['colcon_meta']
[0.181s] Level 1:colcon.colcon_core.package_identification:_identify(src/web_dashboard) by extension 'colcon_meta'
[0.181s] Level 1:colcon.colcon_core.package_identification:_identify(src/web_dashboard) by extensions ['ros']
[0.181s] Level 1:colcon.colcon_core.package_identification:_identify(src/web_dashboard) by extension 'ros'
[0.181s] DEBUG:colcon.colcon_core.package_identification:Failed to parse potential ROS package manifest in'src/web_dashboard': Error(s) in package 'src/web_dashboard/package.xml':
The manifest must contain exactly one "name" tag
[0.181s] Level 1:colcon.colcon_core.package_identification:_identify(src/web_dashboard) by extensions ['cmake', 'python']
[0.181s] Level 1:colcon.colcon_core.package_identification:_identify(src/web_dashboard) by extension 'cmake'
[0.181s] Level 1:colcon.colcon_core.package_identification:_identify(src/web_dashboard) by extension 'python'
[0.181s] Level 1:colcon.colcon_core.package_identification:_identify(src/web_dashboard) by extensions ['python_setup_py']
[0.181s] Level 1:colcon.colcon_core.package_identification:_identify(src/web_dashboard) by extension 'python_setup_py'
[0.324s] DEBUG:colcon.colcon_core.package_identification:Package 'src/web_dashboard' with type 'python' and name 'web_dashboard'
[0.324s] Level 1:colcon.colcon_core.package_identification:_identify(watchDog) by extensions ['ignore', 'ignore_ament_install']
[0.324s] Level 1:colcon.colcon_core.package_identification:_identify(watchDog) by extension 'ignore'
[0.324s] Level 1:colcon.colcon_core.package_identification:_identify(watchDog) by extension 'ignore_ament_install'
[0.324s] Level 1:colcon.colcon_core.package_identification:_identify(watchDog) by extensions ['colcon_pkg']
[0.324s] Level 1:colcon.colcon_core.package_identification:_identify(watchDog) by extension 'colcon_pkg'
[0.324s] Level 1:colcon.colcon_core.package_identification:_identify(watchDog) by extensions ['colcon_meta']
[0.324s] Level 1:colcon.colcon_core.package_identification:_identify(watchDog) by extension 'colcon_meta'
[0.324s] Level 1:colcon.colcon_core.package_identification:_identify(watchDog) by extensions ['ros']
[0.324s] Level 1:colcon.colcon_core.package_identification:_identify(watchDog) by extension 'ros'
[0.324s] Level 1:colcon.colcon_core.package_identification:_identify(watchDog) by extensions ['cmake', 'python']
[0.324s] Level 1:colcon.colcon_core.package_identification:_identify(watchDog) by extension 'cmake'
[0.324s] Level 1:colcon.colcon_core.package_identification:_identify(watchDog) by extension 'python'
[0.324s] Level 1:colcon.colcon_core.package_identification:_identify(watchDog) by extensions ['python_setup_py']
[0.324s] Level 1:colcon.colcon_core.package_identification:_identify(watchDog) by extension 'python_setup_py'
[0.324s] Level 1:colcon.colcon_core.package_discovery:discover_packages(recursive) using defaults
[0.324s] Level 1:colcon.colcon_core.package_discovery:discover_packages(ignore) discover
[0.324s] Level 1:colcon.colcon_core.package_discovery:discover_packages(ignore) using defaults
[0.324s] Level 1:colcon.colcon_core.package_discovery:discover_packages(path) discover
[0.324s] Level 1:colcon.colcon_core.package_discovery:discover_packages(path) using defaults
[0.340s] INFO:colcon.colcon_core.package_selection:Skipping not selected package 'hik_camera_ros2_driver' in 'src/hik_camera'
[0.340s] INFO:colcon.colcon_core.package_selection:Skipping not selected package 'interface' in 'src/interface'
[0.340s] INFO:colcon.colcon_core.package_selection:Skipping not selected package 'livox_interfaces' in 'src/livox_driver/livox_interfaces'
[0.340s] INFO:colcon.colcon_core.package_selection:Skipping not selected package 'livox_sdk_vendor' in 'src/livox_driver/livox_sdk_vendor'
[0.340s] INFO:colcon.colcon_core.package_selection:Skipping not selected package 'camera_vision' in 'src/camera_vision'
[0.340s] INFO:colcon.colcon_core.package_selection:Skipping not selected package 'fusion' in 'src/fusion'
[0.340s] INFO:colcon.colcon_core.package_selection:Skipping not selected package 'livox_ros2_avia' in 'src/livox_driver/livox_ros2_avia'
[0.340s] INFO:colcon.colcon_core.package_selection:Skipping not selected package 'radar' in 'src/radar'
[0.341s] Level 1:colcon.colcon_core.package_discovery:discover_packages(prefix_path) check parameters
[0.341s] Level 1:colcon.colcon_core.package_discovery:discover_packages(prefix_path) discover
[0.342s] DEBUG:colcon.colcon_installed_package_information.package_discovery:Found 273 installed packages in /opt/ros/humble
[0.350s] Level 1:colcon.colcon_core.package_discovery:discover_packages(prefix_path) using defaults
[0.371s] Level 5:colcon.colcon_core.verb:set package 'web_dashboard' build argument 'cmake_args' from command line to 'None'
[0.371s] Level 5:colcon.colcon_core.verb:set package 'web_dashboard' build argument 'cmake_target' from command line to 'None'
[0.371s] Level 5:colcon.colcon_core.verb:set package 'web_dashboard' build argument 'cmake_target_skip_unavailable' from command line to 'False'
[0.371s] Level 5:colcon.colcon_core.verb:set package 'web_dashboard' build argument 'cmake_clean_cache' from command line to 'False'
[0.371s] Level 5:colcon.colcon_core.verb:set package 'web_dashboard' build argument 'cmake_clean_first' from command line to 'False'
[0.371s] Level 5:colcon.colcon_core.verb:set package 'web_dashboard' build argument 'cmake_force_configure' from command line to 'False'
[0.371s] Level 5:colcon.colcon_core.verb:set package 'web_dashboard' build argument 'ament_cmake_args' from command line to 'None'
[0.371s] Level 5:colcon.colcon_core.verb:set package 'web_dashboard' build argument 'catkin_cmake_args' from command line to 'None'
[0.371s] Level 5:colcon.colcon_core.verb:set package 'web_dashboard' build argument 'catkin_skip_building_tests' from command line to 'False'
[0.371s] DEBUG:colcon.colcon_core.verb:Building package 'web_dashboard' with the following arguments: {'ament_cmake_args': None, 'build_base': '/home/guichen/Documents/drone-radar-fusion/build/web_dashboard', 'catkin_cmake_args': None, 'catkin_skip_building_tests': False, 'cmake_args': None, 'cmake_clean_cache': False, 'cmake_clean_first': False, 'cmake_force_configure': False, 'cmake_target': None, 'cmake_target_skip_unavailable': False, 'install_base': '/home/guichen/Documents/drone-radar-fusion/install/web_dashboard', 'merge_install': False, 'path': '/home/guichen/Documents/drone-radar-fusion/src/web_dashboard', 'symlink_install': True, 'test_result_base': None}
[0.371s] INFO:colcon.colcon_core.executor:Executing jobs using 'parallel' executor
[0.372s] DEBUG:colcon.colcon_parallel_executor.executor.parallel:run_until_complete
[0.372s] INFO:colcon.colcon_core.task.python.build:Building Python package in '/home/guichen/Documents/drone-radar-fusion/src/web_dashboard'
[0.373s] INFO:colcon.colcon_core.plugin_system:Skipping extension 'colcon_core.shell.bat': Not used on non-Windows systems
[0.373s] INFO:colcon.colcon_core.shell:Skip shell extension 'powershell' for command environment: Not usable outside of PowerShell
[0.373s] DEBUG:colcon.colcon_core.shell:Skip shell extension 'dsv' for command environment
[0.696s] DEBUG:colcon.colcon_core.event_handler.log_command:Invoking command in '/home/guichen/Documents/drone-radar-fusion/build/web_dashboard': PYTHONPATH=/home/guichen/Documents/drone-radar-fusion/build/web_dashboard/prefix_override:/usr/lib/python3/dist-packages/colcon_core/task/python/colcon_distutils_commands:/home/guichen/Documents/drone-radar-fusion/install/web_dashboard/lib/python3.10/site-packages:${PYTHONPATH} /usr/bin/python3 -W ignore:setup.py install is deprecated -W ignore:easy_install command is deprecated setup.py develop --editable --build-directory /home/guichen/Documents/drone-radar-fusion/build/web_dashboard/build --no-deps symlink_data
[0.945s] Level 1:colcon.colcon_core.shell:create_environment_hook('web_dashboard', 'pythonpath_develop')
[0.946s] INFO:colcon.colcon_core.shell:Creating environment hook '/home/guichen/Documents/drone-radar-fusion/build/web_dashboard/share/web_dashboard/hook/pythonpath_develop.ps1'
[0.946s] DEBUG:colcon.colcon_core.event_handler.log_command:Invoked command in '/home/guichen/Documents/drone-radar-fusion/build/web_dashboard' returned '0': PYTHONPATH=/home/guichen/Documents/drone-radar-fusion/build/web_dashboard/prefix_override:/usr/lib/python3/dist-packages/colcon_core/task/python/colcon_distutils_commands:/home/guichen/Documents/drone-radar-fusion/install/web_dashboard/lib/python3.10/site-packages:${PYTHONPATH} /usr/bin/python3 -W ignore:setup.py install is deprecated -W ignore:easy_install command is deprecated setup.py develop --editable --build-directory /home/guichen/Documents/drone-radar-fusion/build/web_dashboard/build --no-deps symlink_data
[0.946s] INFO:colcon.colcon_core.shell:Creating environment descriptor '/home/guichen/Documents/drone-radar-fusion/build/web_dashboard/share/web_dashboard/hook/pythonpath_develop.dsv'
[0.947s] INFO:colcon.colcon_core.shell:Creating environment hook '/home/guichen/Documents/drone-radar-fusion/build/web_dashboard/share/web_dashboard/hook/pythonpath_develop.sh'
[0.948s] Level 1:colcon.colcon_core.environment:checking '/home/guichen/Documents/drone-radar-fusion/install/web_dashboard' for CMake module files
[0.949s] Level 1:colcon.colcon_core.environment:checking '/home/guichen/Documents/drone-radar-fusion/install/web_dashboard' for CMake config files
[0.949s] Level 1:colcon.colcon_core.environment:checking '/home/guichen/Documents/drone-radar-fusion/install/web_dashboard/lib'
[0.949s] Level 1:colcon.colcon_core.environment:checking '/home/guichen/Documents/drone-radar-fusion/install/web_dashboard/bin'
[0.949s] Level 1:colcon.colcon_core.shell:create_environment_hook('web_dashboard', 'path')
[0.949s] INFO:colcon.colcon_core.shell:Creating environment hook '/home/guichen/Documents/drone-radar-fusion/install/web_dashboard/share/web_dashboard/hook/path.ps1'
[0.949s] INFO:colcon.colcon_core.shell:Creating environment descriptor '/home/guichen/Documents/drone-radar-fusion/install/web_dashboard/share/web_dashboard/hook/path.dsv'
[0.950s] INFO:colcon.colcon_core.shell:Creating environment hook '/home/guichen/Documents/drone-radar-fusion/install/web_dashboard/share/web_dashboard/hook/path.sh'
[0.950s] Level 1:colcon.colcon_core.environment:checking '/home/guichen/Documents/drone-radar-fusion/install/web_dashboard/lib/pkgconfig/web_dashboard.pc'
[0.950s] Level 1:colcon.colcon_core.environment:checking '/home/guichen/Documents/drone-radar-fusion/install/web_dashboard/lib/python3.10/site-packages'
[0.950s] Level 1:colcon.colcon_core.shell:create_environment_hook('web_dashboard', 'pythonpath')
[0.950s] INFO:colcon.colcon_core.shell:Creating environment hook '/home/guichen/Documents/drone-radar-fusion/install/web_dashboard/share/web_dashboard/hook/pythonpath.ps1'
[0.950s] INFO:colcon.colcon_core.shell:Creating environment descriptor '/home/guichen/Documents/drone-radar-fusion/install/web_dashboard/share/web_dashboard/hook/pythonpath.dsv'
[0.951s] INFO:colcon.colcon_core.shell:Creating environment hook '/home/guichen/Documents/drone-radar-fusion/install/web_dashboard/share/web_dashboard/hook/pythonpath.sh'
[0.951s] Level 1:colcon.colcon_core.environment:checking '/home/guichen/Documents/drone-radar-fusion/install/web_dashboard/bin'
[0.951s] Level 1:colcon.colcon_core.shell:create_environment_hook('web_dashboard', 'pythonscriptspath')
[0.951s] INFO:colcon.colcon_core.shell:Creating environment hook '/home/guichen/Documents/drone-radar-fusion/install/web_dashboard/share/web_dashboard/hook/pythonscriptspath.ps1'
[0.951s] INFO:colcon.colcon_core.shell:Creating environment descriptor '/home/guichen/Documents/drone-radar-fusion/install/web_dashboard/share/web_dashboard/hook/pythonscriptspath.dsv'
[0.951s] INFO:colcon.colcon_core.shell:Creating environment hook '/home/guichen/Documents/drone-radar-fusion/install/web_dashboard/share/web_dashboard/hook/pythonscriptspath.sh'
[0.952s] Level 1:colcon.colcon_core.environment:create_environment_scripts_only(web_dashboard)
[0.952s] INFO:colcon.colcon_core.shell:Creating package script '/home/guichen/Documents/drone-radar-fusion/install/web_dashboard/share/web_dashboard/package.ps1'
[0.953s] INFO:colcon.colcon_core.shell:Creating package descriptor '/home/guichen/Documents/drone-radar-fusion/install/web_dashboard/share/web_dashboard/package.dsv'
[0.953s] INFO:colcon.colcon_core.shell:Creating package script '/home/guichen/Documents/drone-radar-fusion/install/web_dashboard/share/web_dashboard/package.sh'
[0.953s] INFO:colcon.colcon_core.shell:Creating package script '/home/guichen/Documents/drone-radar-fusion/install/web_dashboard/share/web_dashboard/package.bash'
[0.954s] INFO:colcon.colcon_core.shell:Creating package script '/home/guichen/Documents/drone-radar-fusion/install/web_dashboard/share/web_dashboard/package.zsh'
[0.954s] Level 1:colcon.colcon_core.environment:create_file_with_runtime_dependencies(/home/guichen/Documents/drone-radar-fusion/install/web_dashboard/share/colcon-core/packages/web_dashboard)
[0.954s] DEBUG:colcon.colcon_parallel_executor.executor.parallel:closing loop
[0.955s] DEBUG:colcon.colcon_parallel_executor.executor.parallel:loop closed
[0.955s] DEBUG:colcon.colcon_parallel_executor.executor.parallel:run_until_complete finished with '0'
[0.955s] DEBUG:colcon.colcon_core.event_reactor:joining thread
[0.958s] INFO:colcon.colcon_core.plugin_system:Skipping extension 'colcon_notification.desktop_notification.terminal_notifier': Not used on non-Darwin systems
[0.958s] INFO:colcon.colcon_core.plugin_system:Skipping extension 'colcon_notification.desktop_notification.win32': Not used on non-Windows systems
[0.958s] INFO:colcon.colcon_notification.desktop_notification:Sending desktop notification using 'notify2'
[0.963s] DEBUG:colcon.colcon_core.event_reactor:joined thread
[0.963s] INFO:colcon.colcon_core.shell:Creating prefix script '/home/guichen/Documents/drone-radar-fusion/install/local_setup.ps1'
[0.964s] INFO:colcon.colcon_core.shell:Creating prefix util module '/home/guichen/Documents/drone-radar-fusion/install/_local_setup_util_ps1.py'
[0.964s] INFO:colcon.colcon_core.shell:Creating prefix chain script '/home/guichen/Documents/drone-radar-fusion/install/setup.ps1'
[0.965s] INFO:colcon.colcon_core.shell:Creating prefix script '/home/guichen/Documents/drone-radar-fusion/install/local_setup.sh'
[0.965s] INFO:colcon.colcon_core.shell:Creating prefix util module '/home/guichen/Documents/drone-radar-fusion/install/_local_setup_util_sh.py'
[0.966s] INFO:colcon.colcon_core.shell:Creating prefix chain script '/home/guichen/Documents/drone-radar-fusion/install/setup.sh'
[0.966s] INFO:colcon.colcon_core.shell:Creating prefix script '/home/guichen/Documents/drone-radar-fusion/install/local_setup.bash'
[0.967s] INFO:colcon.colcon_core.shell:Creating prefix chain script '/home/guichen/Documents/drone-radar-fusion/install/setup.bash'
[0.967s] INFO:colcon.colcon_core.shell:Creating prefix script '/home/guichen/Documents/drone-radar-fusion/install/local_setup.zsh'
[0.967s] INFO:colcon.colcon_core.shell:Creating prefix chain script '/home/guichen/Documents/drone-radar-fusion/install/setup.zsh'
