[0.063s] DEBUG:colcon:Command line arguments: ['/usr/bin/colcon', 'build', '--symlink-install', '--parallel-workers', '3']
[0.063s] DEBUG:colcon:Parsed command line arguments: Namespace(log_base=None, log_level=None, verb_name='build', build_base='build', install_base='install', merge_install=False, symlink_install=True, test_result_base=None, continue_on_error=False, executor='parallel', parallel_workers=3, event_handlers=None, ignore_user_meta=False, metas=['./colcon.meta'], base_paths=['.'], packages_ignore=None, packages_ignore_regex=None, paths=None, packages_up_to=None, packages_up_to_regex=None, packages_above=None, packages_above_and_dependencies=None, packages_above_depth=None, packages_select_by_dep=None, packages_skip_by_dep=None, packages_skip_up_to=None, packages_select_build_failed=False, packages_skip_build_finished=False, packages_select_test_failures=False, packages_skip_test_passed=False, packages_select=None, packages_skip=None, packages_select_regex=None, packages_skip_regex=None, packages_start=None, packages_end=None, allow_overriding=[], cmake_args=None, cmake_target=None, cmake_target_skip_unavailable=False, cmake_clean_cache=False, cmake_clean_first=False, cmake_force_configure=False, ament_cmake_args=None, catkin_cmake_args=None, catkin_skip_building_tests=False, verb_parser=<colcon_defaults.argument_parser.defaults.DefaultArgumentsDecorator object at 0x73a45c4e06a0>, verb_extension=<colcon_core.verb.build.BuildVerb object at 0x73a45c4e0220>, main=<bound method BuildVerb.main of <colcon_core.verb.build.BuildVerb object at 0x73a45c4e0220>>)
[0.165s] Level 1:colcon.colcon_core.package_discovery:discover_packages(colcon_meta) check parameters
[0.165s] Level 1:colcon.colcon_core.package_discovery:discover_packages(recursive) check parameters
[0.165s] Level 1:colcon.colcon_core.package_discovery:discover_packages(ignore) check parameters
[0.165s] Level 1:colcon.colcon_core.package_discovery:discover_packages(path) check parameters
[0.165s] Level 1:colcon.colcon_core.package_discovery:discover_packages(colcon_meta) discover
[0.165s] Level 1:colcon.colcon_core.package_discovery:discover_packages(recursive) discover
[0.165s] INFO:colcon.colcon_core.package_discovery:Crawling recursively for packages in '/home/guichen/Documents/drone-radar-fusion'
[0.165s] Level 1:colcon.colcon_core.package_identification:_identify(.) by extensions ['ignore', 'ignore_ament_install']
[0.165s] Level 1:colcon.colcon_core.package_identification:_identify(.) by extension 'ignore'
[0.165s] Level 1:colcon.colcon_core.package_identification:_identify(.) by extension 'ignore_ament_install'
[0.165s] Level 1:colcon.colcon_core.package_identification:_identify(.) by extensions ['colcon_pkg']
[0.165s] Level 1:colcon.colcon_core.package_identification:_identify(.) by extension 'colcon_pkg'
[0.165s] Level 1:colcon.colcon_core.package_identification:_identify(.) by extensions ['colcon_meta']
[0.165s] Level 1:colcon.colcon_core.package_identification:_identify(.) by extension 'colcon_meta'
[0.165s] Level 1:colcon.colcon_core.package_identification:_identify(.) by extensions ['ros']
[0.165s] Level 1:colcon.colcon_core.package_identification:_identify(.) by extension 'ros'
[0.172s] Level 1:colcon.colcon_core.package_identification:_identify(.) by extensions ['cmake', 'python']
[0.172s] Level 1:colcon.colcon_core.package_identification:_identify(.) by extension 'cmake'
[0.172s] Level 1:colcon.colcon_core.package_identification:_identify(.) by extension 'python'
[0.172s] Level 1:colcon.colcon_core.package_identification:_identify(.) by extensions ['python_setup_py']
[0.172s] Level 1:colcon.colcon_core.package_identification:_identify(.) by extension 'python_setup_py'
[0.172s] Level 1:colcon.colcon_core.package_identification:_identify(build) by extensions ['ignore', 'ignore_ament_install']
[0.172s] Level 1:colcon.colcon_core.package_identification:_identify(build) by extension 'ignore'
[0.172s] Level 1:colcon.colcon_core.package_identification:_identify(build) ignored
[0.172s] Level 1:colcon.colcon_core.package_identification:_identify(config) by extensions ['ignore', 'ignore_ament_install']
[0.172s] Level 1:colcon.colcon_core.package_identification:_identify(config) by extension 'ignore'
[0.172s] Level 1:colcon.colcon_core.package_identification:_identify(config) by extension 'ignore_ament_install'
[0.172s] Level 1:colcon.colcon_core.package_identification:_identify(config) by extensions ['colcon_pkg']
[0.172s] Level 1:colcon.colcon_core.package_identification:_identify(config) by extension 'colcon_pkg'
[0.172s] Level 1:colcon.colcon_core.package_identification:_identify(config) by extensions ['colcon_meta']
[0.172s] Level 1:colcon.colcon_core.package_identification:_identify(config) by extension 'colcon_meta'
[0.172s] Level 1:colcon.colcon_core.package_identification:_identify(config) by extensions ['ros']
[0.172s] Level 1:colcon.colcon_core.package_identification:_identify(config) by extension 'ros'
[0.172s] Level 1:colcon.colcon_core.package_identification:_identify(config) by extensions ['cmake', 'python']
[0.173s] Level 1:colcon.colcon_core.package_identification:_identify(config) by extension 'cmake'
[0.173s] Level 1:colcon.colcon_core.package_identification:_identify(config) by extension 'python'
[0.173s] Level 1:colcon.colcon_core.package_identification:_identify(config) by extensions ['python_setup_py']
[0.173s] Level 1:colcon.colcon_core.package_identification:_identify(config) by extension 'python_setup_py'
[0.173s] Level 1:colcon.colcon_core.package_identification:_identify(config/calib_tool) by extensions ['ignore', 'ignore_ament_install']
[0.173s] Level 1:colcon.colcon_core.package_identification:_identify(config/calib_tool) by extension 'ignore'
[0.173s] Level 1:colcon.colcon_core.package_identification:_identify(config/calib_tool) by extension 'ignore_ament_install'
[0.173s] Level 1:colcon.colcon_core.package_identification:_identify(config/calib_tool) by extensions ['colcon_pkg']
[0.173s] Level 1:colcon.colcon_core.package_identification:_identify(config/calib_tool) by extension 'colcon_pkg'
[0.173s] Level 1:colcon.colcon_core.package_identification:_identify(config/calib_tool) by extensions ['colcon_meta']
[0.173s] Level 1:colcon.colcon_core.package_identification:_identify(config/calib_tool) by extension 'colcon_meta'
[0.173s] Level 1:colcon.colcon_core.package_identification:_identify(config/calib_tool) by extensions ['ros']
[0.173s] Level 1:colcon.colcon_core.package_identification:_identify(config/calib_tool) by extension 'ros'
[0.173s] Level 1:colcon.colcon_core.package_identification:_identify(config/calib_tool) by extensions ['cmake', 'python']
[0.173s] Level 1:colcon.colcon_core.package_identification:_identify(config/calib_tool) by extension 'cmake'
[0.173s] Level 1:colcon.colcon_core.package_identification:_identify(config/calib_tool) by extension 'python'
[0.173s] Level 1:colcon.colcon_core.package_identification:_identify(config/calib_tool) by extensions ['python_setup_py']
[0.173s] Level 1:colcon.colcon_core.package_identification:_identify(config/calib_tool) by extension 'python_setup_py'
[0.173s] Level 1:colcon.colcon_core.package_identification:_identify(install) by extensions ['ignore', 'ignore_ament_install']
[0.173s] Level 1:colcon.colcon_core.package_identification:_identify(install) by extension 'ignore'
[0.173s] Level 1:colcon.colcon_core.package_identification:_identify(install) ignored
[0.173s] Level 1:colcon.colcon_core.package_identification:_identify(launch) by extensions ['ignore', 'ignore_ament_install']
[0.173s] Level 1:colcon.colcon_core.package_identification:_identify(launch) by extension 'ignore'
[0.173s] Level 1:colcon.colcon_core.package_identification:_identify(launch) by extension 'ignore_ament_install'
[0.173s] Level 1:colcon.colcon_core.package_identification:_identify(launch) by extensions ['colcon_pkg']
[0.173s] Level 1:colcon.colcon_core.package_identification:_identify(launch) by extension 'colcon_pkg'
[0.173s] Level 1:colcon.colcon_core.package_identification:_identify(launch) by extensions ['colcon_meta']
[0.173s] Level 1:colcon.colcon_core.package_identification:_identify(launch) by extension 'colcon_meta'
[0.173s] Level 1:colcon.colcon_core.package_identification:_identify(launch) by extensions ['ros']
[0.173s] Level 1:colcon.colcon_core.package_identification:_identify(launch) by extension 'ros'
[0.173s] Level 1:colcon.colcon_core.package_identification:_identify(launch) by extensions ['cmake', 'python']
[0.173s] Level 1:colcon.colcon_core.package_identification:_identify(launch) by extension 'cmake'
[0.173s] Level 1:colcon.colcon_core.package_identification:_identify(launch) by extension 'python'
[0.173s] Level 1:colcon.colcon_core.package_identification:_identify(launch) by extensions ['python_setup_py']
[0.173s] Level 1:colcon.colcon_core.package_identification:_identify(launch) by extension 'python_setup_py'
[0.174s] Level 1:colcon.colcon_core.package_identification:_identify(launch/__pycache__) by extensions ['ignore', 'ignore_ament_install']
[0.174s] Level 1:colcon.colcon_core.package_identification:_identify(launch/__pycache__) by extension 'ignore'
[0.174s] Level 1:colcon.colcon_core.package_identification:_identify(launch/__pycache__) by extension 'ignore_ament_install'
[0.174s] Level 1:colcon.colcon_core.package_identification:_identify(launch/__pycache__) by extensions ['colcon_pkg']
[0.174s] Level 1:colcon.colcon_core.package_identification:_identify(launch/__pycache__) by extension 'colcon_pkg'
[0.174s] Level 1:colcon.colcon_core.package_identification:_identify(launch/__pycache__) by extensions ['colcon_meta']
[0.174s] Level 1:colcon.colcon_core.package_identification:_identify(launch/__pycache__) by extension 'colcon_meta'
[0.174s] Level 1:colcon.colcon_core.package_identification:_identify(launch/__pycache__) by extensions ['ros']
[0.174s] Level 1:colcon.colcon_core.package_identification:_identify(launch/__pycache__) by extension 'ros'
[0.174s] Level 1:colcon.colcon_core.package_identification:_identify(launch/__pycache__) by extensions ['cmake', 'python']
[0.174s] Level 1:colcon.colcon_core.package_identification:_identify(launch/__pycache__) by extension 'cmake'
[0.174s] Level 1:colcon.colcon_core.package_identification:_identify(launch/__pycache__) by extension 'python'
[0.174s] Level 1:colcon.colcon_core.package_identification:_identify(launch/__pycache__) by extensions ['python_setup_py']
[0.174s] Level 1:colcon.colcon_core.package_identification:_identify(launch/__pycache__) by extension 'python_setup_py'
[0.174s] Level 1:colcon.colcon_core.package_identification:_identify(log) by extensions ['ignore', 'ignore_ament_install']
[0.174s] Level 1:colcon.colcon_core.package_identification:_identify(log) by extension 'ignore'
[0.174s] Level 1:colcon.colcon_core.package_identification:_identify(log) ignored
[0.174s] Level 1:colcon.colcon_core.package_identification:_identify(model) by extensions ['ignore', 'ignore_ament_install']
[0.174s] Level 1:colcon.colcon_core.package_identification:_identify(model) by extension 'ignore'
[0.174s] Level 1:colcon.colcon_core.package_identification:_identify(model) by extension 'ignore_ament_install'
[0.174s] Level 1:colcon.colcon_core.package_identification:_identify(model) by extensions ['colcon_pkg']
[0.174s] Level 1:colcon.colcon_core.package_identification:_identify(model) by extension 'colcon_pkg'
[0.174s] Level 1:colcon.colcon_core.package_identification:_identify(model) by extensions ['colcon_meta']
[0.174s] Level 1:colcon.colcon_core.package_identification:_identify(model) by extension 'colcon_meta'
[0.174s] Level 1:colcon.colcon_core.package_identification:_identify(model) by extensions ['ros']
[0.174s] Level 1:colcon.colcon_core.package_identification:_identify(model) by extension 'ros'
[0.174s] Level 1:colcon.colcon_core.package_identification:_identify(model) by extensions ['cmake', 'python']
[0.174s] Level 1:colcon.colcon_core.package_identification:_identify(model) by extension 'cmake'
[0.174s] Level 1:colcon.colcon_core.package_identification:_identify(model) by extension 'python'
[0.174s] Level 1:colcon.colcon_core.package_identification:_identify(model) by extensions ['python_setup_py']
[0.174s] Level 1:colcon.colcon_core.package_identification:_identify(model) by extension 'python_setup_py'
[0.174s] Level 1:colcon.colcon_core.package_identification:_identify(model/ONNX) by extensions ['ignore', 'ignore_ament_install']
[0.174s] Level 1:colcon.colcon_core.package_identification:_identify(model/ONNX) by extension 'ignore'
[0.174s] Level 1:colcon.colcon_core.package_identification:_identify(model/ONNX) by extension 'ignore_ament_install'
[0.175s] Level 1:colcon.colcon_core.package_identification:_identify(model/ONNX) by extensions ['colcon_pkg']
[0.175s] Level 1:colcon.colcon_core.package_identification:_identify(model/ONNX) by extension 'colcon_pkg'
[0.175s] Level 1:colcon.colcon_core.package_identification:_identify(model/ONNX) by extensions ['colcon_meta']
[0.175s] Level 1:colcon.colcon_core.package_identification:_identify(model/ONNX) by extension 'colcon_meta'
[0.175s] Level 1:colcon.colcon_core.package_identification:_identify(model/ONNX) by extensions ['ros']
[0.175s] Level 1:colcon.colcon_core.package_identification:_identify(model/ONNX) by extension 'ros'
[0.175s] Level 1:colcon.colcon_core.package_identification:_identify(model/ONNX) by extensions ['cmake', 'python']
[0.175s] Level 1:colcon.colcon_core.package_identification:_identify(model/ONNX) by extension 'cmake'
[0.175s] Level 1:colcon.colcon_core.package_identification:_identify(model/ONNX) by extension 'python'
[0.175s] Level 1:colcon.colcon_core.package_identification:_identify(model/ONNX) by extensions ['python_setup_py']
[0.175s] Level 1:colcon.colcon_core.package_identification:_identify(model/ONNX) by extension 'python_setup_py'
[0.175s] Level 1:colcon.colcon_core.package_identification:_identify(scripts) by extensions ['ignore', 'ignore_ament_install']
[0.175s] Level 1:colcon.colcon_core.package_identification:_identify(scripts) by extension 'ignore'
[0.175s] Level 1:colcon.colcon_core.package_identification:_identify(scripts) by extension 'ignore_ament_install'
[0.175s] Level 1:colcon.colcon_core.package_identification:_identify(scripts) by extensions ['colcon_pkg']
[0.175s] Level 1:colcon.colcon_core.package_identification:_identify(scripts) by extension 'colcon_pkg'
[0.175s] Level 1:colcon.colcon_core.package_identification:_identify(scripts) by extensions ['colcon_meta']
[0.175s] Level 1:colcon.colcon_core.package_identification:_identify(scripts) by extension 'colcon_meta'
[0.175s] Level 1:colcon.colcon_core.package_identification:_identify(scripts) by extensions ['ros']
[0.175s] Level 1:colcon.colcon_core.package_identification:_identify(scripts) by extension 'ros'
[0.175s] Level 1:colcon.colcon_core.package_identification:_identify(scripts) by extensions ['cmake', 'python']
[0.175s] Level 1:colcon.colcon_core.package_identification:_identify(scripts) by extension 'cmake'
[0.175s] Level 1:colcon.colcon_core.package_identification:_identify(scripts) by extension 'python'
[0.175s] Level 1:colcon.colcon_core.package_identification:_identify(scripts) by extensions ['python_setup_py']
[0.175s] Level 1:colcon.colcon_core.package_identification:_identify(scripts) by extension 'python_setup_py'
[0.175s] Level 1:colcon.colcon_core.package_identification:_identify(src) by extensions ['ignore', 'ignore_ament_install']
[0.175s] Level 1:colcon.colcon_core.package_identification:_identify(src) by extension 'ignore'
[0.175s] Level 1:colcon.colcon_core.package_identification:_identify(src) by extension 'ignore_ament_install'
[0.175s] Level 1:colcon.colcon_core.package_identification:_identify(src) by extensions ['colcon_pkg']
[0.175s] Level 1:colcon.colcon_core.package_identification:_identify(src) by extension 'colcon_pkg'
[0.175s] Level 1:colcon.colcon_core.package_identification:_identify(src) by extensions ['colcon_meta']
[0.175s] Level 1:colcon.colcon_core.package_identification:_identify(src) by extension 'colcon_meta'
[0.175s] Level 1:colcon.colcon_core.package_identification:_identify(src) by extensions ['ros']
[0.175s] Level 1:colcon.colcon_core.package_identification:_identify(src) by extension 'ros'
[0.175s] Level 1:colcon.colcon_core.package_identification:_identify(src) by extensions ['cmake', 'python']
[0.175s] Level 1:colcon.colcon_core.package_identification:_identify(src) by extension 'cmake'
[0.175s] Level 1:colcon.colcon_core.package_identification:_identify(src) by extension 'python'
[0.175s] Level 1:colcon.colcon_core.package_identification:_identify(src) by extensions ['python_setup_py']
[0.175s] Level 1:colcon.colcon_core.package_identification:_identify(src) by extension 'python_setup_py'
[0.176s] Level 1:colcon.colcon_core.package_identification:_identify(src/camera_vision) by extensions ['ignore', 'ignore_ament_install']
[0.176s] Level 1:colcon.colcon_core.package_identification:_identify(src/camera_vision) by extension 'ignore'
[0.176s] Level 1:colcon.colcon_core.package_identification:_identify(src/camera_vision) by extension 'ignore_ament_install'
[0.176s] Level 1:colcon.colcon_core.package_identification:_identify(src/camera_vision) by extensions ['colcon_pkg']
[0.176s] Level 1:colcon.colcon_core.package_identification:_identify(src/camera_vision) by extension 'colcon_pkg'
[0.176s] Level 1:colcon.colcon_core.package_identification:_identify(src/camera_vision) by extensions ['colcon_meta']
[0.176s] Level 1:colcon.colcon_core.package_identification:_identify(src/camera_vision) by extension 'colcon_meta'
[0.176s] Level 1:colcon.colcon_core.package_identification:_identify(src/camera_vision) by extensions ['ros']
[0.176s] Level 1:colcon.colcon_core.package_identification:_identify(src/camera_vision) by extension 'ros'
[0.177s] DEBUG:colcon.colcon_core.package_identification:Package 'src/camera_vision' with type 'ros.ament_cmake' and name 'camera_vision'
[0.177s] Level 1:colcon.colcon_core.package_identification:_identify(src/camera_yolo) by extensions ['ignore', 'ignore_ament_install']
[0.177s] Level 1:colcon.colcon_core.package_identification:_identify(src/camera_yolo) by extension 'ignore'
[0.178s] Level 1:colcon.colcon_core.package_identification:_identify(src/camera_yolo) by extension 'ignore_ament_install'
[0.178s] Level 1:colcon.colcon_core.package_identification:_identify(src/camera_yolo) by extensions ['colcon_pkg']
[0.178s] Level 1:colcon.colcon_core.package_identification:_identify(src/camera_yolo) by extension 'colcon_pkg'
[0.178s] Level 1:colcon.colcon_core.package_identification:_identify(src/camera_yolo) by extensions ['colcon_meta']
[0.178s] Level 1:colcon.colcon_core.package_identification:_identify(src/camera_yolo) by extension 'colcon_meta'
[0.178s] Level 1:colcon.colcon_core.package_identification:_identify(src/camera_yolo) by extensions ['ros']
[0.178s] Level 1:colcon.colcon_core.package_identification:_identify(src/camera_yolo) by extension 'ros'
[0.178s] DEBUG:colcon.colcon_core.package_identification:Package 'src/camera_yolo' with type 'ros.ament_python' and name 'camera_yolo'
[0.178s] Level 1:colcon.colcon_core.package_identification:_identify(src/fusion) by extensions ['ignore', 'ignore_ament_install']
[0.178s] Level 1:colcon.colcon_core.package_identification:_identify(src/fusion) by extension 'ignore'
[0.178s] Level 1:colcon.colcon_core.package_identification:_identify(src/fusion) by extension 'ignore_ament_install'
[0.178s] Level 1:colcon.colcon_core.package_identification:_identify(src/fusion) by extensions ['colcon_pkg']
[0.178s] Level 1:colcon.colcon_core.package_identification:_identify(src/fusion) by extension 'colcon_pkg'
[0.178s] Level 1:colcon.colcon_core.package_identification:_identify(src/fusion) by extensions ['colcon_meta']
[0.178s] Level 1:colcon.colcon_core.package_identification:_identify(src/fusion) by extension 'colcon_meta'
[0.178s] Level 1:colcon.colcon_core.package_identification:_identify(src/fusion) by extensions ['ros']
[0.178s] Level 1:colcon.colcon_core.package_identification:_identify(src/fusion) by extension 'ros'
[0.179s] DEBUG:colcon.colcon_core.package_identification:Package 'src/fusion' with type 'ros.ament_cmake' and name 'fusion'
[0.179s] Level 1:colcon.colcon_core.package_identification:_identify(src/hik_camera) by extensions ['ignore', 'ignore_ament_install']
[0.179s] Level 1:colcon.colcon_core.package_identification:_identify(src/hik_camera) by extension 'ignore'
[0.179s] Level 1:colcon.colcon_core.package_identification:_identify(src/hik_camera) by extension 'ignore_ament_install'
[0.179s] Level 1:colcon.colcon_core.package_identification:_identify(src/hik_camera) by extensions ['colcon_pkg']
[0.179s] Level 1:colcon.colcon_core.package_identification:_identify(src/hik_camera) by extension 'colcon_pkg'
[0.179s] Level 1:colcon.colcon_core.package_identification:_identify(src/hik_camera) by extensions ['colcon_meta']
[0.179s] Level 1:colcon.colcon_core.package_identification:_identify(src/hik_camera) by extension 'colcon_meta'
[0.179s] Level 1:colcon.colcon_core.package_identification:_identify(src/hik_camera) by extensions ['ros']
[0.179s] Level 1:colcon.colcon_core.package_identification:_identify(src/hik_camera) by extension 'ros'
[0.180s] DEBUG:colcon.colcon_core.package_identification:Package 'src/hik_camera' with type 'ros.ament_cmake' and name 'hik_camera_ros2_driver'
[0.180s] Level 1:colcon.colcon_core.package_identification:_identify(src/interface) by extensions ['ignore', 'ignore_ament_install']
[0.180s] Level 1:colcon.colcon_core.package_identification:_identify(src/interface) by extension 'ignore'
[0.180s] Level 1:colcon.colcon_core.package_identification:_identify(src/interface) by extension 'ignore_ament_install'
[0.180s] Level 1:colcon.colcon_core.package_identification:_identify(src/interface) by extensions ['colcon_pkg']
[0.180s] Level 1:colcon.colcon_core.package_identification:_identify(src/interface) by extension 'colcon_pkg'
[0.180s] Level 1:colcon.colcon_core.package_identification:_identify(src/interface) by extensions ['colcon_meta']
[0.180s] Level 1:colcon.colcon_core.package_identification:_identify(src/interface) by extension 'colcon_meta'
[0.180s] Level 1:colcon.colcon_core.package_identification:_identify(src/interface) by extensions ['ros']
[0.180s] Level 1:colcon.colcon_core.package_identification:_identify(src/interface) by extension 'ros'
[0.180s] DEBUG:colcon.colcon_core.package_identification:Package 'src/interface' with type 'ros.ament_cmake' and name 'interface'
[0.181s] Level 1:colcon.colcon_core.package_identification:_identify(src/livox_driver) by extensions ['ignore', 'ignore_ament_install']
[0.181s] Level 1:colcon.colcon_core.package_identification:_identify(src/livox_driver) by extension 'ignore'
[0.181s] Level 1:colcon.colcon_core.package_identification:_identify(src/livox_driver) by extension 'ignore_ament_install'
[0.181s] Level 1:colcon.colcon_core.package_identification:_identify(src/livox_driver) by extensions ['colcon_pkg']
[0.181s] Level 1:colcon.colcon_core.package_identification:_identify(src/livox_driver) by extension 'colcon_pkg'
[0.181s] Level 1:colcon.colcon_core.package_identification:_identify(src/livox_driver) by extensions ['colcon_meta']
[0.181s] Level 1:colcon.colcon_core.package_identification:_identify(src/livox_driver) by extension 'colcon_meta'
[0.181s] Level 1:colcon.colcon_core.package_identification:_identify(src/livox_driver) by extensions ['ros']
[0.181s] Level 1:colcon.colcon_core.package_identification:_identify(src/livox_driver) by extension 'ros'
[0.181s] Level 1:colcon.colcon_core.package_identification:_identify(src/livox_driver) by extensions ['cmake', 'python']
[0.181s] Level 1:colcon.colcon_core.package_identification:_identify(src/livox_driver) by extension 'cmake'
[0.181s] Level 1:colcon.colcon_core.package_identification:_identify(src/livox_driver) by extension 'python'
[0.181s] Level 1:colcon.colcon_core.package_identification:_identify(src/livox_driver) by extensions ['python_setup_py']
[0.181s] Level 1:colcon.colcon_core.package_identification:_identify(src/livox_driver) by extension 'python_setup_py'
[0.181s] Level 1:colcon.colcon_core.package_identification:_identify(src/livox_driver/images) by extensions ['ignore', 'ignore_ament_install']
[0.181s] Level 1:colcon.colcon_core.package_identification:_identify(src/livox_driver/images) by extension 'ignore'
[0.181s] Level 1:colcon.colcon_core.package_identification:_identify(src/livox_driver/images) by extension 'ignore_ament_install'
[0.181s] Level 1:colcon.colcon_core.package_identification:_identify(src/livox_driver/images) by extensions ['colcon_pkg']
[0.181s] Level 1:colcon.colcon_core.package_identification:_identify(src/livox_driver/images) by extension 'colcon_pkg'
[0.181s] Level 1:colcon.colcon_core.package_identification:_identify(src/livox_driver/images) by extensions ['colcon_meta']
[0.181s] Level 1:colcon.colcon_core.package_identification:_identify(src/livox_driver/images) by extension 'colcon_meta'
[0.181s] Level 1:colcon.colcon_core.package_identification:_identify(src/livox_driver/images) by extensions ['ros']
[0.181s] Level 1:colcon.colcon_core.package_identification:_identify(src/livox_driver/images) by extension 'ros'
[0.181s] Level 1:colcon.colcon_core.package_identification:_identify(src/livox_driver/images) by extensions ['cmake', 'python']
[0.181s] Level 1:colcon.colcon_core.package_identification:_identify(src/livox_driver/images) by extension 'cmake'
[0.181s] Level 1:colcon.colcon_core.package_identification:_identify(src/livox_driver/images) by extension 'python'
[0.181s] Level 1:colcon.colcon_core.package_identification:_identify(src/livox_driver/images) by extensions ['python_setup_py']
[0.181s] Level 1:colcon.colcon_core.package_identification:_identify(src/livox_driver/images) by extension 'python_setup_py'
[0.181s] Level 1:colcon.colcon_core.package_identification:_identify(src/livox_driver/livox_interfaces) by extensions ['ignore', 'ignore_ament_install']
[0.181s] Level 1:colcon.colcon_core.package_identification:_identify(src/livox_driver/livox_interfaces) by extension 'ignore'
[0.181s] Level 1:colcon.colcon_core.package_identification:_identify(src/livox_driver/livox_interfaces) by extension 'ignore_ament_install'
[0.181s] Level 1:colcon.colcon_core.package_identification:_identify(src/livox_driver/livox_interfaces) by extensions ['colcon_pkg']
[0.181s] Level 1:colcon.colcon_core.package_identification:_identify(src/livox_driver/livox_interfaces) by extension 'colcon_pkg'
[0.181s] Level 1:colcon.colcon_core.package_identification:_identify(src/livox_driver/livox_interfaces) by extensions ['colcon_meta']
[0.181s] Level 1:colcon.colcon_core.package_identification:_identify(src/livox_driver/livox_interfaces) by extension 'colcon_meta'
[0.182s] Level 1:colcon.colcon_core.package_identification:_identify(src/livox_driver/livox_interfaces) by extensions ['ros']
[0.182s] Level 1:colcon.colcon_core.package_identification:_identify(src/livox_driver/livox_interfaces) by extension 'ros'
[0.182s] DEBUG:colcon.colcon_core.package_identification:Package 'src/livox_driver/livox_interfaces' with type 'ros.ament_cmake' and name 'livox_interfaces'
[0.182s] Level 1:colcon.colcon_core.package_identification:_identify(src/livox_driver/livox_ros2_avia) by extensions ['ignore', 'ignore_ament_install']
[0.182s] Level 1:colcon.colcon_core.package_identification:_identify(src/livox_driver/livox_ros2_avia) by extension 'ignore'
[0.182s] Level 1:colcon.colcon_core.package_identification:_identify(src/livox_driver/livox_ros2_avia) by extension 'ignore_ament_install'
[0.182s] Level 1:colcon.colcon_core.package_identification:_identify(src/livox_driver/livox_ros2_avia) by extensions ['colcon_pkg']
[0.182s] Level 1:colcon.colcon_core.package_identification:_identify(src/livox_driver/livox_ros2_avia) by extension 'colcon_pkg'
[0.182s] Level 1:colcon.colcon_core.package_identification:_identify(src/livox_driver/livox_ros2_avia) by extensions ['colcon_meta']
[0.182s] Level 1:colcon.colcon_core.package_identification:_identify(src/livox_driver/livox_ros2_avia) by extension 'colcon_meta'
[0.182s] Level 1:colcon.colcon_core.package_identification:_identify(src/livox_driver/livox_ros2_avia) by extensions ['ros']
[0.182s] Level 1:colcon.colcon_core.package_identification:_identify(src/livox_driver/livox_ros2_avia) by extension 'ros'
[0.183s] DEBUG:colcon.colcon_core.package_identification:Package 'src/livox_driver/livox_ros2_avia' with type 'ros.ament_cmake' and name 'livox_ros2_avia'
[0.183s] Level 1:colcon.colcon_core.package_identification:_identify(src/livox_driver/livox_sdk_vendor) by extensions ['ignore', 'ignore_ament_install']
[0.183s] Level 1:colcon.colcon_core.package_identification:_identify(src/livox_driver/livox_sdk_vendor) by extension 'ignore'
[0.183s] Level 1:colcon.colcon_core.package_identification:_identify(src/livox_driver/livox_sdk_vendor) by extension 'ignore_ament_install'
[0.183s] Level 1:colcon.colcon_core.package_identification:_identify(src/livox_driver/livox_sdk_vendor) by extensions ['colcon_pkg']
[0.183s] Level 1:colcon.colcon_core.package_identification:_identify(src/livox_driver/livox_sdk_vendor) by extension 'colcon_pkg'
[0.183s] Level 1:colcon.colcon_core.package_identification:_identify(src/livox_driver/livox_sdk_vendor) by extensions ['colcon_meta']
[0.183s] Level 1:colcon.colcon_core.package_identification:_identify(src/livox_driver/livox_sdk_vendor) by extension 'colcon_meta'
[0.183s] Level 1:colcon.colcon_core.package_identification:_identify(src/livox_driver/livox_sdk_vendor) by extensions ['ros']
[0.183s] Level 1:colcon.colcon_core.package_identification:_identify(src/livox_driver/livox_sdk_vendor) by extension 'ros'
[0.184s] DEBUG:colcon.colcon_core.package_identification:Package 'src/livox_driver/livox_sdk_vendor' with type 'ros.ament_cmake' and name 'livox_sdk_vendor'
[0.184s] Level 1:colcon.colcon_core.package_identification:_identify(src/radar) by extensions ['ignore', 'ignore_ament_install']
[0.184s] Level 1:colcon.colcon_core.package_identification:_identify(src/radar) by extension 'ignore'
[0.184s] Level 1:colcon.colcon_core.package_identification:_identify(src/radar) by extension 'ignore_ament_install'
[0.184s] Level 1:colcon.colcon_core.package_identification:_identify(src/radar) by extensions ['colcon_pkg']
[0.184s] Level 1:colcon.colcon_core.package_identification:_identify(src/radar) by extension 'colcon_pkg'
[0.184s] Level 1:colcon.colcon_core.package_identification:_identify(src/radar) by extensions ['colcon_meta']
[0.184s] Level 1:colcon.colcon_core.package_identification:_identify(src/radar) by extension 'colcon_meta'
[0.184s] Level 1:colcon.colcon_core.package_identification:_identify(src/radar) by extensions ['ros']
[0.184s] Level 1:colcon.colcon_core.package_identification:_identify(src/radar) by extension 'ros'
[0.184s] DEBUG:colcon.colcon_core.package_identification:Package 'src/radar' with type 'ros.ament_cmake' and name 'radar'
[0.184s] Level 1:colcon.colcon_core.package_identification:_identify(src/utils) by extensions ['ignore', 'ignore_ament_install']
[0.185s] Level 1:colcon.colcon_core.package_identification:_identify(src/utils) by extension 'ignore'
[0.185s] Level 1:colcon.colcon_core.package_identification:_identify(src/utils) by extension 'ignore_ament_install'
[0.185s] Level 1:colcon.colcon_core.package_identification:_identify(src/utils) by extensions ['colcon_pkg']
[0.185s] Level 1:colcon.colcon_core.package_identification:_identify(src/utils) by extension 'colcon_pkg'
[0.185s] Level 1:colcon.colcon_core.package_identification:_identify(src/utils) by extensions ['colcon_meta']
[0.185s] Level 1:colcon.colcon_core.package_identification:_identify(src/utils) by extension 'colcon_meta'
[0.185s] Level 1:colcon.colcon_core.package_identification:_identify(src/utils) by extensions ['ros']
[0.185s] Level 1:colcon.colcon_core.package_identification:_identify(src/utils) by extension 'ros'
[0.185s] Level 1:colcon.colcon_core.package_identification:_identify(src/utils) by extensions ['cmake', 'python']
[0.185s] Level 1:colcon.colcon_core.package_identification:_identify(src/utils) by extension 'cmake'
[0.185s] Level 1:colcon.colcon_core.package_identification:_identify(src/utils) by extension 'python'
[0.185s] Level 1:colcon.colcon_core.package_identification:_identify(src/utils) by extensions ['python_setup_py']
[0.185s] Level 1:colcon.colcon_core.package_identification:_identify(src/utils) by extension 'python_setup_py'
[0.185s] Level 1:colcon.colcon_core.package_identification:_identify(src/utils/include) by extensions ['ignore', 'ignore_ament_install']
[0.185s] Level 1:colcon.colcon_core.package_identification:_identify(src/utils/include) by extension 'ignore'
[0.185s] Level 1:colcon.colcon_core.package_identification:_identify(src/utils/include) by extension 'ignore_ament_install'
[0.185s] Level 1:colcon.colcon_core.package_identification:_identify(src/utils/include) by extensions ['colcon_pkg']
[0.185s] Level 1:colcon.colcon_core.package_identification:_identify(src/utils/include) by extension 'colcon_pkg'
[0.185s] Level 1:colcon.colcon_core.package_identification:_identify(src/utils/include) by extensions ['colcon_meta']
[0.185s] Level 1:colcon.colcon_core.package_identification:_identify(src/utils/include) by extension 'colcon_meta'
[0.185s] Level 1:colcon.colcon_core.package_identification:_identify(src/utils/include) by extensions ['ros']
[0.185s] Level 1:colcon.colcon_core.package_identification:_identify(src/utils/include) by extension 'ros'
[0.185s] Level 1:colcon.colcon_core.package_identification:_identify(src/utils/include) by extensions ['cmake', 'python']
[0.185s] Level 1:colcon.colcon_core.package_identification:_identify(src/utils/include) by extension 'cmake'
[0.185s] Level 1:colcon.colcon_core.package_identification:_identify(src/utils/include) by extension 'python'
[0.185s] Level 1:colcon.colcon_core.package_identification:_identify(src/utils/include) by extensions ['python_setup_py']
[0.185s] Level 1:colcon.colcon_core.package_identification:_identify(src/utils/include) by extension 'python_setup_py'
[0.185s] Level 1:colcon.colcon_core.package_identification:_identify(src/utils/include/utils) by extensions ['ignore', 'ignore_ament_install']
[0.185s] Level 1:colcon.colcon_core.package_identification:_identify(src/utils/include/utils) by extension 'ignore'
[0.185s] Level 1:colcon.colcon_core.package_identification:_identify(src/utils/include/utils) by extension 'ignore_ament_install'
[0.185s] Level 1:colcon.colcon_core.package_identification:_identify(src/utils/include/utils) by extensions ['colcon_pkg']
[0.185s] Level 1:colcon.colcon_core.package_identification:_identify(src/utils/include/utils) by extension 'colcon_pkg'
[0.185s] Level 1:colcon.colcon_core.package_identification:_identify(src/utils/include/utils) by extensions ['colcon_meta']
[0.185s] Level 1:colcon.colcon_core.package_identification:_identify(src/utils/include/utils) by extension 'colcon_meta'
[0.185s] Level 1:colcon.colcon_core.package_identification:_identify(src/utils/include/utils) by extensions ['ros']
[0.186s] Level 1:colcon.colcon_core.package_identification:_identify(src/utils/include/utils) by extension 'ros'
[0.186s] Level 1:colcon.colcon_core.package_identification:_identify(src/utils/include/utils) by extensions ['cmake', 'python']
[0.186s] Level 1:colcon.colcon_core.package_identification:_identify(src/utils/include/utils) by extension 'cmake'
[0.186s] Level 1:colcon.colcon_core.package_identification:_identify(src/utils/include/utils) by extension 'python'
[0.186s] Level 1:colcon.colcon_core.package_identification:_identify(src/utils/include/utils) by extensions ['python_setup_py']
[0.186s] Level 1:colcon.colcon_core.package_identification:_identify(src/utils/include/utils) by extension 'python_setup_py'
[0.186s] Level 1:colcon.colcon_core.package_identification:_identify(src/web_dashboard) by extensions ['ignore', 'ignore_ament_install']
[0.186s] Level 1:colcon.colcon_core.package_identification:_identify(src/web_dashboard) by extension 'ignore'
[0.186s] Level 1:colcon.colcon_core.package_identification:_identify(src/web_dashboard) by extension 'ignore_ament_install'
[0.186s] Level 1:colcon.colcon_core.package_identification:_identify(src/web_dashboard) by extensions ['colcon_pkg']
[0.186s] Level 1:colcon.colcon_core.package_identification:_identify(src/web_dashboard) by extension 'colcon_pkg'
[0.186s] Level 1:colcon.colcon_core.package_identification:_identify(src/web_dashboard) by extensions ['colcon_meta']
[0.186s] Level 1:colcon.colcon_core.package_identification:_identify(src/web_dashboard) by extension 'colcon_meta'
[0.186s] Level 1:colcon.colcon_core.package_identification:_identify(src/web_dashboard) by extensions ['ros']
[0.186s] Level 1:colcon.colcon_core.package_identification:_identify(src/web_dashboard) by extension 'ros'
[0.186s] DEBUG:colcon.colcon_core.package_identification:Package 'src/web_dashboard' with type 'ros.ament_python' and name 'web_dashboard'
[0.186s] Level 1:colcon.colcon_core.package_identification:_identify(watchDog) by extensions ['ignore', 'ignore_ament_install']
[0.186s] Level 1:colcon.colcon_core.package_identification:_identify(watchDog) by extension 'ignore'
[0.186s] Level 1:colcon.colcon_core.package_identification:_identify(watchDog) by extension 'ignore_ament_install'
[0.186s] Level 1:colcon.colcon_core.package_identification:_identify(watchDog) by extensions ['colcon_pkg']
[0.187s] Level 1:colcon.colcon_core.package_identification:_identify(watchDog) by extension 'colcon_pkg'
[0.187s] Level 1:colcon.colcon_core.package_identification:_identify(watchDog) by extensions ['colcon_meta']
[0.187s] Level 1:colcon.colcon_core.package_identification:_identify(watchDog) by extension 'colcon_meta'
[0.187s] Level 1:colcon.colcon_core.package_identification:_identify(watchDog) by extensions ['ros']
[0.187s] Level 1:colcon.colcon_core.package_identification:_identify(watchDog) by extension 'ros'
[0.187s] Level 1:colcon.colcon_core.package_identification:_identify(watchDog) by extensions ['cmake', 'python']
[0.187s] Level 1:colcon.colcon_core.package_identification:_identify(watchDog) by extension 'cmake'
[0.187s] Level 1:colcon.colcon_core.package_identification:_identify(watchDog) by extension 'python'
[0.187s] Level 1:colcon.colcon_core.package_identification:_identify(watchDog) by extensions ['python_setup_py']
[0.187s] Level 1:colcon.colcon_core.package_identification:_identify(watchDog) by extension 'python_setup_py'
[0.187s] Level 1:colcon.colcon_core.package_discovery:discover_packages(recursive) using defaults
[0.187s] Level 1:colcon.colcon_core.package_discovery:discover_packages(ignore) discover
[0.187s] Level 1:colcon.colcon_core.package_discovery:discover_packages(ignore) using defaults
[0.187s] Level 1:colcon.colcon_core.package_discovery:discover_packages(path) discover
[0.187s] Level 1:colcon.colcon_core.package_discovery:discover_packages(path) using defaults
[0.207s] Level 1:colcon.colcon_core.package_discovery:discover_packages(prefix_path) check parameters
[0.207s] Level 1:colcon.colcon_core.package_discovery:discover_packages(prefix_path) discover
[0.209s] DEBUG:colcon.colcon_installed_package_information.package_discovery:Found 360 installed packages in /opt/ros/humble
[0.210s] Level 1:colcon.colcon_core.package_discovery:discover_packages(prefix_path) using defaults
[0.236s] Level 5:colcon.colcon_core.verb:set package 'hik_camera_ros2_driver' build argument 'cmake_args' from command line to 'None'
[0.236s] Level 5:colcon.colcon_core.verb:set package 'hik_camera_ros2_driver' build argument 'cmake_target' from command line to 'None'
[0.236s] Level 5:colcon.colcon_core.verb:set package 'hik_camera_ros2_driver' build argument 'cmake_target_skip_unavailable' from command line to 'False'
[0.236s] Level 5:colcon.colcon_core.verb:set package 'hik_camera_ros2_driver' build argument 'cmake_clean_cache' from command line to 'False'
[0.236s] Level 5:colcon.colcon_core.verb:set package 'hik_camera_ros2_driver' build argument 'cmake_clean_first' from command line to 'False'
[0.236s] Level 5:colcon.colcon_core.verb:set package 'hik_camera_ros2_driver' build argument 'cmake_force_configure' from command line to 'False'
[0.236s] Level 5:colcon.colcon_core.verb:set package 'hik_camera_ros2_driver' build argument 'ament_cmake_args' from command line to 'None'
[0.236s] Level 5:colcon.colcon_core.verb:set package 'hik_camera_ros2_driver' build argument 'catkin_cmake_args' from command line to 'None'
[0.236s] Level 5:colcon.colcon_core.verb:set package 'hik_camera_ros2_driver' build argument 'catkin_skip_building_tests' from command line to 'False'
[0.236s] DEBUG:colcon.colcon_core.verb:Building package 'hik_camera_ros2_driver' with the following arguments: {'ament_cmake_args': None, 'build_base': '/home/guichen/Documents/drone-radar-fusion/build/hik_camera_ros2_driver', 'catkin_cmake_args': None, 'catkin_skip_building_tests': False, 'cmake_args': None, 'cmake_clean_cache': False, 'cmake_clean_first': False, 'cmake_force_configure': False, 'cmake_target': None, 'cmake_target_skip_unavailable': False, 'install_base': '/home/guichen/Documents/drone-radar-fusion/install/hik_camera_ros2_driver', 'merge_install': False, 'path': '/home/guichen/Documents/drone-radar-fusion/src/hik_camera', 'symlink_install': True, 'test_result_base': None}
[0.236s] Level 5:colcon.colcon_core.verb:set package 'interface' build argument 'cmake_args' from command line to 'None'
[0.236s] Level 5:colcon.colcon_core.verb:set package 'interface' build argument 'cmake_target' from command line to 'None'
[0.236s] Level 5:colcon.colcon_core.verb:set package 'interface' build argument 'cmake_target_skip_unavailable' from command line to 'False'
[0.236s] Level 5:colcon.colcon_core.verb:set package 'interface' build argument 'cmake_clean_cache' from command line to 'False'
[0.236s] Level 5:colcon.colcon_core.verb:set package 'interface' build argument 'cmake_clean_first' from command line to 'False'
[0.236s] Level 5:colcon.colcon_core.verb:set package 'interface' build argument 'cmake_force_configure' from command line to 'False'
[0.236s] Level 5:colcon.colcon_core.verb:set package 'interface' build argument 'ament_cmake_args' from command line to 'None'
[0.236s] Level 5:colcon.colcon_core.verb:set package 'interface' build argument 'catkin_cmake_args' from command line to 'None'
[0.237s] Level 5:colcon.colcon_core.verb:set package 'interface' build argument 'catkin_skip_building_tests' from command line to 'False'
[0.237s] DEBUG:colcon.colcon_core.verb:Building package 'interface' with the following arguments: {'ament_cmake_args': None, 'build_base': '/home/guichen/Documents/drone-radar-fusion/build/interface', 'catkin_cmake_args': None, 'catkin_skip_building_tests': False, 'cmake_args': None, 'cmake_clean_cache': False, 'cmake_clean_first': False, 'cmake_force_configure': False, 'cmake_target': None, 'cmake_target_skip_unavailable': False, 'install_base': '/home/guichen/Documents/drone-radar-fusion/install/interface', 'merge_install': False, 'path': '/home/guichen/Documents/drone-radar-fusion/src/interface', 'symlink_install': True, 'test_result_base': None}
[0.237s] Level 5:colcon.colcon_core.verb:set package 'livox_interfaces' build argument 'cmake_args' from command line to 'None'
[0.237s] Level 5:colcon.colcon_core.verb:set package 'livox_interfaces' build argument 'cmake_target' from command line to 'None'
[0.237s] Level 5:colcon.colcon_core.verb:set package 'livox_interfaces' build argument 'cmake_target_skip_unavailable' from command line to 'False'
[0.237s] Level 5:colcon.colcon_core.verb:set package 'livox_interfaces' build argument 'cmake_clean_cache' from command line to 'False'
[0.237s] Level 5:colcon.colcon_core.verb:set package 'livox_interfaces' build argument 'cmake_clean_first' from command line to 'False'
[0.237s] Level 5:colcon.colcon_core.verb:set package 'livox_interfaces' build argument 'cmake_force_configure' from command line to 'False'
[0.237s] Level 5:colcon.colcon_core.verb:set package 'livox_interfaces' build argument 'ament_cmake_args' from command line to 'None'
[0.237s] Level 5:colcon.colcon_core.verb:set package 'livox_interfaces' build argument 'catkin_cmake_args' from command line to 'None'
[0.237s] Level 5:colcon.colcon_core.verb:set package 'livox_interfaces' build argument 'catkin_skip_building_tests' from command line to 'False'
[0.237s] DEBUG:colcon.colcon_core.verb:Building package 'livox_interfaces' with the following arguments: {'ament_cmake_args': None, 'build_base': '/home/guichen/Documents/drone-radar-fusion/build/livox_interfaces', 'catkin_cmake_args': None, 'catkin_skip_building_tests': False, 'cmake_args': None, 'cmake_clean_cache': False, 'cmake_clean_first': False, 'cmake_force_configure': False, 'cmake_target': None, 'cmake_target_skip_unavailable': False, 'install_base': '/home/guichen/Documents/drone-radar-fusion/install/livox_interfaces', 'merge_install': False, 'path': '/home/guichen/Documents/drone-radar-fusion/src/livox_driver/livox_interfaces', 'symlink_install': True, 'test_result_base': None}
[0.237s] Level 5:colcon.colcon_core.verb:set package 'livox_sdk_vendor' build argument 'cmake_args' from command line to 'None'
[0.237s] Level 5:colcon.colcon_core.verb:set package 'livox_sdk_vendor' build argument 'cmake_target' from command line to 'None'
[0.237s] Level 5:colcon.colcon_core.verb:set package 'livox_sdk_vendor' build argument 'cmake_target_skip_unavailable' from command line to 'False'
[0.237s] Level 5:colcon.colcon_core.verb:set package 'livox_sdk_vendor' build argument 'cmake_clean_cache' from command line to 'False'
[0.237s] Level 5:colcon.colcon_core.verb:set package 'livox_sdk_vendor' build argument 'cmake_clean_first' from command line to 'False'
[0.237s] Level 5:colcon.colcon_core.verb:set package 'livox_sdk_vendor' build argument 'cmake_force_configure' from command line to 'False'
[0.237s] Level 5:colcon.colcon_core.verb:set package 'livox_sdk_vendor' build argument 'ament_cmake_args' from command line to 'None'
[0.237s] Level 5:colcon.colcon_core.verb:set package 'livox_sdk_vendor' build argument 'catkin_cmake_args' from command line to 'None'
[0.237s] Level 5:colcon.colcon_core.verb:set package 'livox_sdk_vendor' build argument 'catkin_skip_building_tests' from command line to 'False'
[0.237s] DEBUG:colcon.colcon_core.verb:Building package 'livox_sdk_vendor' with the following arguments: {'ament_cmake_args': None, 'build_base': '/home/guichen/Documents/drone-radar-fusion/build/livox_sdk_vendor', 'catkin_cmake_args': None, 'catkin_skip_building_tests': False, 'cmake_args': None, 'cmake_clean_cache': False, 'cmake_clean_first': False, 'cmake_force_configure': False, 'cmake_target': None, 'cmake_target_skip_unavailable': False, 'install_base': '/home/guichen/Documents/drone-radar-fusion/install/livox_sdk_vendor', 'merge_install': False, 'path': '/home/guichen/Documents/drone-radar-fusion/src/livox_driver/livox_sdk_vendor', 'symlink_install': True, 'test_result_base': None}
[0.237s] Level 5:colcon.colcon_core.verb:set package 'camera_vision' build argument 'cmake_args' from command line to 'None'
[0.237s] Level 5:colcon.colcon_core.verb:set package 'camera_vision' build argument 'cmake_target' from command line to 'None'
[0.237s] Level 5:colcon.colcon_core.verb:set package 'camera_vision' build argument 'cmake_target_skip_unavailable' from command line to 'False'
[0.237s] Level 5:colcon.colcon_core.verb:set package 'camera_vision' build argument 'cmake_clean_cache' from command line to 'False'
[0.237s] Level 5:colcon.colcon_core.verb:set package 'camera_vision' build argument 'cmake_clean_first' from command line to 'False'
[0.237s] Level 5:colcon.colcon_core.verb:set package 'camera_vision' build argument 'cmake_force_configure' from command line to 'False'
[0.237s] Level 5:colcon.colcon_core.verb:set package 'camera_vision' build argument 'ament_cmake_args' from command line to 'None'
[0.237s] Level 5:colcon.colcon_core.verb:set package 'camera_vision' build argument 'catkin_cmake_args' from command line to 'None'
[0.237s] Level 5:colcon.colcon_core.verb:set package 'camera_vision' build argument 'catkin_skip_building_tests' from command line to 'False'
[0.237s] DEBUG:colcon.colcon_core.verb:Building package 'camera_vision' with the following arguments: {'ament_cmake_args': None, 'build_base': '/home/guichen/Documents/drone-radar-fusion/build/camera_vision', 'catkin_cmake_args': None, 'catkin_skip_building_tests': False, 'cmake_args': None, 'cmake_clean_cache': False, 'cmake_clean_first': False, 'cmake_force_configure': False, 'cmake_target': None, 'cmake_target_skip_unavailable': False, 'install_base': '/home/guichen/Documents/drone-radar-fusion/install/camera_vision', 'merge_install': False, 'path': '/home/guichen/Documents/drone-radar-fusion/src/camera_vision', 'symlink_install': True, 'test_result_base': None}
[0.238s] Level 5:colcon.colcon_core.verb:set package 'camera_yolo' build argument 'cmake_args' from command line to 'None'
[0.238s] Level 5:colcon.colcon_core.verb:set package 'camera_yolo' build argument 'cmake_target' from command line to 'None'
[0.238s] Level 5:colcon.colcon_core.verb:set package 'camera_yolo' build argument 'cmake_target_skip_unavailable' from command line to 'False'
[0.238s] Level 5:colcon.colcon_core.verb:set package 'camera_yolo' build argument 'cmake_clean_cache' from command line to 'False'
[0.238s] Level 5:colcon.colcon_core.verb:set package 'camera_yolo' build argument 'cmake_clean_first' from command line to 'False'
[0.238s] Level 5:colcon.colcon_core.verb:set package 'camera_yolo' build argument 'cmake_force_configure' from command line to 'False'
[0.238s] Level 5:colcon.colcon_core.verb:set package 'camera_yolo' build argument 'ament_cmake_args' from command line to 'None'
[0.238s] Level 5:colcon.colcon_core.verb:set package 'camera_yolo' build argument 'catkin_cmake_args' from command line to 'None'
[0.238s] Level 5:colcon.colcon_core.verb:set package 'camera_yolo' build argument 'catkin_skip_building_tests' from command line to 'False'
[0.238s] DEBUG:colcon.colcon_core.verb:Building package 'camera_yolo' with the following arguments: {'ament_cmake_args': None, 'build_base': '/home/guichen/Documents/drone-radar-fusion/build/camera_yolo', 'catkin_cmake_args': None, 'catkin_skip_building_tests': False, 'cmake_args': None, 'cmake_clean_cache': False, 'cmake_clean_first': False, 'cmake_force_configure': False, 'cmake_target': None, 'cmake_target_skip_unavailable': False, 'install_base': '/home/guichen/Documents/drone-radar-fusion/install/camera_yolo', 'merge_install': False, 'path': '/home/guichen/Documents/drone-radar-fusion/src/camera_yolo', 'symlink_install': True, 'test_result_base': None}
[0.238s] Level 5:colcon.colcon_core.verb:set package 'fusion' build argument 'cmake_args' from command line to 'None'
[0.238s] Level 5:colcon.colcon_core.verb:set package 'fusion' build argument 'cmake_target' from command line to 'None'
[0.238s] Level 5:colcon.colcon_core.verb:set package 'fusion' build argument 'cmake_target_skip_unavailable' from command line to 'False'
[0.238s] Level 5:colcon.colcon_core.verb:set package 'fusion' build argument 'cmake_clean_cache' from command line to 'False'
[0.238s] Level 5:colcon.colcon_core.verb:set package 'fusion' build argument 'cmake_clean_first' from command line to 'False'
[0.238s] Level 5:colcon.colcon_core.verb:set package 'fusion' build argument 'cmake_force_configure' from command line to 'False'
[0.238s] Level 5:colcon.colcon_core.verb:set package 'fusion' build argument 'ament_cmake_args' from command line to 'None'
[0.238s] Level 5:colcon.colcon_core.verb:set package 'fusion' build argument 'catkin_cmake_args' from command line to 'None'
[0.238s] Level 5:colcon.colcon_core.verb:set package 'fusion' build argument 'catkin_skip_building_tests' from command line to 'False'
[0.238s] DEBUG:colcon.colcon_core.verb:Building package 'fusion' with the following arguments: {'ament_cmake_args': None, 'build_base': '/home/guichen/Documents/drone-radar-fusion/build/fusion', 'catkin_cmake_args': None, 'catkin_skip_building_tests': False, 'cmake_args': None, 'cmake_clean_cache': False, 'cmake_clean_first': False, 'cmake_force_configure': False, 'cmake_target': None, 'cmake_target_skip_unavailable': False, 'install_base': '/home/guichen/Documents/drone-radar-fusion/install/fusion', 'merge_install': False, 'path': '/home/guichen/Documents/drone-radar-fusion/src/fusion', 'symlink_install': True, 'test_result_base': None}
[0.238s] Level 5:colcon.colcon_core.verb:set package 'livox_ros2_avia' build argument 'cmake_args' from command line to 'None'
[0.238s] Level 5:colcon.colcon_core.verb:set package 'livox_ros2_avia' build argument 'cmake_target' from command line to 'None'
[0.238s] Level 5:colcon.colcon_core.verb:set package 'livox_ros2_avia' build argument 'cmake_target_skip_unavailable' from command line to 'False'
[0.238s] Level 5:colcon.colcon_core.verb:set package 'livox_ros2_avia' build argument 'cmake_clean_cache' from command line to 'False'
[0.238s] Level 5:colcon.colcon_core.verb:set package 'livox_ros2_avia' build argument 'cmake_clean_first' from command line to 'False'
[0.238s] Level 5:colcon.colcon_core.verb:set package 'livox_ros2_avia' build argument 'cmake_force_configure' from command line to 'False'
[0.238s] Level 5:colcon.colcon_core.verb:set package 'livox_ros2_avia' build argument 'ament_cmake_args' from command line to 'None'
[0.238s] Level 5:colcon.colcon_core.verb:set package 'livox_ros2_avia' build argument 'catkin_cmake_args' from command line to 'None'
[0.238s] Level 5:colcon.colcon_core.verb:set package 'livox_ros2_avia' build argument 'catkin_skip_building_tests' from command line to 'False'
[0.238s] DEBUG:colcon.colcon_core.verb:Building package 'livox_ros2_avia' with the following arguments: {'ament_cmake_args': None, 'build_base': '/home/guichen/Documents/drone-radar-fusion/build/livox_ros2_avia', 'catkin_cmake_args': None, 'catkin_skip_building_tests': False, 'cmake_args': None, 'cmake_clean_cache': False, 'cmake_clean_first': False, 'cmake_force_configure': False, 'cmake_target': None, 'cmake_target_skip_unavailable': False, 'install_base': '/home/guichen/Documents/drone-radar-fusion/install/livox_ros2_avia', 'merge_install': False, 'path': '/home/guichen/Documents/drone-radar-fusion/src/livox_driver/livox_ros2_avia', 'symlink_install': True, 'test_result_base': None}
[0.239s] Level 5:colcon.colcon_core.verb:set package 'radar' build argument 'cmake_args' from command line to 'None'
[0.239s] Level 5:colcon.colcon_core.verb:set package 'radar' build argument 'cmake_target' from command line to 'None'
[0.239s] Level 5:colcon.colcon_core.verb:set package 'radar' build argument 'cmake_target_skip_unavailable' from command line to 'False'
[0.239s] Level 5:colcon.colcon_core.verb:set package 'radar' build argument 'cmake_clean_cache' from command line to 'False'
[0.239s] Level 5:colcon.colcon_core.verb:set package 'radar' build argument 'cmake_clean_first' from command line to 'False'
[0.239s] Level 5:colcon.colcon_core.verb:set package 'radar' build argument 'cmake_force_configure' from command line to 'False'
[0.239s] Level 5:colcon.colcon_core.verb:set package 'radar' build argument 'ament_cmake_args' from command line to 'None'
[0.239s] Level 5:colcon.colcon_core.verb:set package 'radar' build argument 'catkin_cmake_args' from command line to 'None'
[0.239s] Level 5:colcon.colcon_core.verb:set package 'radar' build argument 'catkin_skip_building_tests' from command line to 'False'
[0.239s] DEBUG:colcon.colcon_core.verb:Building package 'radar' with the following arguments: {'ament_cmake_args': None, 'build_base': '/home/guichen/Documents/drone-radar-fusion/build/radar', 'catkin_cmake_args': None, 'catkin_skip_building_tests': False, 'cmake_args': None, 'cmake_clean_cache': False, 'cmake_clean_first': False, 'cmake_force_configure': False, 'cmake_target': None, 'cmake_target_skip_unavailable': False, 'install_base': '/home/guichen/Documents/drone-radar-fusion/install/radar', 'merge_install': False, 'path': '/home/guichen/Documents/drone-radar-fusion/src/radar', 'symlink_install': True, 'test_result_base': None}
[0.239s] Level 5:colcon.colcon_core.verb:set package 'web_dashboard' build argument 'cmake_args' from command line to 'None'
[0.239s] Level 5:colcon.colcon_core.verb:set package 'web_dashboard' build argument 'cmake_target' from command line to 'None'
[0.239s] Level 5:colcon.colcon_core.verb:set package 'web_dashboard' build argument 'cmake_target_skip_unavailable' from command line to 'False'
[0.239s] Level 5:colcon.colcon_core.verb:set package 'web_dashboard' build argument 'cmake_clean_cache' from command line to 'False'
[0.239s] Level 5:colcon.colcon_core.verb:set package 'web_dashboard' build argument 'cmake_clean_first' from command line to 'False'
[0.239s] Level 5:colcon.colcon_core.verb:set package 'web_dashboard' build argument 'cmake_force_configure' from command line to 'False'
[0.239s] Level 5:colcon.colcon_core.verb:set package 'web_dashboard' build argument 'ament_cmake_args' from command line to 'None'
[0.239s] Level 5:colcon.colcon_core.verb:set package 'web_dashboard' build argument 'catkin_cmake_args' from command line to 'None'
[0.239s] Level 5:colcon.colcon_core.verb:set package 'web_dashboard' build argument 'catkin_skip_building_tests' from command line to 'False'
[0.239s] DEBUG:colcon.colcon_core.verb:Building package 'web_dashboard' with the following arguments: {'ament_cmake_args': None, 'build_base': '/home/guichen/Documents/drone-radar-fusion/build/web_dashboard', 'catkin_cmake_args': None, 'catkin_skip_building_tests': False, 'cmake_args': None, 'cmake_clean_cache': False, 'cmake_clean_first': False, 'cmake_force_configure': False, 'cmake_target': None, 'cmake_target_skip_unavailable': False, 'install_base': '/home/guichen/Documents/drone-radar-fusion/install/web_dashboard', 'merge_install': False, 'path': '/home/guichen/Documents/drone-radar-fusion/src/web_dashboard', 'symlink_install': True, 'test_result_base': None}
[0.239s] INFO:colcon.colcon_core.executor:Executing jobs using 'parallel' executor
[0.240s] DEBUG:colcon.colcon_parallel_executor.executor.parallel:run_until_complete
[0.240s] INFO:colcon.colcon_ros.task.ament_cmake.build:Building ROS package in '/home/guichen/Documents/drone-radar-fusion/src/interface' with build type 'ament_cmake'
[0.240s] INFO:colcon.colcon_cmake.task.cmake.build:Building CMake package in '/home/guichen/Documents/drone-radar-fusion/src/interface'
[0.241s] INFO:colcon.colcon_core.plugin_system:Skipping extension 'colcon_core.shell.bat': Not used on non-Windows systems
[0.241s] INFO:colcon.colcon_core.shell:Skip shell extension 'powershell' for command environment: Not usable outside of PowerShell
[0.241s] DEBUG:colcon.colcon_core.shell:Skip shell extension 'dsv' for command environment
[0.243s] INFO:colcon.colcon_ros.task.ament_cmake.build:Building ROS package in '/home/guichen/Documents/drone-radar-fusion/src/livox_driver/livox_interfaces' with build type 'ament_cmake'
[0.243s] INFO:colcon.colcon_cmake.task.cmake.build:Building CMake package in '/home/guichen/Documents/drone-radar-fusion/src/livox_driver/livox_interfaces'
[0.244s] INFO:colcon.colcon_core.shell:Skip shell extension 'powershell' for command environment: Not usable outside of PowerShell
[0.244s] DEBUG:colcon.colcon_core.shell:Skip shell extension 'dsv' for command environment
[0.245s] INFO:colcon.colcon_ros.task.ament_cmake.build:Building ROS package in '/home/guichen/Documents/drone-radar-fusion/src/livox_driver/livox_sdk_vendor' with build type 'ament_cmake'
[0.245s] INFO:colcon.colcon_cmake.task.cmake.build:Building CMake package in '/home/guichen/Documents/drone-radar-fusion/src/livox_driver/livox_sdk_vendor'
[0.246s] INFO:colcon.colcon_core.shell:Skip shell extension 'powershell' for command environment: Not usable outside of PowerShell
[0.246s] DEBUG:colcon.colcon_core.shell:Skip shell extension 'dsv' for command environment
[0.250s] DEBUG:colcon.colcon_core.event_handler.log_command:Invoking command in '/home/guichen/Documents/drone-radar-fusion/build/interface': CMAKE_PREFIX_PATH=/opt/ros/humble /usr/bin/cmake --build /home/guichen/Documents/drone-radar-fusion/build/interface -- -j16 -l16
[0.252s] DEBUG:colcon.colcon_core.event_handler.log_command:Invoking command in '/home/guichen/Documents/drone-radar-fusion/build/livox_interfaces': CMAKE_PREFIX_PATH=/opt/ros/humble /usr/bin/cmake --build /home/guichen/Documents/drone-radar-fusion/build/livox_interfaces -- -j16 -l16
[0.254s] DEBUG:colcon.colcon_core.event_handler.log_command:Invoking command in '/home/guichen/Documents/drone-radar-fusion/build/livox_sdk_vendor': CMAKE_PREFIX_PATH=/opt/ros/humble /usr/bin/cmake --build /home/guichen/Documents/drone-radar-fusion/build/livox_sdk_vendor -- -j16 -l16
[0.514s] DEBUG:colcon.colcon_core.event_handler.log_command:Invoked command in '/home/guichen/Documents/drone-radar-fusion/build/livox_interfaces' returned '0': CMAKE_PREFIX_PATH=/opt/ros/humble /usr/bin/cmake --build /home/guichen/Documents/drone-radar-fusion/build/livox_interfaces -- -j16 -l16
[0.521s] DEBUG:colcon.colcon_core.event_handler.log_command:Invoking command in '/home/guichen/Documents/drone-radar-fusion/build/livox_interfaces': CMAKE_PREFIX_PATH=/opt/ros/humble /usr/bin/cmake --install /home/guichen/Documents/drone-radar-fusion/build/livox_interfaces
[0.521s] DEBUG:colcon.colcon_core.event_handler.log_command:Invoked command in '/home/guichen/Documents/drone-radar-fusion/build/interface' returned '0': CMAKE_PREFIX_PATH=/opt/ros/humble /usr/bin/cmake --build /home/guichen/Documents/drone-radar-fusion/build/interface -- -j16 -l16
[0.522s] DEBUG:colcon.colcon_core.event_handler.log_command:Invoking command in '/home/guichen/Documents/drone-radar-fusion/build/interface': CMAKE_PREFIX_PATH=/opt/ros/humble /usr/bin/cmake --install /home/guichen/Documents/drone-radar-fusion/build/interface
[0.566s] Level 1:colcon.colcon_core.environment:create_environment_scripts_only(livox_interfaces)
[0.567s] DEBUG:colcon.colcon_core.event_handler.log_command:Invoked command in '/home/guichen/Documents/drone-radar-fusion/build/livox_interfaces' returned '0': CMAKE_PREFIX_PATH=/opt/ros/humble /usr/bin/cmake --install /home/guichen/Documents/drone-radar-fusion/build/livox_interfaces
[0.569s] Level 1:colcon.colcon_core.environment:checking '/home/guichen/Documents/drone-radar-fusion/install/livox_interfaces' for CMake module files
[0.569s] Level 1:colcon.colcon_core.environment:checking '/home/guichen/Documents/drone-radar-fusion/install/livox_interfaces' for CMake config files
[0.570s] Level 1:colcon.colcon_core.shell:create_environment_hook('livox_interfaces', 'cmake_prefix_path')
[0.570s] INFO:colcon.colcon_core.shell:Creating environment hook '/home/guichen/Documents/drone-radar-fusion/install/livox_interfaces/share/livox_interfaces/hook/cmake_prefix_path.ps1'
[0.571s] INFO:colcon.colcon_core.shell:Creating environment descriptor '/home/guichen/Documents/drone-radar-fusion/install/livox_interfaces/share/livox_interfaces/hook/cmake_prefix_path.dsv'
[0.571s] INFO:colcon.colcon_core.shell:Creating environment hook '/home/guichen/Documents/drone-radar-fusion/install/livox_interfaces/share/livox_interfaces/hook/cmake_prefix_path.sh'
[0.571s] Level 1:colcon.colcon_core.environment:checking '/home/guichen/Documents/drone-radar-fusion/install/livox_interfaces/lib'
[0.572s] Level 1:colcon.colcon_core.shell:create_environment_hook('livox_interfaces', 'ld_library_path_lib')
[0.572s] INFO:colcon.colcon_core.shell:Creating environment hook '/home/guichen/Documents/drone-radar-fusion/install/livox_interfaces/share/livox_interfaces/hook/ld_library_path_lib.ps1'
[0.572s] INFO:colcon.colcon_core.shell:Creating environment descriptor '/home/guichen/Documents/drone-radar-fusion/install/livox_interfaces/share/livox_interfaces/hook/ld_library_path_lib.dsv'
[0.572s] INFO:colcon.colcon_core.shell:Creating environment hook '/home/guichen/Documents/drone-radar-fusion/install/livox_interfaces/share/livox_interfaces/hook/ld_library_path_lib.sh'
[0.572s] Level 1:colcon.colcon_core.environment:checking '/home/guichen/Documents/drone-radar-fusion/install/livox_interfaces/bin'
[0.572s] Level 1:colcon.colcon_core.environment:checking '/home/guichen/Documents/drone-radar-fusion/install/livox_interfaces/lib/pkgconfig/livox_interfaces.pc'
[0.573s] Level 1:colcon.colcon_core.environment:checking '/home/guichen/Documents/drone-radar-fusion/install/livox_interfaces/lib/python3.10/site-packages'
[0.573s] Level 1:colcon.colcon_core.environment:checking '/home/guichen/Documents/drone-radar-fusion/install/livox_interfaces/bin'
[0.573s] INFO:colcon.colcon_core.shell:Creating package script '/home/guichen/Documents/drone-radar-fusion/install/livox_interfaces/share/livox_interfaces/package.ps1'
[0.574s] INFO:colcon.colcon_core.shell:Creating package descriptor '/home/guichen/Documents/drone-radar-fusion/install/livox_interfaces/share/livox_interfaces/package.dsv'
[0.574s] INFO:colcon.colcon_core.shell:Creating package script '/home/guichen/Documents/drone-radar-fusion/install/livox_interfaces/share/livox_interfaces/package.sh'
[0.575s] INFO:colcon.colcon_core.shell:Creating package script '/home/guichen/Documents/drone-radar-fusion/install/livox_interfaces/share/livox_interfaces/package.bash'
[0.575s] INFO:colcon.colcon_core.shell:Creating package script '/home/guichen/Documents/drone-radar-fusion/install/livox_interfaces/share/livox_interfaces/package.zsh'
[0.576s] Level 1:colcon.colcon_core.environment:create_file_with_runtime_dependencies(/home/guichen/Documents/drone-radar-fusion/install/livox_interfaces/share/colcon-core/packages/livox_interfaces)
[0.576s] Level 1:colcon.colcon_core.environment:create_environment_scripts_only(livox_interfaces)
[0.576s] Level 1:colcon.colcon_core.environment:checking '/home/guichen/Documents/drone-radar-fusion/install/livox_interfaces' for CMake module files
[0.577s] Level 1:colcon.colcon_core.environment:checking '/home/guichen/Documents/drone-radar-fusion/install/livox_interfaces' for CMake config files
[0.577s] Level 1:colcon.colcon_core.shell:create_environment_hook('livox_interfaces', 'cmake_prefix_path')
[0.577s] INFO:colcon.colcon_core.shell:Creating environment hook '/home/guichen/Documents/drone-radar-fusion/install/livox_interfaces/share/livox_interfaces/hook/cmake_prefix_path.ps1'
[0.577s] INFO:colcon.colcon_core.shell:Creating environment descriptor '/home/guichen/Documents/drone-radar-fusion/install/livox_interfaces/share/livox_interfaces/hook/cmake_prefix_path.dsv'
[0.578s] INFO:colcon.colcon_core.shell:Creating environment hook '/home/guichen/Documents/drone-radar-fusion/install/livox_interfaces/share/livox_interfaces/hook/cmake_prefix_path.sh'
[0.578s] Level 1:colcon.colcon_core.environment:checking '/home/guichen/Documents/drone-radar-fusion/install/livox_interfaces/lib'
[0.578s] Level 1:colcon.colcon_core.shell:create_environment_hook('livox_interfaces', 'ld_library_path_lib')
[0.578s] INFO:colcon.colcon_core.shell:Creating environment hook '/home/guichen/Documents/drone-radar-fusion/install/livox_interfaces/share/livox_interfaces/hook/ld_library_path_lib.ps1'
[0.578s] INFO:colcon.colcon_core.shell:Creating environment descriptor '/home/guichen/Documents/drone-radar-fusion/install/livox_interfaces/share/livox_interfaces/hook/ld_library_path_lib.dsv'
[0.579s] INFO:colcon.colcon_core.shell:Creating environment hook '/home/guichen/Documents/drone-radar-fusion/install/livox_interfaces/share/livox_interfaces/hook/ld_library_path_lib.sh'
[0.579s] Level 1:colcon.colcon_core.environment:checking '/home/guichen/Documents/drone-radar-fusion/install/livox_interfaces/bin'
[0.579s] Level 1:colcon.colcon_core.environment:checking '/home/guichen/Documents/drone-radar-fusion/install/livox_interfaces/lib/pkgconfig/livox_interfaces.pc'
[0.579s] Level 1:colcon.colcon_core.environment:checking '/home/guichen/Documents/drone-radar-fusion/install/livox_interfaces/lib/python3.10/site-packages'
[0.579s] Level 1:colcon.colcon_core.environment:checking '/home/guichen/Documents/drone-radar-fusion/install/livox_interfaces/bin'
[0.579s] INFO:colcon.colcon_core.shell:Creating package script '/home/guichen/Documents/drone-radar-fusion/install/livox_interfaces/share/livox_interfaces/package.ps1'
[0.580s] INFO:colcon.colcon_core.shell:Creating package descriptor '/home/guichen/Documents/drone-radar-fusion/install/livox_interfaces/share/livox_interfaces/package.dsv'
[0.580s] INFO:colcon.colcon_core.shell:Creating package script '/home/guichen/Documents/drone-radar-fusion/install/livox_interfaces/share/livox_interfaces/package.sh'
[0.581s] INFO:colcon.colcon_core.shell:Creating package script '/home/guichen/Documents/drone-radar-fusion/install/livox_interfaces/share/livox_interfaces/package.bash'
[0.581s] INFO:colcon.colcon_core.shell:Creating package script '/home/guichen/Documents/drone-radar-fusion/install/livox_interfaces/share/livox_interfaces/package.zsh'
[0.581s] Level 1:colcon.colcon_core.environment:create_file_with_runtime_dependencies(/home/guichen/Documents/drone-radar-fusion/install/livox_interfaces/share/colcon-core/packages/livox_interfaces)
[0.581s] INFO:colcon.colcon_ros.task.ament_cmake.build:Building ROS package in '/home/guichen/Documents/drone-radar-fusion/src/hik_camera' with build type 'ament_cmake'
[0.581s] INFO:colcon.colcon_cmake.task.cmake.build:Building CMake package in '/home/guichen/Documents/drone-radar-fusion/src/hik_camera'
[0.581s] INFO:colcon.colcon_core.shell:Skip shell extension 'powershell' for command environment: Not usable outside of PowerShell
[0.582s] DEBUG:colcon.colcon_core.shell:Skip shell extension 'dsv' for command environment
[0.584s] Level 1:colcon.colcon_core.environment:create_environment_scripts_only(interface)
[0.584s] Level 1:colcon.colcon_core.environment:checking '/home/guichen/Documents/drone-radar-fusion/install/interface' for CMake module files
[0.584s] DEBUG:colcon.colcon_core.event_handler.log_command:Invoked command in '/home/guichen/Documents/drone-radar-fusion/build/interface' returned '0': CMAKE_PREFIX_PATH=/opt/ros/humble /usr/bin/cmake --install /home/guichen/Documents/drone-radar-fusion/build/interface
[0.585s] Level 1:colcon.colcon_core.environment:checking '/home/guichen/Documents/drone-radar-fusion/install/interface' for CMake config files
[0.585s] Level 1:colcon.colcon_core.shell:create_environment_hook('interface', 'cmake_prefix_path')
[0.585s] INFO:colcon.colcon_core.shell:Creating environment hook '/home/guichen/Documents/drone-radar-fusion/install/interface/share/interface/hook/cmake_prefix_path.ps1'
[0.585s] INFO:colcon.colcon_core.shell:Creating environment descriptor '/home/guichen/Documents/drone-radar-fusion/install/interface/share/interface/hook/cmake_prefix_path.dsv'
[0.586s] INFO:colcon.colcon_core.shell:Creating environment hook '/home/guichen/Documents/drone-radar-fusion/install/interface/share/interface/hook/cmake_prefix_path.sh'
[0.586s] Level 1:colcon.colcon_core.environment:checking '/home/guichen/Documents/drone-radar-fusion/install/interface/lib'
[0.586s] Level 1:colcon.colcon_core.shell:create_environment_hook('interface', 'ld_library_path_lib')
[0.586s] INFO:colcon.colcon_core.shell:Creating environment hook '/home/guichen/Documents/drone-radar-fusion/install/interface/share/interface/hook/ld_library_path_lib.ps1'
[0.587s] INFO:colcon.colcon_core.shell:Creating environment descriptor '/home/guichen/Documents/drone-radar-fusion/install/interface/share/interface/hook/ld_library_path_lib.dsv'
[0.587s] INFO:colcon.colcon_core.shell:Creating environment hook '/home/guichen/Documents/drone-radar-fusion/install/interface/share/interface/hook/ld_library_path_lib.sh'
[0.587s] Level 1:colcon.colcon_core.environment:checking '/home/guichen/Documents/drone-radar-fusion/install/interface/bin'
[0.587s] Level 1:colcon.colcon_core.environment:checking '/home/guichen/Documents/drone-radar-fusion/install/interface/lib/pkgconfig/interface.pc'
[0.587s] Level 1:colcon.colcon_core.environment:checking '/home/guichen/Documents/drone-radar-fusion/install/interface/lib/python3.10/site-packages'
[0.587s] Level 1:colcon.colcon_core.environment:checking '/home/guichen/Documents/drone-radar-fusion/install/interface/bin'
[0.588s] INFO:colcon.colcon_core.shell:Creating package script '/home/guichen/Documents/drone-radar-fusion/install/interface/share/interface/package.ps1'
[0.588s] INFO:colcon.colcon_core.shell:Creating package descriptor '/home/guichen/Documents/drone-radar-fusion/install/interface/share/interface/package.dsv'
[0.588s] INFO:colcon.colcon_core.shell:Creating package script '/home/guichen/Documents/drone-radar-fusion/install/interface/share/interface/package.sh'
[0.588s] INFO:colcon.colcon_core.shell:Creating package script '/home/guichen/Documents/drone-radar-fusion/install/interface/share/interface/package.bash'
[0.589s] INFO:colcon.colcon_core.shell:Creating package script '/home/guichen/Documents/drone-radar-fusion/install/interface/share/interface/package.zsh'
[0.589s] Level 1:colcon.colcon_core.environment:create_file_with_runtime_dependencies(/home/guichen/Documents/drone-radar-fusion/install/interface/share/colcon-core/packages/interface)
[0.589s] Level 1:colcon.colcon_core.environment:create_environment_scripts_only(interface)
[0.589s] Level 1:colcon.colcon_core.environment:checking '/home/guichen/Documents/drone-radar-fusion/install/interface' for CMake module files
[0.590s] Level 1:colcon.colcon_core.environment:checking '/home/guichen/Documents/drone-radar-fusion/install/interface' for CMake config files
[0.590s] Level 1:colcon.colcon_core.shell:create_environment_hook('interface', 'cmake_prefix_path')
[0.590s] INFO:colcon.colcon_core.shell:Creating environment hook '/home/guichen/Documents/drone-radar-fusion/install/interface/share/interface/hook/cmake_prefix_path.ps1'
[0.590s] INFO:colcon.colcon_core.shell:Creating environment descriptor '/home/guichen/Documents/drone-radar-fusion/install/interface/share/interface/hook/cmake_prefix_path.dsv'
[0.591s] INFO:colcon.colcon_core.shell:Creating environment hook '/home/guichen/Documents/drone-radar-fusion/install/interface/share/interface/hook/cmake_prefix_path.sh'
[0.591s] Level 1:colcon.colcon_core.environment:checking '/home/guichen/Documents/drone-radar-fusion/install/interface/lib'
[0.591s] Level 1:colcon.colcon_core.shell:create_environment_hook('interface', 'ld_library_path_lib')
[0.591s] INFO:colcon.colcon_core.shell:Creating environment hook '/home/guichen/Documents/drone-radar-fusion/install/interface/share/interface/hook/ld_library_path_lib.ps1'
[0.591s] INFO:colcon.colcon_core.shell:Creating environment descriptor '/home/guichen/Documents/drone-radar-fusion/install/interface/share/interface/hook/ld_library_path_lib.dsv'
[0.592s] INFO:colcon.colcon_core.shell:Creating environment hook '/home/guichen/Documents/drone-radar-fusion/install/interface/share/interface/hook/ld_library_path_lib.sh'
[0.592s] Level 1:colcon.colcon_core.environment:checking '/home/guichen/Documents/drone-radar-fusion/install/interface/bin'
[0.592s] Level 1:colcon.colcon_core.environment:checking '/home/guichen/Documents/drone-radar-fusion/install/interface/lib/pkgconfig/interface.pc'
[0.592s] Level 1:colcon.colcon_core.environment:checking '/home/guichen/Documents/drone-radar-fusion/install/interface/lib/python3.10/site-packages'
[0.592s] Level 1:colcon.colcon_core.environment:checking '/home/guichen/Documents/drone-radar-fusion/install/interface/bin'
[0.593s] INFO:colcon.colcon_core.shell:Creating package script '/home/guichen/Documents/drone-radar-fusion/install/interface/share/interface/package.ps1'
[0.593s] INFO:colcon.colcon_core.shell:Creating package descriptor '/home/guichen/Documents/drone-radar-fusion/install/interface/share/interface/package.dsv'
[0.593s] INFO:colcon.colcon_core.shell:Creating package script '/home/guichen/Documents/drone-radar-fusion/install/interface/share/interface/package.sh'
[0.594s] INFO:colcon.colcon_core.shell:Creating package script '/home/guichen/Documents/drone-radar-fusion/install/interface/share/interface/package.bash'
[0.594s] INFO:colcon.colcon_core.shell:Creating package script '/home/guichen/Documents/drone-radar-fusion/install/interface/share/interface/package.zsh'
[0.594s] Level 1:colcon.colcon_core.environment:create_file_with_runtime_dependencies(/home/guichen/Documents/drone-radar-fusion/install/interface/share/colcon-core/packages/interface)
[0.594s] INFO:colcon.colcon_ros.task.ament_cmake.build:Building ROS package in '/home/guichen/Documents/drone-radar-fusion/src/camera_vision' with build type 'ament_cmake'
[0.595s] INFO:colcon.colcon_cmake.task.cmake.build:Building CMake package in '/home/guichen/Documents/drone-radar-fusion/src/camera_vision'
[0.595s] INFO:colcon.colcon_core.shell:Skip shell extension 'powershell' for command environment: Not usable outside of PowerShell
[0.595s] DEBUG:colcon.colcon_core.shell:Skip shell extension 'dsv' for command environment
[0.599s] DEBUG:colcon.colcon_core.event_handler.log_command:Invoking command in '/home/guichen/Documents/drone-radar-fusion/build/hik_camera_ros2_driver': CMAKE_PREFIX_PATH=/opt/ros/humble /usr/bin/cmake --build /home/guichen/Documents/drone-radar-fusion/build/hik_camera_ros2_driver -- -j16 -l16
[0.600s] DEBUG:colcon.colcon_core.event_handler.log_command:Invoking command in '/home/guichen/Documents/drone-radar-fusion/build/camera_vision': AMENT_PREFIX_PATH=/home/guichen/Documents/drone-radar-fusion/install/interface:${AMENT_PREFIX_PATH} CMAKE_PREFIX_PATH=/home/guichen/Documents/drone-radar-fusion/install/interface:/opt/ros/humble LD_LIBRARY_PATH=/home/guichen/Documents/drone-radar-fusion/install/interface/lib:/opt/MVS/lib/64:/opt/MVS/lib/32:/usr/lib/x86_64-linux-gnu/gazebo-11/plugins:/opt/ros/humble/opt/rviz_ogre_vendor/lib:/opt/ros/humble/lib/x86_64-linux-gnu:/opt/ros/humble/lib:/opt/MVS/lib/64:/opt/MVS/lib/32:/opt/MVS/lib/64:/opt/MVS/lib/32 PYTHONPATH=/home/guichen/Documents/drone-radar-fusion/install/interface/local/lib/python3.10/dist-packages:${PYTHONPATH} /usr/bin/cmake --build /home/guichen/Documents/drone-radar-fusion/build/camera_vision -- -j16 -l16
[0.644s] DEBUG:colcon.colcon_core.event_handler.log_command:Invoked command in '/home/guichen/Documents/drone-radar-fusion/build/hik_camera_ros2_driver' returned '0': CMAKE_PREFIX_PATH=/opt/ros/humble /usr/bin/cmake --build /home/guichen/Documents/drone-radar-fusion/build/hik_camera_ros2_driver -- -j16 -l16
[0.645s] DEBUG:colcon.colcon_core.event_handler.log_command:Invoking command in '/home/guichen/Documents/drone-radar-fusion/build/hik_camera_ros2_driver': CMAKE_PREFIX_PATH=/opt/ros/humble /usr/bin/cmake --install /home/guichen/Documents/drone-radar-fusion/build/hik_camera_ros2_driver
[0.646s] DEBUG:colcon.colcon_core.event_handler.log_command:Invoked command in '/home/guichen/Documents/drone-radar-fusion/build/camera_vision' returned '0': AMENT_PREFIX_PATH=/home/guichen/Documents/drone-radar-fusion/install/interface:${AMENT_PREFIX_PATH} CMAKE_PREFIX_PATH=/home/guichen/Documents/drone-radar-fusion/install/interface:/opt/ros/humble LD_LIBRARY_PATH=/home/guichen/Documents/drone-radar-fusion/install/interface/lib:/opt/MVS/lib/64:/opt/MVS/lib/32:/usr/lib/x86_64-linux-gnu/gazebo-11/plugins:/opt/ros/humble/opt/rviz_ogre_vendor/lib:/opt/ros/humble/lib/x86_64-linux-gnu:/opt/ros/humble/lib:/opt/MVS/lib/64:/opt/MVS/lib/32:/opt/MVS/lib/64:/opt/MVS/lib/32 PYTHONPATH=/home/guichen/Documents/drone-radar-fusion/install/interface/local/lib/python3.10/dist-packages:${PYTHONPATH} /usr/bin/cmake --build /home/guichen/Documents/drone-radar-fusion/build/camera_vision -- -j16 -l16
[0.647s] DEBUG:colcon.colcon_core.event_handler.log_command:Invoking command in '/home/guichen/Documents/drone-radar-fusion/build/camera_vision': AMENT_PREFIX_PATH=/home/guichen/Documents/drone-radar-fusion/install/interface:${AMENT_PREFIX_PATH} CMAKE_PREFIX_PATH=/home/guichen/Documents/drone-radar-fusion/install/interface:/opt/ros/humble LD_LIBRARY_PATH=/home/guichen/Documents/drone-radar-fusion/install/interface/lib:/opt/MVS/lib/64:/opt/MVS/lib/32:/usr/lib/x86_64-linux-gnu/gazebo-11/plugins:/opt/ros/humble/opt/rviz_ogre_vendor/lib:/opt/ros/humble/lib/x86_64-linux-gnu:/opt/ros/humble/lib:/opt/MVS/lib/64:/opt/MVS/lib/32:/opt/MVS/lib/64:/opt/MVS/lib/32 PYTHONPATH=/home/guichen/Documents/drone-radar-fusion/install/interface/local/lib/python3.10/dist-packages:${PYTHONPATH} /usr/bin/cmake --install /home/guichen/Documents/drone-radar-fusion/build/camera_vision
[0.660s] Level 1:colcon.colcon_core.environment:create_environment_scripts_only(camera_vision)
[0.660s] Level 1:colcon.colcon_core.environment:checking '/home/guichen/Documents/drone-radar-fusion/install/camera_vision' for CMake module files
[0.661s] DEBUG:colcon.colcon_core.event_handler.log_command:Invoked command in '/home/guichen/Documents/drone-radar-fusion/build/camera_vision' returned '0': AMENT_PREFIX_PATH=/home/guichen/Documents/drone-radar-fusion/install/interface:${AMENT_PREFIX_PATH} CMAKE_PREFIX_PATH=/home/guichen/Documents/drone-radar-fusion/install/interface:/opt/ros/humble LD_LIBRARY_PATH=/home/guichen/Documents/drone-radar-fusion/install/interface/lib:/opt/MVS/lib/64:/opt/MVS/lib/32:/usr/lib/x86_64-linux-gnu/gazebo-11/plugins:/opt/ros/humble/opt/rviz_ogre_vendor/lib:/opt/ros/humble/lib/x86_64-linux-gnu:/opt/ros/humble/lib:/opt/MVS/lib/64:/opt/MVS/lib/32:/opt/MVS/lib/64:/opt/MVS/lib/32 PYTHONPATH=/home/guichen/Documents/drone-radar-fusion/install/interface/local/lib/python3.10/dist-packages:${PYTHONPATH} /usr/bin/cmake --install /home/guichen/Documents/drone-radar-fusion/build/camera_vision
[0.661s] Level 1:colcon.colcon_core.environment:checking '/home/guichen/Documents/drone-radar-fusion/install/camera_vision' for CMake config files
[0.661s] Level 1:colcon.colcon_core.shell:create_environment_hook('camera_vision', 'cmake_prefix_path')
[0.661s] INFO:colcon.colcon_core.shell:Creating environment hook '/home/guichen/Documents/drone-radar-fusion/install/camera_vision/share/camera_vision/hook/cmake_prefix_path.ps1'
[0.661s] INFO:colcon.colcon_core.shell:Creating environment descriptor '/home/guichen/Documents/drone-radar-fusion/install/camera_vision/share/camera_vision/hook/cmake_prefix_path.dsv'
[0.662s] INFO:colcon.colcon_core.shell:Creating environment hook '/home/guichen/Documents/drone-radar-fusion/install/camera_vision/share/camera_vision/hook/cmake_prefix_path.sh'
[0.662s] Level 1:colcon.colcon_core.environment:checking '/home/guichen/Documents/drone-radar-fusion/install/camera_vision/lib'
[0.662s] Level 1:colcon.colcon_core.environment:checking '/home/guichen/Documents/drone-radar-fusion/install/camera_vision/bin'
[0.662s] Level 1:colcon.colcon_core.environment:checking '/home/guichen/Documents/drone-radar-fusion/install/camera_vision/lib/pkgconfig/camera_vision.pc'
[0.662s] Level 1:colcon.colcon_core.environment:checking '/home/guichen/Documents/drone-radar-fusion/install/camera_vision/lib/python3.10/site-packages'
[0.663s] Level 1:colcon.colcon_core.environment:checking '/home/guichen/Documents/drone-radar-fusion/install/camera_vision/bin'
[0.663s] INFO:colcon.colcon_core.shell:Creating package script '/home/guichen/Documents/drone-radar-fusion/install/camera_vision/share/camera_vision/package.ps1'
[0.663s] INFO:colcon.colcon_core.shell:Creating package descriptor '/home/guichen/Documents/drone-radar-fusion/install/camera_vision/share/camera_vision/package.dsv'
[0.663s] INFO:colcon.colcon_core.shell:Creating package script '/home/guichen/Documents/drone-radar-fusion/install/camera_vision/share/camera_vision/package.sh'
[0.664s] INFO:colcon.colcon_core.shell:Creating package script '/home/guichen/Documents/drone-radar-fusion/install/camera_vision/share/camera_vision/package.bash'
[0.664s] INFO:colcon.colcon_core.shell:Creating package script '/home/guichen/Documents/drone-radar-fusion/install/camera_vision/share/camera_vision/package.zsh'
[0.664s] Level 1:colcon.colcon_core.environment:create_file_with_runtime_dependencies(/home/guichen/Documents/drone-radar-fusion/install/camera_vision/share/colcon-core/packages/camera_vision)
[0.664s] Level 1:colcon.colcon_core.environment:create_environment_scripts_only(camera_vision)
[0.665s] Level 1:colcon.colcon_core.environment:checking '/home/guichen/Documents/drone-radar-fusion/install/camera_vision' for CMake module files
[0.665s] Level 1:colcon.colcon_core.environment:checking '/home/guichen/Documents/drone-radar-fusion/install/camera_vision' for CMake config files
[0.665s] Level 1:colcon.colcon_core.shell:create_environment_hook('camera_vision', 'cmake_prefix_path')
[0.665s] INFO:colcon.colcon_core.shell:Creating environment hook '/home/guichen/Documents/drone-radar-fusion/install/camera_vision/share/camera_vision/hook/cmake_prefix_path.ps1'
[0.665s] INFO:colcon.colcon_core.shell:Creating environment descriptor '/home/guichen/Documents/drone-radar-fusion/install/camera_vision/share/camera_vision/hook/cmake_prefix_path.dsv'
[0.666s] INFO:colcon.colcon_core.shell:Creating environment hook '/home/guichen/Documents/drone-radar-fusion/install/camera_vision/share/camera_vision/hook/cmake_prefix_path.sh'
[0.666s] Level 1:colcon.colcon_core.environment:checking '/home/guichen/Documents/drone-radar-fusion/install/camera_vision/lib'
[0.666s] Level 1:colcon.colcon_core.environment:checking '/home/guichen/Documents/drone-radar-fusion/install/camera_vision/bin'
[0.666s] Level 1:colcon.colcon_core.environment:checking '/home/guichen/Documents/drone-radar-fusion/install/camera_vision/lib/pkgconfig/camera_vision.pc'
[0.666s] Level 1:colcon.colcon_core.environment:checking '/home/guichen/Documents/drone-radar-fusion/install/camera_vision/lib/python3.10/site-packages'
[0.666s] Level 1:colcon.colcon_core.environment:checking '/home/guichen/Documents/drone-radar-fusion/install/camera_vision/bin'
[0.667s] INFO:colcon.colcon_core.shell:Creating package script '/home/guichen/Documents/drone-radar-fusion/install/camera_vision/share/camera_vision/package.ps1'
[0.667s] INFO:colcon.colcon_core.shell:Creating package descriptor '/home/guichen/Documents/drone-radar-fusion/install/camera_vision/share/camera_vision/package.dsv'
[0.667s] INFO:colcon.colcon_core.shell:Creating package script '/home/guichen/Documents/drone-radar-fusion/install/camera_vision/share/camera_vision/package.sh'
[0.667s] INFO:colcon.colcon_core.shell:Creating package script '/home/guichen/Documents/drone-radar-fusion/install/camera_vision/share/camera_vision/package.bash'
[0.668s] INFO:colcon.colcon_core.shell:Creating package script '/home/guichen/Documents/drone-radar-fusion/install/camera_vision/share/camera_vision/package.zsh'
[0.668s] Level 1:colcon.colcon_core.environment:create_file_with_runtime_dependencies(/home/guichen/Documents/drone-radar-fusion/install/camera_vision/share/colcon-core/packages/camera_vision)
[0.668s] INFO:colcon.colcon_ros.task.ament_python.build:Building ROS package in '/home/guichen/Documents/drone-radar-fusion/src/camera_yolo' with build type 'ament_python'
[0.668s] Level 1:colcon.colcon_core.shell:create_environment_hook('camera_yolo', 'ament_prefix_path')
[0.668s] INFO:colcon.colcon_core.shell:Creating environment hook '/home/guichen/Documents/drone-radar-fusion/install/camera_yolo/share/camera_yolo/hook/ament_prefix_path.ps1'
[0.669s] INFO:colcon.colcon_core.shell:Creating environment descriptor '/home/guichen/Documents/drone-radar-fusion/install/camera_yolo/share/camera_yolo/hook/ament_prefix_path.dsv'
[0.669s] INFO:colcon.colcon_core.shell:Creating environment hook '/home/guichen/Documents/drone-radar-fusion/install/camera_yolo/share/camera_yolo/hook/ament_prefix_path.sh'
[0.669s] INFO:colcon.colcon_core.shell:Skip shell extension 'powershell' for command environment: Not usable outside of PowerShell
[0.669s] DEBUG:colcon.colcon_core.shell:Skip shell extension 'dsv' for command environment
[0.672s] Level 1:colcon.colcon_core.environment:create_environment_scripts_only(hik_camera_ros2_driver)
[0.672s] Level 1:colcon.colcon_core.environment:checking '/home/guichen/Documents/drone-radar-fusion/install/hik_camera_ros2_driver' for CMake module files
[0.672s] DEBUG:colcon.colcon_core.event_handler.log_command:Invoked command in '/home/guichen/Documents/drone-radar-fusion/build/hik_camera_ros2_driver' returned '0': CMAKE_PREFIX_PATH=/opt/ros/humble /usr/bin/cmake --install /home/guichen/Documents/drone-radar-fusion/build/hik_camera_ros2_driver
[0.672s] Level 1:colcon.colcon_core.environment:checking '/home/guichen/Documents/drone-radar-fusion/install/hik_camera_ros2_driver' for CMake config files
[0.672s] Level 1:colcon.colcon_core.shell:create_environment_hook('hik_camera_ros2_driver', 'cmake_prefix_path')
[0.673s] INFO:colcon.colcon_core.shell:Creating environment hook '/home/guichen/Documents/drone-radar-fusion/install/hik_camera_ros2_driver/share/hik_camera_ros2_driver/hook/cmake_prefix_path.ps1'
[0.673s] INFO:colcon.colcon_core.shell:Creating environment descriptor '/home/guichen/Documents/drone-radar-fusion/install/hik_camera_ros2_driver/share/hik_camera_ros2_driver/hook/cmake_prefix_path.dsv'
[0.673s] INFO:colcon.colcon_core.shell:Creating environment hook '/home/guichen/Documents/drone-radar-fusion/install/hik_camera_ros2_driver/share/hik_camera_ros2_driver/hook/cmake_prefix_path.sh'
[0.673s] Level 1:colcon.colcon_core.environment:checking '/home/guichen/Documents/drone-radar-fusion/install/hik_camera_ros2_driver/lib'
[0.673s] Level 1:colcon.colcon_core.shell:create_environment_hook('hik_camera_ros2_driver', 'ld_library_path_lib')
[0.674s] INFO:colcon.colcon_core.shell:Creating environment hook '/home/guichen/Documents/drone-radar-fusion/install/hik_camera_ros2_driver/share/hik_camera_ros2_driver/hook/ld_library_path_lib.ps1'
[0.674s] INFO:colcon.colcon_core.shell:Creating environment descriptor '/home/guichen/Documents/drone-radar-fusion/install/hik_camera_ros2_driver/share/hik_camera_ros2_driver/hook/ld_library_path_lib.dsv'
[0.674s] INFO:colcon.colcon_core.shell:Creating environment hook '/home/guichen/Documents/drone-radar-fusion/install/hik_camera_ros2_driver/share/hik_camera_ros2_driver/hook/ld_library_path_lib.sh'
[0.674s] Level 1:colcon.colcon_core.environment:checking '/home/guichen/Documents/drone-radar-fusion/install/hik_camera_ros2_driver/bin'
[0.674s] Level 1:colcon.colcon_core.environment:checking '/home/guichen/Documents/drone-radar-fusion/install/hik_camera_ros2_driver/lib/pkgconfig/hik_camera_ros2_driver.pc'
[0.674s] Level 1:colcon.colcon_core.environment:checking '/home/guichen/Documents/drone-radar-fusion/install/hik_camera_ros2_driver/lib/python3.10/site-packages'
[0.675s] Level 1:colcon.colcon_core.environment:checking '/home/guichen/Documents/drone-radar-fusion/install/hik_camera_ros2_driver/bin'
[0.675s] INFO:colcon.colcon_core.shell:Creating package script '/home/guichen/Documents/drone-radar-fusion/install/hik_camera_ros2_driver/share/hik_camera_ros2_driver/package.ps1'
[0.675s] INFO:colcon.colcon_core.shell:Creating package descriptor '/home/guichen/Documents/drone-radar-fusion/install/hik_camera_ros2_driver/share/hik_camera_ros2_driver/package.dsv'
[0.675s] INFO:colcon.colcon_core.shell:Creating package script '/home/guichen/Documents/drone-radar-fusion/install/hik_camera_ros2_driver/share/hik_camera_ros2_driver/package.sh'
[0.676s] INFO:colcon.colcon_core.shell:Creating package script '/home/guichen/Documents/drone-radar-fusion/install/hik_camera_ros2_driver/share/hik_camera_ros2_driver/package.bash'
[0.676s] INFO:colcon.colcon_core.shell:Creating package script '/home/guichen/Documents/drone-radar-fusion/install/hik_camera_ros2_driver/share/hik_camera_ros2_driver/package.zsh'
[0.676s] Level 1:colcon.colcon_core.environment:create_file_with_runtime_dependencies(/home/guichen/Documents/drone-radar-fusion/install/hik_camera_ros2_driver/share/colcon-core/packages/hik_camera_ros2_driver)
[0.676s] Level 1:colcon.colcon_core.environment:create_environment_scripts_only(hik_camera_ros2_driver)
[0.676s] Level 1:colcon.colcon_core.environment:checking '/home/guichen/Documents/drone-radar-fusion/install/hik_camera_ros2_driver' for CMake module files
[0.677s] Level 1:colcon.colcon_core.environment:checking '/home/guichen/Documents/drone-radar-fusion/install/hik_camera_ros2_driver' for CMake config files
[0.677s] Level 1:colcon.colcon_core.shell:create_environment_hook('hik_camera_ros2_driver', 'cmake_prefix_path')
[0.677s] INFO:colcon.colcon_core.shell:Creating environment hook '/home/guichen/Documents/drone-radar-fusion/install/hik_camera_ros2_driver/share/hik_camera_ros2_driver/hook/cmake_prefix_path.ps1'
[0.678s] INFO:colcon.colcon_core.shell:Creating environment descriptor '/home/guichen/Documents/drone-radar-fusion/install/hik_camera_ros2_driver/share/hik_camera_ros2_driver/hook/cmake_prefix_path.dsv'
[0.678s] INFO:colcon.colcon_core.shell:Creating environment hook '/home/guichen/Documents/drone-radar-fusion/install/hik_camera_ros2_driver/share/hik_camera_ros2_driver/hook/cmake_prefix_path.sh'
[0.678s] Level 1:colcon.colcon_core.environment:checking '/home/guichen/Documents/drone-radar-fusion/install/hik_camera_ros2_driver/lib'
[0.678s] Level 1:colcon.colcon_core.shell:create_environment_hook('hik_camera_ros2_driver', 'ld_library_path_lib')
[0.678s] INFO:colcon.colcon_core.shell:Creating environment hook '/home/guichen/Documents/drone-radar-fusion/install/hik_camera_ros2_driver/share/hik_camera_ros2_driver/hook/ld_library_path_lib.ps1'
[0.678s] INFO:colcon.colcon_core.shell:Creating environment descriptor '/home/guichen/Documents/drone-radar-fusion/install/hik_camera_ros2_driver/share/hik_camera_ros2_driver/hook/ld_library_path_lib.dsv'
[0.679s] INFO:colcon.colcon_core.shell:Creating environment hook '/home/guichen/Documents/drone-radar-fusion/install/hik_camera_ros2_driver/share/hik_camera_ros2_driver/hook/ld_library_path_lib.sh'
[0.679s] Level 1:colcon.colcon_core.environment:checking '/home/guichen/Documents/drone-radar-fusion/install/hik_camera_ros2_driver/bin'
[0.679s] Level 1:colcon.colcon_core.environment:checking '/home/guichen/Documents/drone-radar-fusion/install/hik_camera_ros2_driver/lib/pkgconfig/hik_camera_ros2_driver.pc'
[0.679s] Level 1:colcon.colcon_core.environment:checking '/home/guichen/Documents/drone-radar-fusion/install/hik_camera_ros2_driver/lib/python3.10/site-packages'
[0.679s] Level 1:colcon.colcon_core.environment:checking '/home/guichen/Documents/drone-radar-fusion/install/hik_camera_ros2_driver/bin'
[0.679s] INFO:colcon.colcon_core.shell:Creating package script '/home/guichen/Documents/drone-radar-fusion/install/hik_camera_ros2_driver/share/hik_camera_ros2_driver/package.ps1'
[0.680s] INFO:colcon.colcon_core.shell:Creating package descriptor '/home/guichen/Documents/drone-radar-fusion/install/hik_camera_ros2_driver/share/hik_camera_ros2_driver/package.dsv'
[0.680s] INFO:colcon.colcon_core.shell:Creating package script '/home/guichen/Documents/drone-radar-fusion/install/hik_camera_ros2_driver/share/hik_camera_ros2_driver/package.sh'
[0.680s] INFO:colcon.colcon_core.shell:Creating package script '/home/guichen/Documents/drone-radar-fusion/install/hik_camera_ros2_driver/share/hik_camera_ros2_driver/package.bash'
[0.681s] INFO:colcon.colcon_core.shell:Creating package script '/home/guichen/Documents/drone-radar-fusion/install/hik_camera_ros2_driver/share/hik_camera_ros2_driver/package.zsh'
[0.681s] Level 1:colcon.colcon_core.environment:create_file_with_runtime_dependencies(/home/guichen/Documents/drone-radar-fusion/install/hik_camera_ros2_driver/share/colcon-core/packages/hik_camera_ros2_driver)
[0.681s] INFO:colcon.colcon_ros.task.ament_cmake.build:Building ROS package in '/home/guichen/Documents/drone-radar-fusion/src/fusion' with build type 'ament_cmake'
[0.681s] INFO:colcon.colcon_cmake.task.cmake.build:Building CMake package in '/home/guichen/Documents/drone-radar-fusion/src/fusion'
[0.681s] INFO:colcon.colcon_core.shell:Skip shell extension 'powershell' for command environment: Not usable outside of PowerShell
[0.681s] DEBUG:colcon.colcon_core.shell:Skip shell extension 'dsv' for command environment
[0.842s] INFO:colcon.colcon_core.task.python.build:Building Python package in '/home/guichen/Documents/drone-radar-fusion/src/camera_yolo'
[0.843s] INFO:colcon.colcon_core.shell:Skip shell extension 'powershell' for command environment: Not usable outside of PowerShell
[0.843s] DEBUG:colcon.colcon_core.shell:Skip shell extension 'dsv' for command environment
[0.847s] DEBUG:colcon.colcon_core.event_handler.log_command:Invoking command in '/home/guichen/Documents/drone-radar-fusion/build/fusion': AMENT_PREFIX_PATH=/home/guichen/Documents/drone-radar-fusion/install/interface:${AMENT_PREFIX_PATH} CMAKE_PREFIX_PATH=/home/guichen/Documents/drone-radar-fusion/install/interface:/opt/ros/humble LD_LIBRARY_PATH=/home/guichen/Documents/drone-radar-fusion/install/interface/lib:/opt/MVS/lib/64:/opt/MVS/lib/32:/usr/lib/x86_64-linux-gnu/gazebo-11/plugins:/opt/ros/humble/opt/rviz_ogre_vendor/lib:/opt/ros/humble/lib/x86_64-linux-gnu:/opt/ros/humble/lib:/opt/MVS/lib/64:/opt/MVS/lib/32:/opt/MVS/lib/64:/opt/MVS/lib/32 PYTHONPATH=/home/guichen/Documents/drone-radar-fusion/install/interface/local/lib/python3.10/dist-packages:${PYTHONPATH} /usr/bin/cmake --build /home/guichen/Documents/drone-radar-fusion/build/fusion -- -j16 -l16
[0.898s] DEBUG:colcon.colcon_core.event_handler.log_command:Invoked command in '/home/guichen/Documents/drone-radar-fusion/build/fusion' returned '0': AMENT_PREFIX_PATH=/home/guichen/Documents/drone-radar-fusion/install/interface:${AMENT_PREFIX_PATH} CMAKE_PREFIX_PATH=/home/guichen/Documents/drone-radar-fusion/install/interface:/opt/ros/humble LD_LIBRARY_PATH=/home/guichen/Documents/drone-radar-fusion/install/interface/lib:/opt/MVS/lib/64:/opt/MVS/lib/32:/usr/lib/x86_64-linux-gnu/gazebo-11/plugins:/opt/ros/humble/opt/rviz_ogre_vendor/lib:/opt/ros/humble/lib/x86_64-linux-gnu:/opt/ros/humble/lib:/opt/MVS/lib/64:/opt/MVS/lib/32:/opt/MVS/lib/64:/opt/MVS/lib/32 PYTHONPATH=/home/guichen/Documents/drone-radar-fusion/install/interface/local/lib/python3.10/dist-packages:${PYTHONPATH} /usr/bin/cmake --build /home/guichen/Documents/drone-radar-fusion/build/fusion -- -j16 -l16
[0.899s] DEBUG:colcon.colcon_core.event_handler.log_command:Invoking command in '/home/guichen/Documents/drone-radar-fusion/build/fusion': AMENT_PREFIX_PATH=/home/guichen/Documents/drone-radar-fusion/install/interface:${AMENT_PREFIX_PATH} CMAKE_PREFIX_PATH=/home/guichen/Documents/drone-radar-fusion/install/interface:/opt/ros/humble LD_LIBRARY_PATH=/home/guichen/Documents/drone-radar-fusion/install/interface/lib:/opt/MVS/lib/64:/opt/MVS/lib/32:/usr/lib/x86_64-linux-gnu/gazebo-11/plugins:/opt/ros/humble/opt/rviz_ogre_vendor/lib:/opt/ros/humble/lib/x86_64-linux-gnu:/opt/ros/humble/lib:/opt/MVS/lib/64:/opt/MVS/lib/32:/opt/MVS/lib/64:/opt/MVS/lib/32 PYTHONPATH=/home/guichen/Documents/drone-radar-fusion/install/interface/local/lib/python3.10/dist-packages:${PYTHONPATH} /usr/bin/cmake --install /home/guichen/Documents/drone-radar-fusion/build/fusion
[0.912s] Level 1:colcon.colcon_core.environment:create_environment_scripts_only(fusion)
[0.912s] Level 1:colcon.colcon_core.environment:checking '/home/guichen/Documents/drone-radar-fusion/install/fusion' for CMake module files
[0.913s] DEBUG:colcon.colcon_core.event_handler.log_command:Invoked command in '/home/guichen/Documents/drone-radar-fusion/build/fusion' returned '0': AMENT_PREFIX_PATH=/home/guichen/Documents/drone-radar-fusion/install/interface:${AMENT_PREFIX_PATH} CMAKE_PREFIX_PATH=/home/guichen/Documents/drone-radar-fusion/install/interface:/opt/ros/humble LD_LIBRARY_PATH=/home/guichen/Documents/drone-radar-fusion/install/interface/lib:/opt/MVS/lib/64:/opt/MVS/lib/32:/usr/lib/x86_64-linux-gnu/gazebo-11/plugins:/opt/ros/humble/opt/rviz_ogre_vendor/lib:/opt/ros/humble/lib/x86_64-linux-gnu:/opt/ros/humble/lib:/opt/MVS/lib/64:/opt/MVS/lib/32:/opt/MVS/lib/64:/opt/MVS/lib/32 PYTHONPATH=/home/guichen/Documents/drone-radar-fusion/install/interface/local/lib/python3.10/dist-packages:${PYTHONPATH} /usr/bin/cmake --install /home/guichen/Documents/drone-radar-fusion/build/fusion
[0.913s] Level 1:colcon.colcon_core.environment:checking '/home/guichen/Documents/drone-radar-fusion/install/fusion' for CMake config files
[0.913s] Level 1:colcon.colcon_core.shell:create_environment_hook('fusion', 'cmake_prefix_path')
[0.913s] INFO:colcon.colcon_core.shell:Creating environment hook '/home/guichen/Documents/drone-radar-fusion/install/fusion/share/fusion/hook/cmake_prefix_path.ps1'
[0.914s] INFO:colcon.colcon_core.shell:Creating environment descriptor '/home/guichen/Documents/drone-radar-fusion/install/fusion/share/fusion/hook/cmake_prefix_path.dsv'
[0.914s] INFO:colcon.colcon_core.shell:Creating environment hook '/home/guichen/Documents/drone-radar-fusion/install/fusion/share/fusion/hook/cmake_prefix_path.sh'
[0.914s] Level 1:colcon.colcon_core.environment:checking '/home/guichen/Documents/drone-radar-fusion/install/fusion/lib'
[0.914s] Level 1:colcon.colcon_core.environment:checking '/home/guichen/Documents/drone-radar-fusion/install/fusion/bin'
[0.914s] Level 1:colcon.colcon_core.environment:checking '/home/guichen/Documents/drone-radar-fusion/install/fusion/lib/pkgconfig/fusion.pc'
[0.914s] Level 1:colcon.colcon_core.environment:checking '/home/guichen/Documents/drone-radar-fusion/install/fusion/lib/python3.10/site-packages'
[0.915s] Level 1:colcon.colcon_core.environment:checking '/home/guichen/Documents/drone-radar-fusion/install/fusion/bin'
[0.915s] INFO:colcon.colcon_core.shell:Creating package script '/home/guichen/Documents/drone-radar-fusion/install/fusion/share/fusion/package.ps1'
[0.915s] INFO:colcon.colcon_core.shell:Creating package descriptor '/home/guichen/Documents/drone-radar-fusion/install/fusion/share/fusion/package.dsv'
[0.915s] INFO:colcon.colcon_core.shell:Creating package script '/home/guichen/Documents/drone-radar-fusion/install/fusion/share/fusion/package.sh'
[0.916s] INFO:colcon.colcon_core.shell:Creating package script '/home/guichen/Documents/drone-radar-fusion/install/fusion/share/fusion/package.bash'
[0.916s] INFO:colcon.colcon_core.shell:Creating package script '/home/guichen/Documents/drone-radar-fusion/install/fusion/share/fusion/package.zsh'
[0.916s] Level 1:colcon.colcon_core.environment:create_file_with_runtime_dependencies(/home/guichen/Documents/drone-radar-fusion/install/fusion/share/colcon-core/packages/fusion)
[0.916s] Level 1:colcon.colcon_core.environment:create_environment_scripts_only(fusion)
[0.916s] Level 1:colcon.colcon_core.environment:checking '/home/guichen/Documents/drone-radar-fusion/install/fusion' for CMake module files
[0.917s] Level 1:colcon.colcon_core.environment:checking '/home/guichen/Documents/drone-radar-fusion/install/fusion' for CMake config files
[0.917s] Level 1:colcon.colcon_core.shell:create_environment_hook('fusion', 'cmake_prefix_path')
[0.917s] INFO:colcon.colcon_core.shell:Creating environment hook '/home/guichen/Documents/drone-radar-fusion/install/fusion/share/fusion/hook/cmake_prefix_path.ps1'
[0.917s] INFO:colcon.colcon_core.shell:Creating environment descriptor '/home/guichen/Documents/drone-radar-fusion/install/fusion/share/fusion/hook/cmake_prefix_path.dsv'
[0.917s] INFO:colcon.colcon_core.shell:Creating environment hook '/home/guichen/Documents/drone-radar-fusion/install/fusion/share/fusion/hook/cmake_prefix_path.sh'
[0.918s] Level 1:colcon.colcon_core.environment:checking '/home/guichen/Documents/drone-radar-fusion/install/fusion/lib'
[0.918s] Level 1:colcon.colcon_core.environment:checking '/home/guichen/Documents/drone-radar-fusion/install/fusion/bin'
[0.918s] Level 1:colcon.colcon_core.environment:checking '/home/guichen/Documents/drone-radar-fusion/install/fusion/lib/pkgconfig/fusion.pc'
[0.918s] Level 1:colcon.colcon_core.environment:checking '/home/guichen/Documents/drone-radar-fusion/install/fusion/lib/python3.10/site-packages'
[0.918s] Level 1:colcon.colcon_core.environment:checking '/home/guichen/Documents/drone-radar-fusion/install/fusion/bin'
[0.918s] INFO:colcon.colcon_core.shell:Creating package script '/home/guichen/Documents/drone-radar-fusion/install/fusion/share/fusion/package.ps1'
[0.919s] INFO:colcon.colcon_core.shell:Creating package descriptor '/home/guichen/Documents/drone-radar-fusion/install/fusion/share/fusion/package.dsv'
[0.919s] INFO:colcon.colcon_core.shell:Creating package script '/home/guichen/Documents/drone-radar-fusion/install/fusion/share/fusion/package.sh'
[0.919s] INFO:colcon.colcon_core.shell:Creating package script '/home/guichen/Documents/drone-radar-fusion/install/fusion/share/fusion/package.bash'
[0.919s] INFO:colcon.colcon_core.shell:Creating package script '/home/guichen/Documents/drone-radar-fusion/install/fusion/share/fusion/package.zsh'
[0.920s] Level 1:colcon.colcon_core.environment:create_file_with_runtime_dependencies(/home/guichen/Documents/drone-radar-fusion/install/fusion/share/colcon-core/packages/fusion)
[0.920s] INFO:colcon.colcon_ros.task.ament_cmake.build:Building ROS package in '/home/guichen/Documents/drone-radar-fusion/src/radar' with build type 'ament_cmake'
[0.920s] INFO:colcon.colcon_cmake.task.cmake.build:Building CMake package in '/home/guichen/Documents/drone-radar-fusion/src/radar'
[0.920s] INFO:colcon.colcon_core.shell:Skip shell extension 'powershell' for command environment: Not usable outside of PowerShell
[0.920s] DEBUG:colcon.colcon_core.shell:Skip shell extension 'dsv' for command environment
[0.926s] DEBUG:colcon.colcon_core.event_handler.log_command:Invoking command in '/home/guichen/Documents/drone-radar-fusion/build/radar': AMENT_PREFIX_PATH=/home/guichen/Documents/drone-radar-fusion/install/interface:${AMENT_PREFIX_PATH} CMAKE_PREFIX_PATH=/home/guichen/Documents/drone-radar-fusion/install/interface:/opt/ros/humble LD_LIBRARY_PATH=/home/guichen/Documents/drone-radar-fusion/install/interface/lib:/opt/MVS/lib/64:/opt/MVS/lib/32:/usr/lib/x86_64-linux-gnu/gazebo-11/plugins:/opt/ros/humble/opt/rviz_ogre_vendor/lib:/opt/ros/humble/lib/x86_64-linux-gnu:/opt/ros/humble/lib:/opt/MVS/lib/64:/opt/MVS/lib/32:/opt/MVS/lib/64:/opt/MVS/lib/32 PYTHONPATH=/home/guichen/Documents/drone-radar-fusion/install/interface/local/lib/python3.10/dist-packages:${PYTHONPATH} /usr/bin/cmake --build /home/guichen/Documents/drone-radar-fusion/build/radar -- -j16 -l16
[0.985s] DEBUG:colcon.colcon_core.event_handler.log_command:Invoked command in '/home/guichen/Documents/drone-radar-fusion/build/radar' returned '0': AMENT_PREFIX_PATH=/home/guichen/Documents/drone-radar-fusion/install/interface:${AMENT_PREFIX_PATH} CMAKE_PREFIX_PATH=/home/guichen/Documents/drone-radar-fusion/install/interface:/opt/ros/humble LD_LIBRARY_PATH=/home/guichen/Documents/drone-radar-fusion/install/interface/lib:/opt/MVS/lib/64:/opt/MVS/lib/32:/usr/lib/x86_64-linux-gnu/gazebo-11/plugins:/opt/ros/humble/opt/rviz_ogre_vendor/lib:/opt/ros/humble/lib/x86_64-linux-gnu:/opt/ros/humble/lib:/opt/MVS/lib/64:/opt/MVS/lib/32:/opt/MVS/lib/64:/opt/MVS/lib/32 PYTHONPATH=/home/guichen/Documents/drone-radar-fusion/install/interface/local/lib/python3.10/dist-packages:${PYTHONPATH} /usr/bin/cmake --build /home/guichen/Documents/drone-radar-fusion/build/radar -- -j16 -l16
[0.986s] DEBUG:colcon.colcon_core.event_handler.log_command:Invoking command in '/home/guichen/Documents/drone-radar-fusion/build/radar': AMENT_PREFIX_PATH=/home/guichen/Documents/drone-radar-fusion/install/interface:${AMENT_PREFIX_PATH} CMAKE_PREFIX_PATH=/home/guichen/Documents/drone-radar-fusion/install/interface:/opt/ros/humble LD_LIBRARY_PATH=/home/guichen/Documents/drone-radar-fusion/install/interface/lib:/opt/MVS/lib/64:/opt/MVS/lib/32:/usr/lib/x86_64-linux-gnu/gazebo-11/plugins:/opt/ros/humble/opt/rviz_ogre_vendor/lib:/opt/ros/humble/lib/x86_64-linux-gnu:/opt/ros/humble/lib:/opt/MVS/lib/64:/opt/MVS/lib/32:/opt/MVS/lib/64:/opt/MVS/lib/32 PYTHONPATH=/home/guichen/Documents/drone-radar-fusion/install/interface/local/lib/python3.10/dist-packages:${PYTHONPATH} /usr/bin/cmake --install /home/guichen/Documents/drone-radar-fusion/build/radar
[0.998s] Level 1:colcon.colcon_core.environment:create_environment_scripts_only(radar)
[0.999s] Level 1:colcon.colcon_core.environment:checking '/home/guichen/Documents/drone-radar-fusion/install/radar' for CMake module files
[0.999s] DEBUG:colcon.colcon_core.event_handler.log_command:Invoked command in '/home/guichen/Documents/drone-radar-fusion/build/radar' returned '0': AMENT_PREFIX_PATH=/home/guichen/Documents/drone-radar-fusion/install/interface:${AMENT_PREFIX_PATH} CMAKE_PREFIX_PATH=/home/guichen/Documents/drone-radar-fusion/install/interface:/opt/ros/humble LD_LIBRARY_PATH=/home/guichen/Documents/drone-radar-fusion/install/interface/lib:/opt/MVS/lib/64:/opt/MVS/lib/32:/usr/lib/x86_64-linux-gnu/gazebo-11/plugins:/opt/ros/humble/opt/rviz_ogre_vendor/lib:/opt/ros/humble/lib/x86_64-linux-gnu:/opt/ros/humble/lib:/opt/MVS/lib/64:/opt/MVS/lib/32:/opt/MVS/lib/64:/opt/MVS/lib/32 PYTHONPATH=/home/guichen/Documents/drone-radar-fusion/install/interface/local/lib/python3.10/dist-packages:${PYTHONPATH} /usr/bin/cmake --install /home/guichen/Documents/drone-radar-fusion/build/radar
[0.999s] Level 1:colcon.colcon_core.environment:checking '/home/guichen/Documents/drone-radar-fusion/install/radar' for CMake config files
[0.999s] Level 1:colcon.colcon_core.shell:create_environment_hook('radar', 'cmake_prefix_path')
[1.000s] INFO:colcon.colcon_core.shell:Creating environment hook '/home/guichen/Documents/drone-radar-fusion/install/radar/share/radar/hook/cmake_prefix_path.ps1'
[1.000s] INFO:colcon.colcon_core.shell:Creating environment descriptor '/home/guichen/Documents/drone-radar-fusion/install/radar/share/radar/hook/cmake_prefix_path.dsv'
[1.000s] INFO:colcon.colcon_core.shell:Creating environment hook '/home/guichen/Documents/drone-radar-fusion/install/radar/share/radar/hook/cmake_prefix_path.sh'
[1.001s] Level 1:colcon.colcon_core.environment:checking '/home/guichen/Documents/drone-radar-fusion/install/radar/lib'
[1.001s] Level 1:colcon.colcon_core.environment:checking '/home/guichen/Documents/drone-radar-fusion/install/radar/bin'
[1.001s] Level 1:colcon.colcon_core.environment:checking '/home/guichen/Documents/drone-radar-fusion/install/radar/lib/pkgconfig/radar.pc'
[1.001s] Level 1:colcon.colcon_core.environment:checking '/home/guichen/Documents/drone-radar-fusion/install/radar/lib/python3.10/site-packages'
[1.001s] Level 1:colcon.colcon_core.environment:checking '/home/guichen/Documents/drone-radar-fusion/install/radar/bin'
[1.001s] INFO:colcon.colcon_core.shell:Creating package script '/home/guichen/Documents/drone-radar-fusion/install/radar/share/radar/package.ps1'
[1.002s] INFO:colcon.colcon_core.shell:Creating package descriptor '/home/guichen/Documents/drone-radar-fusion/install/radar/share/radar/package.dsv'
[1.002s] INFO:colcon.colcon_core.shell:Creating package script '/home/guichen/Documents/drone-radar-fusion/install/radar/share/radar/package.sh'
[1.002s] INFO:colcon.colcon_core.shell:Creating package script '/home/guichen/Documents/drone-radar-fusion/install/radar/share/radar/package.bash'
[1.002s] INFO:colcon.colcon_core.shell:Creating package script '/home/guichen/Documents/drone-radar-fusion/install/radar/share/radar/package.zsh'
[1.002s] Level 1:colcon.colcon_core.environment:create_file_with_runtime_dependencies(/home/guichen/Documents/drone-radar-fusion/install/radar/share/colcon-core/packages/radar)
[1.003s] Level 1:colcon.colcon_core.environment:create_environment_scripts_only(radar)
[1.003s] Level 1:colcon.colcon_core.environment:checking '/home/guichen/Documents/drone-radar-fusion/install/radar' for CMake module files
[1.003s] Level 1:colcon.colcon_core.environment:checking '/home/guichen/Documents/drone-radar-fusion/install/radar' for CMake config files
[1.003s] Level 1:colcon.colcon_core.shell:create_environment_hook('radar', 'cmake_prefix_path')
[1.003s] INFO:colcon.colcon_core.shell:Creating environment hook '/home/guichen/Documents/drone-radar-fusion/install/radar/share/radar/hook/cmake_prefix_path.ps1'
[1.004s] INFO:colcon.colcon_core.shell:Creating environment descriptor '/home/guichen/Documents/drone-radar-fusion/install/radar/share/radar/hook/cmake_prefix_path.dsv'
[1.004s] INFO:colcon.colcon_core.shell:Creating environment hook '/home/guichen/Documents/drone-radar-fusion/install/radar/share/radar/hook/cmake_prefix_path.sh'
[1.004s] Level 1:colcon.colcon_core.environment:checking '/home/guichen/Documents/drone-radar-fusion/install/radar/lib'
[1.004s] Level 1:colcon.colcon_core.environment:checking '/home/guichen/Documents/drone-radar-fusion/install/radar/bin'
[1.004s] Level 1:colcon.colcon_core.environment:checking '/home/guichen/Documents/drone-radar-fusion/install/radar/lib/pkgconfig/radar.pc'
[1.004s] Level 1:colcon.colcon_core.environment:checking '/home/guichen/Documents/drone-radar-fusion/install/radar/lib/python3.10/site-packages'
[1.005s] Level 1:colcon.colcon_core.environment:checking '/home/guichen/Documents/drone-radar-fusion/install/radar/bin'
[1.005s] INFO:colcon.colcon_core.shell:Creating package script '/home/guichen/Documents/drone-radar-fusion/install/radar/share/radar/package.ps1'
[1.005s] INFO:colcon.colcon_core.shell:Creating package descriptor '/home/guichen/Documents/drone-radar-fusion/install/radar/share/radar/package.dsv'
[1.005s] INFO:colcon.colcon_core.shell:Creating package script '/home/guichen/Documents/drone-radar-fusion/install/radar/share/radar/package.sh'
[1.006s] INFO:colcon.colcon_core.shell:Creating package script '/home/guichen/Documents/drone-radar-fusion/install/radar/share/radar/package.bash'
[1.006s] INFO:colcon.colcon_core.shell:Creating package script '/home/guichen/Documents/drone-radar-fusion/install/radar/share/radar/package.zsh'
[1.006s] Level 1:colcon.colcon_core.environment:create_file_with_runtime_dependencies(/home/guichen/Documents/drone-radar-fusion/install/radar/share/colcon-core/packages/radar)
[1.006s] INFO:colcon.colcon_ros.task.ament_python.build:Building ROS package in '/home/guichen/Documents/drone-radar-fusion/src/web_dashboard' with build type 'ament_python'
[1.007s] Level 1:colcon.colcon_core.shell:create_environment_hook('web_dashboard', 'ament_prefix_path')
[1.007s] INFO:colcon.colcon_core.shell:Creating environment hook '/home/guichen/Documents/drone-radar-fusion/install/web_dashboard/share/web_dashboard/hook/ament_prefix_path.ps1'
[1.007s] INFO:colcon.colcon_core.shell:Creating environment descriptor '/home/guichen/Documents/drone-radar-fusion/install/web_dashboard/share/web_dashboard/hook/ament_prefix_path.dsv'
[1.008s] INFO:colcon.colcon_core.shell:Creating environment hook '/home/guichen/Documents/drone-radar-fusion/install/web_dashboard/share/web_dashboard/hook/ament_prefix_path.sh'
[1.008s] INFO:colcon.colcon_core.shell:Skip shell extension 'powershell' for command environment: Not usable outside of PowerShell
[1.008s] DEBUG:colcon.colcon_core.shell:Skip shell extension 'dsv' for command environment
[1.174s] INFO:colcon.colcon_core.task.python.build:Building Python package in '/home/guichen/Documents/drone-radar-fusion/src/web_dashboard'
[1.174s] INFO:colcon.colcon_core.shell:Skip shell extension 'powershell' for command environment: Not usable outside of PowerShell
[1.174s] DEBUG:colcon.colcon_core.shell:Skip shell extension 'dsv' for command environment
[1.178s] DEBUG:colcon.colcon_core.event_handler.log_command:Invoking command in '/home/guichen/Documents/drone-radar-fusion/build/camera_yolo': AMENT_PREFIX_PATH=/home/guichen/Documents/drone-radar-fusion/install/interface:${AMENT_PREFIX_PATH} CMAKE_PREFIX_PATH=/home/guichen/Documents/drone-radar-fusion/install/interface LD_LIBRARY_PATH=/home/guichen/Documents/drone-radar-fusion/install/interface/lib:/opt/MVS/lib/64:/opt/MVS/lib/32:/usr/lib/x86_64-linux-gnu/gazebo-11/plugins:/opt/ros/humble/opt/rviz_ogre_vendor/lib:/opt/ros/humble/lib/x86_64-linux-gnu:/opt/ros/humble/lib:/opt/MVS/lib/64:/opt/MVS/lib/32:/opt/MVS/lib/64:/opt/MVS/lib/32 PYTHONPATH=/home/guichen/Documents/drone-radar-fusion/build/camera_yolo/prefix_override:/usr/lib/python3/dist-packages/colcon_core/task/python/colcon_distutils_commands:/home/guichen/Documents/drone-radar-fusion/install/camera_yolo/lib/python3.10/site-packages:/home/guichen/Documents/drone-radar-fusion/install/interface/local/lib/python3.10/dist-packages:${PYTHONPATH} /usr/bin/python3 -W ignore:setup.py install is deprecated -W ignore:easy_install command is deprecated setup.py develop --editable --build-directory /home/guichen/Documents/drone-radar-fusion/build/camera_yolo/build --no-deps symlink_data
[1.397s] DEBUG:colcon.colcon_core.event_handler.log_command:Invoking command in '/home/guichen/Documents/drone-radar-fusion/build/web_dashboard': AMENT_PREFIX_PATH=/home/guichen/Documents/drone-radar-fusion/install/interface:${AMENT_PREFIX_PATH} CMAKE_PREFIX_PATH=/home/guichen/Documents/drone-radar-fusion/install/interface LD_LIBRARY_PATH=/home/guichen/Documents/drone-radar-fusion/install/interface/lib:/opt/MVS/lib/64:/opt/MVS/lib/32:/usr/lib/x86_64-linux-gnu/gazebo-11/plugins:/opt/ros/humble/opt/rviz_ogre_vendor/lib:/opt/ros/humble/lib/x86_64-linux-gnu:/opt/ros/humble/lib:/opt/MVS/lib/64:/opt/MVS/lib/32:/opt/MVS/lib/64:/opt/MVS/lib/32 PYTHONPATH=/home/guichen/Documents/drone-radar-fusion/build/web_dashboard/prefix_override:/usr/lib/python3/dist-packages/colcon_core/task/python/colcon_distutils_commands:/home/guichen/Documents/drone-radar-fusion/install/web_dashboard/lib/python3.10/site-packages:/home/guichen/Documents/drone-radar-fusion/install/interface/local/lib/python3.10/dist-packages:${PYTHONPATH} /usr/bin/python3 -W ignore:setup.py install is deprecated -W ignore:easy_install command is deprecated setup.py develop --editable --build-directory /home/guichen/Documents/drone-radar-fusion/build/web_dashboard/build --no-deps symlink_data
[1.466s] Level 1:colcon.colcon_core.shell:create_environment_hook('camera_yolo', 'pythonpath_develop')
[1.466s] INFO:colcon.colcon_core.shell:Creating environment hook '/home/guichen/Documents/drone-radar-fusion/build/camera_yolo/share/camera_yolo/hook/pythonpath_develop.ps1'
[1.467s] DEBUG:colcon.colcon_core.event_handler.log_command:Invoked command in '/home/guichen/Documents/drone-radar-fusion/build/camera_yolo' returned '0': AMENT_PREFIX_PATH=/home/guichen/Documents/drone-radar-fusion/install/interface:${AMENT_PREFIX_PATH} CMAKE_PREFIX_PATH=/home/guichen/Documents/drone-radar-fusion/install/interface LD_LIBRARY_PATH=/home/guichen/Documents/drone-radar-fusion/install/interface/lib:/opt/MVS/lib/64:/opt/MVS/lib/32:/usr/lib/x86_64-linux-gnu/gazebo-11/plugins:/opt/ros/humble/opt/rviz_ogre_vendor/lib:/opt/ros/humble/lib/x86_64-linux-gnu:/opt/ros/humble/lib:/opt/MVS/lib/64:/opt/MVS/lib/32:/opt/MVS/lib/64:/opt/MVS/lib/32 PYTHONPATH=/home/guichen/Documents/drone-radar-fusion/build/camera_yolo/prefix_override:/usr/lib/python3/dist-packages/colcon_core/task/python/colcon_distutils_commands:/home/guichen/Documents/drone-radar-fusion/install/camera_yolo/lib/python3.10/site-packages:/home/guichen/Documents/drone-radar-fusion/install/interface/local/lib/python3.10/dist-packages:${PYTHONPATH} /usr/bin/python3 -W ignore:setup.py install is deprecated -W ignore:easy_install command is deprecated setup.py develop --editable --build-directory /home/guichen/Documents/drone-radar-fusion/build/camera_yolo/build --no-deps symlink_data
[1.467s] INFO:colcon.colcon_core.shell:Creating environment descriptor '/home/guichen/Documents/drone-radar-fusion/build/camera_yolo/share/camera_yolo/hook/pythonpath_develop.dsv'
[1.467s] INFO:colcon.colcon_core.shell:Creating environment hook '/home/guichen/Documents/drone-radar-fusion/build/camera_yolo/share/camera_yolo/hook/pythonpath_develop.sh'
[1.468s] Level 1:colcon.colcon_core.environment:checking '/home/guichen/Documents/drone-radar-fusion/install/camera_yolo' for CMake module files
[1.468s] Level 1:colcon.colcon_core.environment:checking '/home/guichen/Documents/drone-radar-fusion/install/camera_yolo' for CMake config files
[1.468s] Level 1:colcon.colcon_core.environment:checking '/home/guichen/Documents/drone-radar-fusion/install/camera_yolo/lib'
[1.468s] Level 1:colcon.colcon_core.environment:checking '/home/guichen/Documents/drone-radar-fusion/install/camera_yolo/bin'
[1.468s] Level 1:colcon.colcon_core.environment:checking '/home/guichen/Documents/drone-radar-fusion/install/camera_yolo/lib/pkgconfig/camera_yolo.pc'
[1.468s] Level 1:colcon.colcon_core.environment:checking '/home/guichen/Documents/drone-radar-fusion/install/camera_yolo/lib/python3.10/site-packages'
[1.469s] Level 1:colcon.colcon_core.shell:create_environment_hook('camera_yolo', 'pythonpath')
[1.469s] INFO:colcon.colcon_core.shell:Creating environment hook '/home/guichen/Documents/drone-radar-fusion/install/camera_yolo/share/camera_yolo/hook/pythonpath.ps1'
[1.469s] INFO:colcon.colcon_core.shell:Creating environment descriptor '/home/guichen/Documents/drone-radar-fusion/install/camera_yolo/share/camera_yolo/hook/pythonpath.dsv'
[1.469s] INFO:colcon.colcon_core.shell:Creating environment hook '/home/guichen/Documents/drone-radar-fusion/install/camera_yolo/share/camera_yolo/hook/pythonpath.sh'
[1.470s] Level 1:colcon.colcon_core.environment:checking '/home/guichen/Documents/drone-radar-fusion/install/camera_yolo/bin'
[1.470s] Level 1:colcon.colcon_core.environment:create_environment_scripts_only(camera_yolo)
[1.470s] INFO:colcon.colcon_core.shell:Creating package script '/home/guichen/Documents/drone-radar-fusion/install/camera_yolo/share/camera_yolo/package.ps1'
[1.470s] INFO:colcon.colcon_core.shell:Creating package descriptor '/home/guichen/Documents/drone-radar-fusion/install/camera_yolo/share/camera_yolo/package.dsv'
[1.470s] INFO:colcon.colcon_core.shell:Creating package script '/home/guichen/Documents/drone-radar-fusion/install/camera_yolo/share/camera_yolo/package.sh'
[1.471s] INFO:colcon.colcon_core.shell:Creating package script '/home/guichen/Documents/drone-radar-fusion/install/camera_yolo/share/camera_yolo/package.bash'
[1.471s] INFO:colcon.colcon_core.shell:Creating package script '/home/guichen/Documents/drone-radar-fusion/install/camera_yolo/share/camera_yolo/package.zsh'
[1.471s] Level 1:colcon.colcon_core.environment:create_file_with_runtime_dependencies(/home/guichen/Documents/drone-radar-fusion/install/camera_yolo/share/colcon-core/packages/camera_yolo)
[1.634s] DEBUG:colcon.colcon_core.event_handler.log_command:Invoked command in '/home/guichen/Documents/drone-radar-fusion/build/livox_sdk_vendor' returned '0': CMAKE_PREFIX_PATH=/opt/ros/humble /usr/bin/cmake --build /home/guichen/Documents/drone-radar-fusion/build/livox_sdk_vendor -- -j16 -l16
[1.635s] DEBUG:colcon.colcon_core.event_handler.log_command:Invoking command in '/home/guichen/Documents/drone-radar-fusion/build/livox_sdk_vendor': CMAKE_PREFIX_PATH=/opt/ros/humble /usr/bin/cmake --install /home/guichen/Documents/drone-radar-fusion/build/livox_sdk_vendor
[1.649s] Level 1:colcon.colcon_core.environment:create_environment_scripts_only(livox_sdk_vendor)
[1.649s] Level 1:colcon.colcon_core.environment:checking '/home/guichen/Documents/drone-radar-fusion/install/livox_sdk_vendor' for CMake module files
[1.650s] DEBUG:colcon.colcon_core.event_handler.log_command:Invoked command in '/home/guichen/Documents/drone-radar-fusion/build/livox_sdk_vendor' returned '0': CMAKE_PREFIX_PATH=/opt/ros/humble /usr/bin/cmake --install /home/guichen/Documents/drone-radar-fusion/build/livox_sdk_vendor
[1.650s] Level 1:colcon.colcon_core.environment:checking '/home/guichen/Documents/drone-radar-fusion/install/livox_sdk_vendor' for CMake config files
[1.650s] Level 1:colcon.colcon_core.shell:create_environment_hook('livox_sdk_vendor', 'cmake_prefix_path')
[1.650s] INFO:colcon.colcon_core.shell:Creating environment hook '/home/guichen/Documents/drone-radar-fusion/install/livox_sdk_vendor/share/livox_sdk_vendor/hook/cmake_prefix_path.ps1'
[1.651s] INFO:colcon.colcon_core.shell:Creating environment descriptor '/home/guichen/Documents/drone-radar-fusion/install/livox_sdk_vendor/share/livox_sdk_vendor/hook/cmake_prefix_path.dsv'
[1.651s] INFO:colcon.colcon_core.shell:Creating environment hook '/home/guichen/Documents/drone-radar-fusion/install/livox_sdk_vendor/share/livox_sdk_vendor/hook/cmake_prefix_path.sh'
[1.651s] Level 1:colcon.colcon_core.environment:checking '/home/guichen/Documents/drone-radar-fusion/install/livox_sdk_vendor/lib'
[1.651s] Level 1:colcon.colcon_core.environment:checking '/home/guichen/Documents/drone-radar-fusion/install/livox_sdk_vendor/bin'
[1.651s] Level 1:colcon.colcon_core.environment:checking '/home/guichen/Documents/drone-radar-fusion/install/livox_sdk_vendor/lib/pkgconfig/livox_sdk_vendor.pc'
[1.651s] Level 1:colcon.colcon_core.environment:checking '/home/guichen/Documents/drone-radar-fusion/install/livox_sdk_vendor/lib/python3.10/site-packages'
[1.652s] Level 1:colcon.colcon_core.environment:checking '/home/guichen/Documents/drone-radar-fusion/install/livox_sdk_vendor/bin'
[1.652s] INFO:colcon.colcon_core.shell:Creating package script '/home/guichen/Documents/drone-radar-fusion/install/livox_sdk_vendor/share/livox_sdk_vendor/package.ps1'
[1.652s] INFO:colcon.colcon_core.shell:Creating package descriptor '/home/guichen/Documents/drone-radar-fusion/install/livox_sdk_vendor/share/livox_sdk_vendor/package.dsv'
[1.653s] INFO:colcon.colcon_core.shell:Creating package script '/home/guichen/Documents/drone-radar-fusion/install/livox_sdk_vendor/share/livox_sdk_vendor/package.sh'
[1.653s] INFO:colcon.colcon_core.shell:Creating package script '/home/guichen/Documents/drone-radar-fusion/install/livox_sdk_vendor/share/livox_sdk_vendor/package.bash'
[1.653s] INFO:colcon.colcon_core.shell:Creating package script '/home/guichen/Documents/drone-radar-fusion/install/livox_sdk_vendor/share/livox_sdk_vendor/package.zsh'
[1.653s] Level 1:colcon.colcon_core.environment:create_file_with_runtime_dependencies(/home/guichen/Documents/drone-radar-fusion/install/livox_sdk_vendor/share/colcon-core/packages/livox_sdk_vendor)
[1.654s] Level 1:colcon.colcon_core.environment:create_environment_scripts_only(livox_sdk_vendor)
[1.654s] Level 1:colcon.colcon_core.environment:checking '/home/guichen/Documents/drone-radar-fusion/install/livox_sdk_vendor' for CMake module files
[1.654s] Level 1:colcon.colcon_core.environment:checking '/home/guichen/Documents/drone-radar-fusion/install/livox_sdk_vendor' for CMake config files
[1.654s] Level 1:colcon.colcon_core.shell:create_environment_hook('livox_sdk_vendor', 'cmake_prefix_path')
[1.654s] INFO:colcon.colcon_core.shell:Creating environment hook '/home/guichen/Documents/drone-radar-fusion/install/livox_sdk_vendor/share/livox_sdk_vendor/hook/cmake_prefix_path.ps1'
[1.655s] INFO:colcon.colcon_core.shell:Creating environment descriptor '/home/guichen/Documents/drone-radar-fusion/install/livox_sdk_vendor/share/livox_sdk_vendor/hook/cmake_prefix_path.dsv'
[1.655s] INFO:colcon.colcon_core.shell:Creating environment hook '/home/guichen/Documents/drone-radar-fusion/install/livox_sdk_vendor/share/livox_sdk_vendor/hook/cmake_prefix_path.sh'
[1.655s] Level 1:colcon.colcon_core.environment:checking '/home/guichen/Documents/drone-radar-fusion/install/livox_sdk_vendor/lib'
[1.655s] Level 1:colcon.colcon_core.environment:checking '/home/guichen/Documents/drone-radar-fusion/install/livox_sdk_vendor/bin'
[1.655s] Level 1:colcon.colcon_core.environment:checking '/home/guichen/Documents/drone-radar-fusion/install/livox_sdk_vendor/lib/pkgconfig/livox_sdk_vendor.pc'
[1.655s] Level 1:colcon.colcon_core.environment:checking '/home/guichen/Documents/drone-radar-fusion/install/livox_sdk_vendor/lib/python3.10/site-packages'
[1.656s] Level 1:colcon.colcon_core.environment:checking '/home/guichen/Documents/drone-radar-fusion/install/livox_sdk_vendor/bin'
[1.656s] INFO:colcon.colcon_core.shell:Creating package script '/home/guichen/Documents/drone-radar-fusion/install/livox_sdk_vendor/share/livox_sdk_vendor/package.ps1'
[1.656s] INFO:colcon.colcon_core.shell:Creating package descriptor '/home/guichen/Documents/drone-radar-fusion/install/livox_sdk_vendor/share/livox_sdk_vendor/package.dsv'
[1.657s] INFO:colcon.colcon_core.shell:Creating package script '/home/guichen/Documents/drone-radar-fusion/install/livox_sdk_vendor/share/livox_sdk_vendor/package.sh'
[1.657s] INFO:colcon.colcon_core.shell:Creating package script '/home/guichen/Documents/drone-radar-fusion/install/livox_sdk_vendor/share/livox_sdk_vendor/package.bash'
[1.657s] INFO:colcon.colcon_core.shell:Creating package script '/home/guichen/Documents/drone-radar-fusion/install/livox_sdk_vendor/share/livox_sdk_vendor/package.zsh'
[1.657s] Level 1:colcon.colcon_core.environment:create_file_with_runtime_dependencies(/home/guichen/Documents/drone-radar-fusion/install/livox_sdk_vendor/share/colcon-core/packages/livox_sdk_vendor)
[1.657s] INFO:colcon.colcon_ros.task.ament_cmake.build:Building ROS package in '/home/guichen/Documents/drone-radar-fusion/src/livox_driver/livox_ros2_avia' with build type 'ament_cmake'
[1.658s] INFO:colcon.colcon_cmake.task.cmake.build:Building CMake package in '/home/guichen/Documents/drone-radar-fusion/src/livox_driver/livox_ros2_avia'
[1.658s] INFO:colcon.colcon_core.shell:Skip shell extension 'powershell' for command environment: Not usable outside of PowerShell
[1.658s] DEBUG:colcon.colcon_core.shell:Skip shell extension 'dsv' for command environment
[1.665s] DEBUG:colcon.colcon_core.event_handler.log_command:Invoking command in '/home/guichen/Documents/drone-radar-fusion/build/livox_ros2_avia': AMENT_PREFIX_PATH=/home/guichen/Documents/drone-radar-fusion/install/livox_sdk_vendor:/home/guichen/Documents/drone-radar-fusion/install/livox_interfaces:${AMENT_PREFIX_PATH} CMAKE_PREFIX_PATH=/home/guichen/Documents/drone-radar-fusion/install/livox_sdk_vendor:/home/guichen/Documents/drone-radar-fusion/install/livox_interfaces:/opt/ros/humble LD_LIBRARY_PATH=/home/guichen/Documents/drone-radar-fusion/install/livox_interfaces/lib:/opt/MVS/lib/64:/opt/MVS/lib/32:/usr/lib/x86_64-linux-gnu/gazebo-11/plugins:/opt/ros/humble/opt/rviz_ogre_vendor/lib:/opt/ros/humble/lib/x86_64-linux-gnu:/opt/ros/humble/lib:/opt/MVS/lib/64:/opt/MVS/lib/32:/opt/MVS/lib/64:/opt/MVS/lib/32 PYTHONPATH=/home/guichen/Documents/drone-radar-fusion/install/livox_interfaces/local/lib/python3.10/dist-packages:${PYTHONPATH} /usr/bin/cmake --build /home/guichen/Documents/drone-radar-fusion/build/livox_ros2_avia -- -j16 -l16
[1.711s] Level 1:colcon.colcon_core.shell:create_environment_hook('web_dashboard', 'pythonpath_develop')
[1.711s] INFO:colcon.colcon_core.shell:Creating environment hook '/home/guichen/Documents/drone-radar-fusion/build/web_dashboard/share/web_dashboard/hook/pythonpath_develop.ps1'
[1.711s] DEBUG:colcon.colcon_core.event_handler.log_command:Invoked command in '/home/guichen/Documents/drone-radar-fusion/build/web_dashboard' returned '0': AMENT_PREFIX_PATH=/home/guichen/Documents/drone-radar-fusion/install/interface:${AMENT_PREFIX_PATH} CMAKE_PREFIX_PATH=/home/guichen/Documents/drone-radar-fusion/install/interface LD_LIBRARY_PATH=/home/guichen/Documents/drone-radar-fusion/install/interface/lib:/opt/MVS/lib/64:/opt/MVS/lib/32:/usr/lib/x86_64-linux-gnu/gazebo-11/plugins:/opt/ros/humble/opt/rviz_ogre_vendor/lib:/opt/ros/humble/lib/x86_64-linux-gnu:/opt/ros/humble/lib:/opt/MVS/lib/64:/opt/MVS/lib/32:/opt/MVS/lib/64:/opt/MVS/lib/32 PYTHONPATH=/home/guichen/Documents/drone-radar-fusion/build/web_dashboard/prefix_override:/usr/lib/python3/dist-packages/colcon_core/task/python/colcon_distutils_commands:/home/guichen/Documents/drone-radar-fusion/install/web_dashboard/lib/python3.10/site-packages:/home/guichen/Documents/drone-radar-fusion/install/interface/local/lib/python3.10/dist-packages:${PYTHONPATH} /usr/bin/python3 -W ignore:setup.py install is deprecated -W ignore:easy_install command is deprecated setup.py develop --editable --build-directory /home/guichen/Documents/drone-radar-fusion/build/web_dashboard/build --no-deps symlink_data
[1.712s] INFO:colcon.colcon_core.shell:Creating environment descriptor '/home/guichen/Documents/drone-radar-fusion/build/web_dashboard/share/web_dashboard/hook/pythonpath_develop.dsv'
[1.712s] INFO:colcon.colcon_core.shell:Creating environment hook '/home/guichen/Documents/drone-radar-fusion/build/web_dashboard/share/web_dashboard/hook/pythonpath_develop.sh'
[1.712s] Level 1:colcon.colcon_core.environment:checking '/home/guichen/Documents/drone-radar-fusion/install/web_dashboard' for CMake module files
[1.713s] Level 1:colcon.colcon_core.environment:checking '/home/guichen/Documents/drone-radar-fusion/install/web_dashboard' for CMake config files
[1.713s] Level 1:colcon.colcon_core.environment:checking '/home/guichen/Documents/drone-radar-fusion/install/web_dashboard/lib'
[1.713s] Level 1:colcon.colcon_core.environment:checking '/home/guichen/Documents/drone-radar-fusion/install/web_dashboard/bin'
[1.713s] Level 1:colcon.colcon_core.environment:checking '/home/guichen/Documents/drone-radar-fusion/install/web_dashboard/lib/pkgconfig/web_dashboard.pc'
[1.713s] Level 1:colcon.colcon_core.environment:checking '/home/guichen/Documents/drone-radar-fusion/install/web_dashboard/lib/python3.10/site-packages'
[1.713s] Level 1:colcon.colcon_core.shell:create_environment_hook('web_dashboard', 'pythonpath')
[1.714s] INFO:colcon.colcon_core.shell:Creating environment hook '/home/guichen/Documents/drone-radar-fusion/install/web_dashboard/share/web_dashboard/hook/pythonpath.ps1'
[1.714s] INFO:colcon.colcon_core.shell:Creating environment descriptor '/home/guichen/Documents/drone-radar-fusion/install/web_dashboard/share/web_dashboard/hook/pythonpath.dsv'
[1.714s] INFO:colcon.colcon_core.shell:Creating environment hook '/home/guichen/Documents/drone-radar-fusion/install/web_dashboard/share/web_dashboard/hook/pythonpath.sh'
[1.715s] Level 1:colcon.colcon_core.environment:checking '/home/guichen/Documents/drone-radar-fusion/install/web_dashboard/bin'
[1.715s] Level 1:colcon.colcon_core.environment:create_environment_scripts_only(web_dashboard)
[1.715s] INFO:colcon.colcon_core.shell:Creating package script '/home/guichen/Documents/drone-radar-fusion/install/web_dashboard/share/web_dashboard/package.ps1'
[1.716s] INFO:colcon.colcon_core.shell:Creating package descriptor '/home/guichen/Documents/drone-radar-fusion/install/web_dashboard/share/web_dashboard/package.dsv'
[1.716s] INFO:colcon.colcon_core.shell:Creating package script '/home/guichen/Documents/drone-radar-fusion/install/web_dashboard/share/web_dashboard/package.sh'
[1.716s] INFO:colcon.colcon_core.shell:Creating package script '/home/guichen/Documents/drone-radar-fusion/install/web_dashboard/share/web_dashboard/package.bash'
[1.716s] INFO:colcon.colcon_core.shell:Creating package script '/home/guichen/Documents/drone-radar-fusion/install/web_dashboard/share/web_dashboard/package.zsh'
[1.717s] Level 1:colcon.colcon_core.environment:create_file_with_runtime_dependencies(/home/guichen/Documents/drone-radar-fusion/install/web_dashboard/share/colcon-core/packages/web_dashboard)
[1.733s] DEBUG:colcon.colcon_core.event_handler.log_command:Invoked command in '/home/guichen/Documents/drone-radar-fusion/build/livox_ros2_avia' returned '0': AMENT_PREFIX_PATH=/home/guichen/Documents/drone-radar-fusion/install/livox_sdk_vendor:/home/guichen/Documents/drone-radar-fusion/install/livox_interfaces:${AMENT_PREFIX_PATH} CMAKE_PREFIX_PATH=/home/guichen/Documents/drone-radar-fusion/install/livox_sdk_vendor:/home/guichen/Documents/drone-radar-fusion/install/livox_interfaces:/opt/ros/humble LD_LIBRARY_PATH=/home/guichen/Documents/drone-radar-fusion/install/livox_interfaces/lib:/opt/MVS/lib/64:/opt/MVS/lib/32:/usr/lib/x86_64-linux-gnu/gazebo-11/plugins:/opt/ros/humble/opt/rviz_ogre_vendor/lib:/opt/ros/humble/lib/x86_64-linux-gnu:/opt/ros/humble/lib:/opt/MVS/lib/64:/opt/MVS/lib/32:/opt/MVS/lib/64:/opt/MVS/lib/32 PYTHONPATH=/home/guichen/Documents/drone-radar-fusion/install/livox_interfaces/local/lib/python3.10/dist-packages:${PYTHONPATH} /usr/bin/cmake --build /home/guichen/Documents/drone-radar-fusion/build/livox_ros2_avia -- -j16 -l16
[1.734s] DEBUG:colcon.colcon_core.event_handler.log_command:Invoking command in '/home/guichen/Documents/drone-radar-fusion/build/livox_ros2_avia': AMENT_PREFIX_PATH=/home/guichen/Documents/drone-radar-fusion/install/livox_sdk_vendor:/home/guichen/Documents/drone-radar-fusion/install/livox_interfaces:${AMENT_PREFIX_PATH} CMAKE_PREFIX_PATH=/home/guichen/Documents/drone-radar-fusion/install/livox_sdk_vendor:/home/guichen/Documents/drone-radar-fusion/install/livox_interfaces:/opt/ros/humble LD_LIBRARY_PATH=/home/guichen/Documents/drone-radar-fusion/install/livox_interfaces/lib:/opt/MVS/lib/64:/opt/MVS/lib/32:/usr/lib/x86_64-linux-gnu/gazebo-11/plugins:/opt/ros/humble/opt/rviz_ogre_vendor/lib:/opt/ros/humble/lib/x86_64-linux-gnu:/opt/ros/humble/lib:/opt/MVS/lib/64:/opt/MVS/lib/32:/opt/MVS/lib/64:/opt/MVS/lib/32 PYTHONPATH=/home/guichen/Documents/drone-radar-fusion/install/livox_interfaces/local/lib/python3.10/dist-packages:${PYTHONPATH} /usr/bin/cmake --install /home/guichen/Documents/drone-radar-fusion/build/livox_ros2_avia
[1.750s] Level 1:colcon.colcon_core.environment:create_environment_scripts_only(livox_ros2_avia)
[1.751s] Level 1:colcon.colcon_core.environment:checking '/home/guichen/Documents/drone-radar-fusion/install/livox_ros2_avia' for CMake module files
[1.751s] DEBUG:colcon.colcon_core.event_handler.log_command:Invoked command in '/home/guichen/Documents/drone-radar-fusion/build/livox_ros2_avia' returned '0': AMENT_PREFIX_PATH=/home/guichen/Documents/drone-radar-fusion/install/livox_sdk_vendor:/home/guichen/Documents/drone-radar-fusion/install/livox_interfaces:${AMENT_PREFIX_PATH} CMAKE_PREFIX_PATH=/home/guichen/Documents/drone-radar-fusion/install/livox_sdk_vendor:/home/guichen/Documents/drone-radar-fusion/install/livox_interfaces:/opt/ros/humble LD_LIBRARY_PATH=/home/guichen/Documents/drone-radar-fusion/install/livox_interfaces/lib:/opt/MVS/lib/64:/opt/MVS/lib/32:/usr/lib/x86_64-linux-gnu/gazebo-11/plugins:/opt/ros/humble/opt/rviz_ogre_vendor/lib:/opt/ros/humble/lib/x86_64-linux-gnu:/opt/ros/humble/lib:/opt/MVS/lib/64:/opt/MVS/lib/32:/opt/MVS/lib/64:/opt/MVS/lib/32 PYTHONPATH=/home/guichen/Documents/drone-radar-fusion/install/livox_interfaces/local/lib/python3.10/dist-packages:${PYTHONPATH} /usr/bin/cmake --install /home/guichen/Documents/drone-radar-fusion/build/livox_ros2_avia
[1.751s] Level 1:colcon.colcon_core.environment:checking '/home/guichen/Documents/drone-radar-fusion/install/livox_ros2_avia' for CMake config files
[1.752s] Level 1:colcon.colcon_core.shell:create_environment_hook('livox_ros2_avia', 'cmake_prefix_path')
[1.752s] INFO:colcon.colcon_core.shell:Creating environment hook '/home/guichen/Documents/drone-radar-fusion/install/livox_ros2_avia/share/livox_ros2_avia/hook/cmake_prefix_path.ps1'
[1.752s] INFO:colcon.colcon_core.shell:Creating environment descriptor '/home/guichen/Documents/drone-radar-fusion/install/livox_ros2_avia/share/livox_ros2_avia/hook/cmake_prefix_path.dsv'
[1.752s] INFO:colcon.colcon_core.shell:Creating environment hook '/home/guichen/Documents/drone-radar-fusion/install/livox_ros2_avia/share/livox_ros2_avia/hook/cmake_prefix_path.sh'
[1.753s] Level 1:colcon.colcon_core.environment:checking '/home/guichen/Documents/drone-radar-fusion/install/livox_ros2_avia/lib'
[1.753s] Level 1:colcon.colcon_core.shell:create_environment_hook('livox_ros2_avia', 'ld_library_path_lib')
[1.753s] INFO:colcon.colcon_core.shell:Creating environment hook '/home/guichen/Documents/drone-radar-fusion/install/livox_ros2_avia/share/livox_ros2_avia/hook/ld_library_path_lib.ps1'
[1.753s] INFO:colcon.colcon_core.shell:Creating environment descriptor '/home/guichen/Documents/drone-radar-fusion/install/livox_ros2_avia/share/livox_ros2_avia/hook/ld_library_path_lib.dsv'
[1.754s] INFO:colcon.colcon_core.shell:Creating environment hook '/home/guichen/Documents/drone-radar-fusion/install/livox_ros2_avia/share/livox_ros2_avia/hook/ld_library_path_lib.sh'
[1.754s] Level 1:colcon.colcon_core.environment:checking '/home/guichen/Documents/drone-radar-fusion/install/livox_ros2_avia/bin'
[1.754s] Level 1:colcon.colcon_core.environment:checking '/home/guichen/Documents/drone-radar-fusion/install/livox_ros2_avia/lib/pkgconfig/livox_ros2_avia.pc'
[1.754s] Level 1:colcon.colcon_core.environment:checking '/home/guichen/Documents/drone-radar-fusion/install/livox_ros2_avia/lib/python3.10/site-packages'
[1.754s] Level 1:colcon.colcon_core.environment:checking '/home/guichen/Documents/drone-radar-fusion/install/livox_ros2_avia/bin'
[1.754s] INFO:colcon.colcon_core.shell:Creating package script '/home/guichen/Documents/drone-radar-fusion/install/livox_ros2_avia/share/livox_ros2_avia/package.ps1'
[1.755s] INFO:colcon.colcon_core.shell:Creating package descriptor '/home/guichen/Documents/drone-radar-fusion/install/livox_ros2_avia/share/livox_ros2_avia/package.dsv'
[1.755s] INFO:colcon.colcon_core.shell:Creating package script '/home/guichen/Documents/drone-radar-fusion/install/livox_ros2_avia/share/livox_ros2_avia/package.sh'
[1.755s] INFO:colcon.colcon_core.shell:Creating package script '/home/guichen/Documents/drone-radar-fusion/install/livox_ros2_avia/share/livox_ros2_avia/package.bash'
[1.756s] INFO:colcon.colcon_core.shell:Creating package script '/home/guichen/Documents/drone-radar-fusion/install/livox_ros2_avia/share/livox_ros2_avia/package.zsh'
[1.756s] Level 1:colcon.colcon_core.environment:create_file_with_runtime_dependencies(/home/guichen/Documents/drone-radar-fusion/install/livox_ros2_avia/share/colcon-core/packages/livox_ros2_avia)
[1.756s] Level 1:colcon.colcon_core.environment:create_environment_scripts_only(livox_ros2_avia)
[1.756s] Level 1:colcon.colcon_core.environment:checking '/home/guichen/Documents/drone-radar-fusion/install/livox_ros2_avia' for CMake module files
[1.757s] Level 1:colcon.colcon_core.environment:checking '/home/guichen/Documents/drone-radar-fusion/install/livox_ros2_avia' for CMake config files
[1.757s] Level 1:colcon.colcon_core.shell:create_environment_hook('livox_ros2_avia', 'cmake_prefix_path')
[1.757s] INFO:colcon.colcon_core.shell:Creating environment hook '/home/guichen/Documents/drone-radar-fusion/install/livox_ros2_avia/share/livox_ros2_avia/hook/cmake_prefix_path.ps1'
[1.757s] INFO:colcon.colcon_core.shell:Creating environment descriptor '/home/guichen/Documents/drone-radar-fusion/install/livox_ros2_avia/share/livox_ros2_avia/hook/cmake_prefix_path.dsv'
[1.758s] INFO:colcon.colcon_core.shell:Creating environment hook '/home/guichen/Documents/drone-radar-fusion/install/livox_ros2_avia/share/livox_ros2_avia/hook/cmake_prefix_path.sh'
[1.758s] Level 1:colcon.colcon_core.environment:checking '/home/guichen/Documents/drone-radar-fusion/install/livox_ros2_avia/lib'
[1.758s] Level 1:colcon.colcon_core.shell:create_environment_hook('livox_ros2_avia', 'ld_library_path_lib')
[1.758s] INFO:colcon.colcon_core.shell:Creating environment hook '/home/guichen/Documents/drone-radar-fusion/install/livox_ros2_avia/share/livox_ros2_avia/hook/ld_library_path_lib.ps1'
[1.758s] INFO:colcon.colcon_core.shell:Creating environment descriptor '/home/guichen/Documents/drone-radar-fusion/install/livox_ros2_avia/share/livox_ros2_avia/hook/ld_library_path_lib.dsv'
[1.758s] INFO:colcon.colcon_core.shell:Creating environment hook '/home/guichen/Documents/drone-radar-fusion/install/livox_ros2_avia/share/livox_ros2_avia/hook/ld_library_path_lib.sh'
[1.759s] Level 1:colcon.colcon_core.environment:checking '/home/guichen/Documents/drone-radar-fusion/install/livox_ros2_avia/bin'
[1.759s] Level 1:colcon.colcon_core.environment:checking '/home/guichen/Documents/drone-radar-fusion/install/livox_ros2_avia/lib/pkgconfig/livox_ros2_avia.pc'
[1.759s] Level 1:colcon.colcon_core.environment:checking '/home/guichen/Documents/drone-radar-fusion/install/livox_ros2_avia/lib/python3.10/site-packages'
[1.759s] Level 1:colcon.colcon_core.environment:checking '/home/guichen/Documents/drone-radar-fusion/install/livox_ros2_avia/bin'
[1.759s] INFO:colcon.colcon_core.shell:Creating package script '/home/guichen/Documents/drone-radar-fusion/install/livox_ros2_avia/share/livox_ros2_avia/package.ps1'
[1.760s] INFO:colcon.colcon_core.shell:Creating package descriptor '/home/guichen/Documents/drone-radar-fusion/install/livox_ros2_avia/share/livox_ros2_avia/package.dsv'
[1.760s] INFO:colcon.colcon_core.shell:Creating package script '/home/guichen/Documents/drone-radar-fusion/install/livox_ros2_avia/share/livox_ros2_avia/package.sh'
[1.760s] INFO:colcon.colcon_core.shell:Creating package script '/home/guichen/Documents/drone-radar-fusion/install/livox_ros2_avia/share/livox_ros2_avia/package.bash'
[1.761s] INFO:colcon.colcon_core.shell:Creating package script '/home/guichen/Documents/drone-radar-fusion/install/livox_ros2_avia/share/livox_ros2_avia/package.zsh'
[1.761s] Level 1:colcon.colcon_core.environment:create_file_with_runtime_dependencies(/home/guichen/Documents/drone-radar-fusion/install/livox_ros2_avia/share/colcon-core/packages/livox_ros2_avia)
[1.761s] DEBUG:colcon.colcon_parallel_executor.executor.parallel:closing loop
[1.761s] DEBUG:colcon.colcon_parallel_executor.executor.parallel:loop closed
[1.761s] DEBUG:colcon.colcon_parallel_executor.executor.parallel:run_until_complete finished with '0'
[1.761s] DEBUG:colcon.colcon_core.event_reactor:joining thread
[1.765s] INFO:colcon.colcon_core.plugin_system:Skipping extension 'colcon_notification.desktop_notification.terminal_notifier': Not used on non-Darwin systems
[1.765s] INFO:colcon.colcon_core.plugin_system:Skipping extension 'colcon_notification.desktop_notification.win32': Not used on non-Windows systems
[1.765s] INFO:colcon.colcon_notification.desktop_notification:Sending desktop notification using 'notify2'
[1.771s] DEBUG:colcon.colcon_core.event_reactor:joined thread
[1.772s] INFO:colcon.colcon_core.shell:Creating prefix script '/home/guichen/Documents/drone-radar-fusion/install/local_setup.ps1'
[1.772s] INFO:colcon.colcon_core.shell:Creating prefix util module '/home/guichen/Documents/drone-radar-fusion/install/_local_setup_util_ps1.py'
[1.773s] INFO:colcon.colcon_core.shell:Creating prefix chain script '/home/guichen/Documents/drone-radar-fusion/install/setup.ps1'
[1.774s] INFO:colcon.colcon_core.shell:Creating prefix script '/home/guichen/Documents/drone-radar-fusion/install/local_setup.sh'
[1.774s] INFO:colcon.colcon_core.shell:Creating prefix util module '/home/guichen/Documents/drone-radar-fusion/install/_local_setup_util_sh.py'
[1.774s] INFO:colcon.colcon_core.shell:Creating prefix chain script '/home/guichen/Documents/drone-radar-fusion/install/setup.sh'
[1.775s] INFO:colcon.colcon_core.shell:Creating prefix script '/home/guichen/Documents/drone-radar-fusion/install/local_setup.bash'
[1.775s] INFO:colcon.colcon_core.shell:Creating prefix chain script '/home/guichen/Documents/drone-radar-fusion/install/setup.bash'
[1.776s] INFO:colcon.colcon_core.shell:Creating prefix script '/home/guichen/Documents/drone-radar-fusion/install/local_setup.zsh'
[1.777s] INFO:colcon.colcon_core.shell:Creating prefix chain script '/home/guichen/Documents/drone-radar-fusion/install/setup.zsh'
