[0.079s] DEBUG:colcon:Command line arguments: ['/usr/bin/colcon', 'build', '--symlink-install', '--parallel-workers', '3']
[0.079s] DEBUG:colcon:Parsed command line arguments: Namespace(log_base=None, log_level=None, verb_name='build', build_base='build', install_base='install', merge_install=False, symlink_install=True, test_result_base=None, continue_on_error=False, executor='parallel', parallel_workers=3, event_handlers=None, ignore_user_meta=False, metas=['./colcon.meta'], base_paths=['.'], packages_ignore=None, packages_ignore_regex=None, paths=None, packages_up_to=None, packages_up_to_regex=None, packages_above=None, packages_above_and_dependencies=None, packages_above_depth=None, packages_select_by_dep=None, packages_skip_by_dep=None, packages_skip_up_to=None, packages_select_build_failed=False, packages_skip_build_finished=False, packages_select_test_failures=False, packages_skip_test_passed=False, packages_select=None, packages_skip=None, packages_select_regex=None, packages_skip_regex=None, packages_start=None, packages_end=None, allow_overriding=[], cmake_args=None, cmake_target=None, cmake_target_skip_unavailable=False, cmake_clean_cache=False, cmake_clean_first=False, cmake_force_configure=False, ament_cmake_args=None, catkin_cmake_args=None, catkin_skip_building_tests=False, verb_parser=<colcon_defaults.argument_parser.defaults.DefaultArgumentsDecorator object at 0x733f49b188b0>, verb_extension=<colcon_core.verb.build.BuildVerb object at 0x733f49b183d0>, main=<bound method BuildVerb.main of <colcon_core.verb.build.BuildVerb object at 0x733f49b183d0>>)
[0.213s] Level 1:colcon.colcon_core.package_discovery:discover_packages(colcon_meta) check parameters
[0.213s] Level 1:colcon.colcon_core.package_discovery:discover_packages(recursive) check parameters
[0.213s] Level 1:colcon.colcon_core.package_discovery:discover_packages(ignore) check parameters
[0.213s] Level 1:colcon.colcon_core.package_discovery:discover_packages(path) check parameters
[0.213s] Level 1:colcon.colcon_core.package_discovery:discover_packages(colcon_meta) discover
[0.213s] Level 1:colcon.colcon_core.package_discovery:discover_packages(recursive) discover
[0.213s] INFO:colcon.colcon_core.package_discovery:Crawling recursively for packages in '/home/guichen/Documents/drone-radar-fusion'
[0.213s] Level 1:colcon.colcon_core.package_identification:_identify(.) by extensions ['ignore', 'ignore_ament_install']
[0.213s] Level 1:colcon.colcon_core.package_identification:_identify(.) by extension 'ignore'
[0.213s] Level 1:colcon.colcon_core.package_identification:_identify(.) by extension 'ignore_ament_install'
[0.213s] Level 1:colcon.colcon_core.package_identification:_identify(.) by extensions ['colcon_pkg']
[0.214s] Level 1:colcon.colcon_core.package_identification:_identify(.) by extension 'colcon_pkg'
[0.214s] Level 1:colcon.colcon_core.package_identification:_identify(.) by extensions ['colcon_meta']
[0.214s] Level 1:colcon.colcon_core.package_identification:_identify(.) by extension 'colcon_meta'
[0.214s] Level 1:colcon.colcon_core.package_identification:_identify(.) by extensions ['ros']
[0.214s] Level 1:colcon.colcon_core.package_identification:_identify(.) by extension 'ros'
[0.221s] Level 1:colcon.colcon_core.package_identification:_identify(.) by extensions ['cmake', 'python']
[0.221s] Level 1:colcon.colcon_core.package_identification:_identify(.) by extension 'cmake'
[0.221s] Level 1:colcon.colcon_core.package_identification:_identify(.) by extension 'python'
[0.221s] Level 1:colcon.colcon_core.package_identification:_identify(.) by extensions ['python_setup_py']
[0.221s] Level 1:colcon.colcon_core.package_identification:_identify(.) by extension 'python_setup_py'
[0.221s] Level 1:colcon.colcon_core.package_identification:_identify(build) by extensions ['ignore', 'ignore_ament_install']
[0.221s] Level 1:colcon.colcon_core.package_identification:_identify(build) by extension 'ignore'
[0.221s] Level 1:colcon.colcon_core.package_identification:_identify(build) ignored
[0.221s] Level 1:colcon.colcon_core.package_identification:_identify(config) by extensions ['ignore', 'ignore_ament_install']
[0.221s] Level 1:colcon.colcon_core.package_identification:_identify(config) by extension 'ignore'
[0.221s] Level 1:colcon.colcon_core.package_identification:_identify(config) by extension 'ignore_ament_install'
[0.221s] Level 1:colcon.colcon_core.package_identification:_identify(config) by extensions ['colcon_pkg']
[0.221s] Level 1:colcon.colcon_core.package_identification:_identify(config) by extension 'colcon_pkg'
[0.222s] Level 1:colcon.colcon_core.package_identification:_identify(config) by extensions ['colcon_meta']
[0.222s] Level 1:colcon.colcon_core.package_identification:_identify(config) by extension 'colcon_meta'
[0.222s] Level 1:colcon.colcon_core.package_identification:_identify(config) by extensions ['ros']
[0.222s] Level 1:colcon.colcon_core.package_identification:_identify(config) by extension 'ros'
[0.222s] Level 1:colcon.colcon_core.package_identification:_identify(config) by extensions ['cmake', 'python']
[0.222s] Level 1:colcon.colcon_core.package_identification:_identify(config) by extension 'cmake'
[0.222s] Level 1:colcon.colcon_core.package_identification:_identify(config) by extension 'python'
[0.222s] Level 1:colcon.colcon_core.package_identification:_identify(config) by extensions ['python_setup_py']
[0.222s] Level 1:colcon.colcon_core.package_identification:_identify(config) by extension 'python_setup_py'
[0.222s] Level 1:colcon.colcon_core.package_identification:_identify(config/calib_tool) by extensions ['ignore', 'ignore_ament_install']
[0.222s] Level 1:colcon.colcon_core.package_identification:_identify(config/calib_tool) by extension 'ignore'
[0.222s] Level 1:colcon.colcon_core.package_identification:_identify(config/calib_tool) by extension 'ignore_ament_install'
[0.222s] Level 1:colcon.colcon_core.package_identification:_identify(config/calib_tool) by extensions ['colcon_pkg']
[0.222s] Level 1:colcon.colcon_core.package_identification:_identify(config/calib_tool) by extension 'colcon_pkg'
[0.222s] Level 1:colcon.colcon_core.package_identification:_identify(config/calib_tool) by extensions ['colcon_meta']
[0.222s] Level 1:colcon.colcon_core.package_identification:_identify(config/calib_tool) by extension 'colcon_meta'
[0.222s] Level 1:colcon.colcon_core.package_identification:_identify(config/calib_tool) by extensions ['ros']
[0.222s] Level 1:colcon.colcon_core.package_identification:_identify(config/calib_tool) by extension 'ros'
[0.222s] Level 1:colcon.colcon_core.package_identification:_identify(config/calib_tool) by extensions ['cmake', 'python']
[0.222s] Level 1:colcon.colcon_core.package_identification:_identify(config/calib_tool) by extension 'cmake'
[0.222s] Level 1:colcon.colcon_core.package_identification:_identify(config/calib_tool) by extension 'python'
[0.222s] Level 1:colcon.colcon_core.package_identification:_identify(config/calib_tool) by extensions ['python_setup_py']
[0.222s] Level 1:colcon.colcon_core.package_identification:_identify(config/calib_tool) by extension 'python_setup_py'
[0.222s] Level 1:colcon.colcon_core.package_identification:_identify(install) by extensions ['ignore', 'ignore_ament_install']
[0.222s] Level 1:colcon.colcon_core.package_identification:_identify(install) by extension 'ignore'
[0.222s] Level 1:colcon.colcon_core.package_identification:_identify(install) ignored
[0.222s] Level 1:colcon.colcon_core.package_identification:_identify(launch) by extensions ['ignore', 'ignore_ament_install']
[0.222s] Level 1:colcon.colcon_core.package_identification:_identify(launch) by extension 'ignore'
[0.222s] Level 1:colcon.colcon_core.package_identification:_identify(launch) by extension 'ignore_ament_install'
[0.222s] Level 1:colcon.colcon_core.package_identification:_identify(launch) by extensions ['colcon_pkg']
[0.222s] Level 1:colcon.colcon_core.package_identification:_identify(launch) by extension 'colcon_pkg'
[0.223s] Level 1:colcon.colcon_core.package_identification:_identify(launch) by extensions ['colcon_meta']
[0.223s] Level 1:colcon.colcon_core.package_identification:_identify(launch) by extension 'colcon_meta'
[0.223s] Level 1:colcon.colcon_core.package_identification:_identify(launch) by extensions ['ros']
[0.223s] Level 1:colcon.colcon_core.package_identification:_identify(launch) by extension 'ros'
[0.223s] Level 1:colcon.colcon_core.package_identification:_identify(launch) by extensions ['cmake', 'python']
[0.223s] Level 1:colcon.colcon_core.package_identification:_identify(launch) by extension 'cmake'
[0.223s] Level 1:colcon.colcon_core.package_identification:_identify(launch) by extension 'python'
[0.223s] Level 1:colcon.colcon_core.package_identification:_identify(launch) by extensions ['python_setup_py']
[0.223s] Level 1:colcon.colcon_core.package_identification:_identify(launch) by extension 'python_setup_py'
[0.223s] Level 1:colcon.colcon_core.package_identification:_identify(launch/__pycache__) by extensions ['ignore', 'ignore_ament_install']
[0.223s] Level 1:colcon.colcon_core.package_identification:_identify(launch/__pycache__) by extension 'ignore'
[0.223s] Level 1:colcon.colcon_core.package_identification:_identify(launch/__pycache__) by extension 'ignore_ament_install'
[0.223s] Level 1:colcon.colcon_core.package_identification:_identify(launch/__pycache__) by extensions ['colcon_pkg']
[0.223s] Level 1:colcon.colcon_core.package_identification:_identify(launch/__pycache__) by extension 'colcon_pkg'
[0.223s] Level 1:colcon.colcon_core.package_identification:_identify(launch/__pycache__) by extensions ['colcon_meta']
[0.223s] Level 1:colcon.colcon_core.package_identification:_identify(launch/__pycache__) by extension 'colcon_meta'
[0.223s] Level 1:colcon.colcon_core.package_identification:_identify(launch/__pycache__) by extensions ['ros']
[0.223s] Level 1:colcon.colcon_core.package_identification:_identify(launch/__pycache__) by extension 'ros'
[0.223s] Level 1:colcon.colcon_core.package_identification:_identify(launch/__pycache__) by extensions ['cmake', 'python']
[0.223s] Level 1:colcon.colcon_core.package_identification:_identify(launch/__pycache__) by extension 'cmake'
[0.223s] Level 1:colcon.colcon_core.package_identification:_identify(launch/__pycache__) by extension 'python'
[0.223s] Level 1:colcon.colcon_core.package_identification:_identify(launch/__pycache__) by extensions ['python_setup_py']
[0.223s] Level 1:colcon.colcon_core.package_identification:_identify(launch/__pycache__) by extension 'python_setup_py'
[0.223s] Level 1:colcon.colcon_core.package_identification:_identify(log) by extensions ['ignore', 'ignore_ament_install']
[0.223s] Level 1:colcon.colcon_core.package_identification:_identify(log) by extension 'ignore'
[0.223s] Level 1:colcon.colcon_core.package_identification:_identify(log) ignored
[0.223s] Level 1:colcon.colcon_core.package_identification:_identify(model) by extensions ['ignore', 'ignore_ament_install']
[0.223s] Level 1:colcon.colcon_core.package_identification:_identify(model) by extension 'ignore'
[0.223s] Level 1:colcon.colcon_core.package_identification:_identify(model) by extension 'ignore_ament_install'
[0.223s] Level 1:colcon.colcon_core.package_identification:_identify(model) by extensions ['colcon_pkg']
[0.223s] Level 1:colcon.colcon_core.package_identification:_identify(model) by extension 'colcon_pkg'
[0.224s] Level 1:colcon.colcon_core.package_identification:_identify(model) by extensions ['colcon_meta']
[0.224s] Level 1:colcon.colcon_core.package_identification:_identify(model) by extension 'colcon_meta'
[0.224s] Level 1:colcon.colcon_core.package_identification:_identify(model) by extensions ['ros']
[0.224s] Level 1:colcon.colcon_core.package_identification:_identify(model) by extension 'ros'
[0.224s] Level 1:colcon.colcon_core.package_identification:_identify(model) by extensions ['cmake', 'python']
[0.224s] Level 1:colcon.colcon_core.package_identification:_identify(model) by extension 'cmake'
[0.224s] Level 1:colcon.colcon_core.package_identification:_identify(model) by extension 'python'
[0.224s] Level 1:colcon.colcon_core.package_identification:_identify(model) by extensions ['python_setup_py']
[0.224s] Level 1:colcon.colcon_core.package_identification:_identify(model) by extension 'python_setup_py'
[0.224s] Level 1:colcon.colcon_core.package_identification:_identify(model/ONNX) by extensions ['ignore', 'ignore_ament_install']
[0.224s] Level 1:colcon.colcon_core.package_identification:_identify(model/ONNX) by extension 'ignore'
[0.224s] Level 1:colcon.colcon_core.package_identification:_identify(model/ONNX) by extension 'ignore_ament_install'
[0.224s] Level 1:colcon.colcon_core.package_identification:_identify(model/ONNX) by extensions ['colcon_pkg']
[0.224s] Level 1:colcon.colcon_core.package_identification:_identify(model/ONNX) by extension 'colcon_pkg'
[0.224s] Level 1:colcon.colcon_core.package_identification:_identify(model/ONNX) by extensions ['colcon_meta']
[0.224s] Level 1:colcon.colcon_core.package_identification:_identify(model/ONNX) by extension 'colcon_meta'
[0.224s] Level 1:colcon.colcon_core.package_identification:_identify(model/ONNX) by extensions ['ros']
[0.224s] Level 1:colcon.colcon_core.package_identification:_identify(model/ONNX) by extension 'ros'
[0.224s] Level 1:colcon.colcon_core.package_identification:_identify(model/ONNX) by extensions ['cmake', 'python']
[0.224s] Level 1:colcon.colcon_core.package_identification:_identify(model/ONNX) by extension 'cmake'
[0.224s] Level 1:colcon.colcon_core.package_identification:_identify(model/ONNX) by extension 'python'
[0.224s] Level 1:colcon.colcon_core.package_identification:_identify(model/ONNX) by extensions ['python_setup_py']
[0.224s] Level 1:colcon.colcon_core.package_identification:_identify(model/ONNX) by extension 'python_setup_py'
[0.224s] Level 1:colcon.colcon_core.package_identification:_identify(scripts) by extensions ['ignore', 'ignore_ament_install']
[0.224s] Level 1:colcon.colcon_core.package_identification:_identify(scripts) by extension 'ignore'
[0.224s] Level 1:colcon.colcon_core.package_identification:_identify(scripts) by extension 'ignore_ament_install'
[0.224s] Level 1:colcon.colcon_core.package_identification:_identify(scripts) by extensions ['colcon_pkg']
[0.224s] Level 1:colcon.colcon_core.package_identification:_identify(scripts) by extension 'colcon_pkg'
[0.224s] Level 1:colcon.colcon_core.package_identification:_identify(scripts) by extensions ['colcon_meta']
[0.225s] Level 1:colcon.colcon_core.package_identification:_identify(scripts) by extension 'colcon_meta'
[0.225s] Level 1:colcon.colcon_core.package_identification:_identify(scripts) by extensions ['ros']
[0.225s] Level 1:colcon.colcon_core.package_identification:_identify(scripts) by extension 'ros'
[0.225s] Level 1:colcon.colcon_core.package_identification:_identify(scripts) by extensions ['cmake', 'python']
[0.225s] Level 1:colcon.colcon_core.package_identification:_identify(scripts) by extension 'cmake'
[0.225s] Level 1:colcon.colcon_core.package_identification:_identify(scripts) by extension 'python'
[0.225s] Level 1:colcon.colcon_core.package_identification:_identify(scripts) by extensions ['python_setup_py']
[0.225s] Level 1:colcon.colcon_core.package_identification:_identify(scripts) by extension 'python_setup_py'
[0.225s] Level 1:colcon.colcon_core.package_identification:_identify(src) by extensions ['ignore', 'ignore_ament_install']
[0.225s] Level 1:colcon.colcon_core.package_identification:_identify(src) by extension 'ignore'
[0.225s] Level 1:colcon.colcon_core.package_identification:_identify(src) by extension 'ignore_ament_install'
[0.225s] Level 1:colcon.colcon_core.package_identification:_identify(src) by extensions ['colcon_pkg']
[0.225s] Level 1:colcon.colcon_core.package_identification:_identify(src) by extension 'colcon_pkg'
[0.225s] Level 1:colcon.colcon_core.package_identification:_identify(src) by extensions ['colcon_meta']
[0.225s] Level 1:colcon.colcon_core.package_identification:_identify(src) by extension 'colcon_meta'
[0.225s] Level 1:colcon.colcon_core.package_identification:_identify(src) by extensions ['ros']
[0.225s] Level 1:colcon.colcon_core.package_identification:_identify(src) by extension 'ros'
[0.225s] Level 1:colcon.colcon_core.package_identification:_identify(src) by extensions ['cmake', 'python']
[0.225s] Level 1:colcon.colcon_core.package_identification:_identify(src) by extension 'cmake'
[0.225s] Level 1:colcon.colcon_core.package_identification:_identify(src) by extension 'python'
[0.225s] Level 1:colcon.colcon_core.package_identification:_identify(src) by extensions ['python_setup_py']
[0.225s] Level 1:colcon.colcon_core.package_identification:_identify(src) by extension 'python_setup_py'
[0.225s] Level 1:colcon.colcon_core.package_identification:_identify(src/camera_vision) by extensions ['ignore', 'ignore_ament_install']
[0.226s] Level 1:colcon.colcon_core.package_identification:_identify(src/camera_vision) by extension 'ignore'
[0.226s] Level 1:colcon.colcon_core.package_identification:_identify(src/camera_vision) by extension 'ignore_ament_install'
[0.226s] Level 1:colcon.colcon_core.package_identification:_identify(src/camera_vision) by extensions ['colcon_pkg']
[0.226s] Level 1:colcon.colcon_core.package_identification:_identify(src/camera_vision) by extension 'colcon_pkg'
[0.226s] Level 1:colcon.colcon_core.package_identification:_identify(src/camera_vision) by extensions ['colcon_meta']
[0.226s] Level 1:colcon.colcon_core.package_identification:_identify(src/camera_vision) by extension 'colcon_meta'
[0.226s] Level 1:colcon.colcon_core.package_identification:_identify(src/camera_vision) by extensions ['ros']
[0.226s] Level 1:colcon.colcon_core.package_identification:_identify(src/camera_vision) by extension 'ros'
[0.229s] DEBUG:colcon.colcon_core.package_identification:Package 'src/camera_vision' with type 'ros.ament_cmake' and name 'camera_vision'
[0.229s] Level 1:colcon.colcon_core.package_identification:_identify(src/camera_yolo) by extensions ['ignore', 'ignore_ament_install']
[0.229s] Level 1:colcon.colcon_core.package_identification:_identify(src/camera_yolo) by extension 'ignore'
[0.229s] Level 1:colcon.colcon_core.package_identification:_identify(src/camera_yolo) by extension 'ignore_ament_install'
[0.229s] Level 1:colcon.colcon_core.package_identification:_identify(src/camera_yolo) by extensions ['colcon_pkg']
[0.229s] Level 1:colcon.colcon_core.package_identification:_identify(src/camera_yolo) by extension 'colcon_pkg'
[0.229s] Level 1:colcon.colcon_core.package_identification:_identify(src/camera_yolo) by extensions ['colcon_meta']
[0.229s] Level 1:colcon.colcon_core.package_identification:_identify(src/camera_yolo) by extension 'colcon_meta'
[0.229s] Level 1:colcon.colcon_core.package_identification:_identify(src/camera_yolo) by extensions ['ros']
[0.229s] Level 1:colcon.colcon_core.package_identification:_identify(src/camera_yolo) by extension 'ros'
[0.230s] DEBUG:colcon.colcon_core.package_identification:Package 'src/camera_yolo' with type 'ros.ament_python' and name 'camera_yolo'
[0.230s] Level 1:colcon.colcon_core.package_identification:_identify(src/fusion) by extensions ['ignore', 'ignore_ament_install']
[0.230s] Level 1:colcon.colcon_core.package_identification:_identify(src/fusion) by extension 'ignore'
[0.230s] Level 1:colcon.colcon_core.package_identification:_identify(src/fusion) by extension 'ignore_ament_install'
[0.230s] Level 1:colcon.colcon_core.package_identification:_identify(src/fusion) by extensions ['colcon_pkg']
[0.230s] Level 1:colcon.colcon_core.package_identification:_identify(src/fusion) by extension 'colcon_pkg'
[0.230s] Level 1:colcon.colcon_core.package_identification:_identify(src/fusion) by extensions ['colcon_meta']
[0.230s] Level 1:colcon.colcon_core.package_identification:_identify(src/fusion) by extension 'colcon_meta'
[0.231s] Level 1:colcon.colcon_core.package_identification:_identify(src/fusion) by extensions ['ros']
[0.231s] Level 1:colcon.colcon_core.package_identification:_identify(src/fusion) by extension 'ros'
[0.231s] DEBUG:colcon.colcon_core.package_identification:Package 'src/fusion' with type 'ros.ament_cmake' and name 'fusion'
[0.231s] Level 1:colcon.colcon_core.package_identification:_identify(src/hik_camera) by extensions ['ignore', 'ignore_ament_install']
[0.232s] Level 1:colcon.colcon_core.package_identification:_identify(src/hik_camera) by extension 'ignore'
[0.232s] Level 1:colcon.colcon_core.package_identification:_identify(src/hik_camera) by extension 'ignore_ament_install'
[0.232s] Level 1:colcon.colcon_core.package_identification:_identify(src/hik_camera) by extensions ['colcon_pkg']
[0.232s] Level 1:colcon.colcon_core.package_identification:_identify(src/hik_camera) by extension 'colcon_pkg'
[0.232s] Level 1:colcon.colcon_core.package_identification:_identify(src/hik_camera) by extensions ['colcon_meta']
[0.232s] Level 1:colcon.colcon_core.package_identification:_identify(src/hik_camera) by extension 'colcon_meta'
[0.232s] Level 1:colcon.colcon_core.package_identification:_identify(src/hik_camera) by extensions ['ros']
[0.232s] Level 1:colcon.colcon_core.package_identification:_identify(src/hik_camera) by extension 'ros'
[0.233s] DEBUG:colcon.colcon_core.package_identification:Package 'src/hik_camera' with type 'ros.ament_cmake' and name 'hik_camera_ros2_driver'
[0.233s] Level 1:colcon.colcon_core.package_identification:_identify(src/interface) by extensions ['ignore', 'ignore_ament_install']
[0.233s] Level 1:colcon.colcon_core.package_identification:_identify(src/interface) by extension 'ignore'
[0.233s] Level 1:colcon.colcon_core.package_identification:_identify(src/interface) by extension 'ignore_ament_install'
[0.233s] Level 1:colcon.colcon_core.package_identification:_identify(src/interface) by extensions ['colcon_pkg']
[0.233s] Level 1:colcon.colcon_core.package_identification:_identify(src/interface) by extension 'colcon_pkg'
[0.233s] Level 1:colcon.colcon_core.package_identification:_identify(src/interface) by extensions ['colcon_meta']
[0.233s] Level 1:colcon.colcon_core.package_identification:_identify(src/interface) by extension 'colcon_meta'
[0.233s] Level 1:colcon.colcon_core.package_identification:_identify(src/interface) by extensions ['ros']
[0.233s] Level 1:colcon.colcon_core.package_identification:_identify(src/interface) by extension 'ros'
[0.234s] DEBUG:colcon.colcon_core.package_identification:Package 'src/interface' with type 'ros.ament_cmake' and name 'interface'
[0.234s] Level 1:colcon.colcon_core.package_identification:_identify(src/livox_driver) by extensions ['ignore', 'ignore_ament_install']
[0.234s] Level 1:colcon.colcon_core.package_identification:_identify(src/livox_driver) by extension 'ignore'
[0.234s] Level 1:colcon.colcon_core.package_identification:_identify(src/livox_driver) by extension 'ignore_ament_install'
[0.234s] Level 1:colcon.colcon_core.package_identification:_identify(src/livox_driver) by extensions ['colcon_pkg']
[0.234s] Level 1:colcon.colcon_core.package_identification:_identify(src/livox_driver) by extension 'colcon_pkg'
[0.234s] Level 1:colcon.colcon_core.package_identification:_identify(src/livox_driver) by extensions ['colcon_meta']
[0.234s] Level 1:colcon.colcon_core.package_identification:_identify(src/livox_driver) by extension 'colcon_meta'
[0.234s] Level 1:colcon.colcon_core.package_identification:_identify(src/livox_driver) by extensions ['ros']
[0.234s] Level 1:colcon.colcon_core.package_identification:_identify(src/livox_driver) by extension 'ros'
[0.234s] Level 1:colcon.colcon_core.package_identification:_identify(src/livox_driver) by extensions ['cmake', 'python']
[0.234s] Level 1:colcon.colcon_core.package_identification:_identify(src/livox_driver) by extension 'cmake'
[0.234s] Level 1:colcon.colcon_core.package_identification:_identify(src/livox_driver) by extension 'python'
[0.234s] Level 1:colcon.colcon_core.package_identification:_identify(src/livox_driver) by extensions ['python_setup_py']
[0.234s] Level 1:colcon.colcon_core.package_identification:_identify(src/livox_driver) by extension 'python_setup_py'
[0.234s] Level 1:colcon.colcon_core.package_identification:_identify(src/livox_driver/images) by extensions ['ignore', 'ignore_ament_install']
[0.234s] Level 1:colcon.colcon_core.package_identification:_identify(src/livox_driver/images) by extension 'ignore'
[0.234s] Level 1:colcon.colcon_core.package_identification:_identify(src/livox_driver/images) by extension 'ignore_ament_install'
[0.235s] Level 1:colcon.colcon_core.package_identification:_identify(src/livox_driver/images) by extensions ['colcon_pkg']
[0.235s] Level 1:colcon.colcon_core.package_identification:_identify(src/livox_driver/images) by extension 'colcon_pkg'
[0.235s] Level 1:colcon.colcon_core.package_identification:_identify(src/livox_driver/images) by extensions ['colcon_meta']
[0.235s] Level 1:colcon.colcon_core.package_identification:_identify(src/livox_driver/images) by extension 'colcon_meta'
[0.235s] Level 1:colcon.colcon_core.package_identification:_identify(src/livox_driver/images) by extensions ['ros']
[0.235s] Level 1:colcon.colcon_core.package_identification:_identify(src/livox_driver/images) by extension 'ros'
[0.235s] Level 1:colcon.colcon_core.package_identification:_identify(src/livox_driver/images) by extensions ['cmake', 'python']
[0.235s] Level 1:colcon.colcon_core.package_identification:_identify(src/livox_driver/images) by extension 'cmake'
[0.235s] Level 1:colcon.colcon_core.package_identification:_identify(src/livox_driver/images) by extension 'python'
[0.235s] Level 1:colcon.colcon_core.package_identification:_identify(src/livox_driver/images) by extensions ['python_setup_py']
[0.235s] Level 1:colcon.colcon_core.package_identification:_identify(src/livox_driver/images) by extension 'python_setup_py'
[0.235s] Level 1:colcon.colcon_core.package_identification:_identify(src/livox_driver/livox_interfaces) by extensions ['ignore', 'ignore_ament_install']
[0.235s] Level 1:colcon.colcon_core.package_identification:_identify(src/livox_driver/livox_interfaces) by extension 'ignore'
[0.235s] Level 1:colcon.colcon_core.package_identification:_identify(src/livox_driver/livox_interfaces) by extension 'ignore_ament_install'
[0.235s] Level 1:colcon.colcon_core.package_identification:_identify(src/livox_driver/livox_interfaces) by extensions ['colcon_pkg']
[0.235s] Level 1:colcon.colcon_core.package_identification:_identify(src/livox_driver/livox_interfaces) by extension 'colcon_pkg'
[0.235s] Level 1:colcon.colcon_core.package_identification:_identify(src/livox_driver/livox_interfaces) by extensions ['colcon_meta']
[0.235s] Level 1:colcon.colcon_core.package_identification:_identify(src/livox_driver/livox_interfaces) by extension 'colcon_meta'
[0.235s] Level 1:colcon.colcon_core.package_identification:_identify(src/livox_driver/livox_interfaces) by extensions ['ros']
[0.235s] Level 1:colcon.colcon_core.package_identification:_identify(src/livox_driver/livox_interfaces) by extension 'ros'
[0.236s] DEBUG:colcon.colcon_core.package_identification:Package 'src/livox_driver/livox_interfaces' with type 'ros.ament_cmake' and name 'livox_interfaces'
[0.236s] Level 1:colcon.colcon_core.package_identification:_identify(src/livox_driver/livox_ros2_avia) by extensions ['ignore', 'ignore_ament_install']
[0.236s] Level 1:colcon.colcon_core.package_identification:_identify(src/livox_driver/livox_ros2_avia) by extension 'ignore'
[0.236s] Level 1:colcon.colcon_core.package_identification:_identify(src/livox_driver/livox_ros2_avia) by extension 'ignore_ament_install'
[0.236s] Level 1:colcon.colcon_core.package_identification:_identify(src/livox_driver/livox_ros2_avia) by extensions ['colcon_pkg']
[0.236s] Level 1:colcon.colcon_core.package_identification:_identify(src/livox_driver/livox_ros2_avia) by extension 'colcon_pkg'
[0.236s] Level 1:colcon.colcon_core.package_identification:_identify(src/livox_driver/livox_ros2_avia) by extensions ['colcon_meta']
[0.236s] Level 1:colcon.colcon_core.package_identification:_identify(src/livox_driver/livox_ros2_avia) by extension 'colcon_meta'
[0.236s] Level 1:colcon.colcon_core.package_identification:_identify(src/livox_driver/livox_ros2_avia) by extensions ['ros']
[0.236s] Level 1:colcon.colcon_core.package_identification:_identify(src/livox_driver/livox_ros2_avia) by extension 'ros'
[0.238s] DEBUG:colcon.colcon_core.package_identification:Package 'src/livox_driver/livox_ros2_avia' with type 'ros.ament_cmake' and name 'livox_ros2_avia'
[0.238s] Level 1:colcon.colcon_core.package_identification:_identify(src/livox_driver/livox_sdk_vendor) by extensions ['ignore', 'ignore_ament_install']
[0.238s] Level 1:colcon.colcon_core.package_identification:_identify(src/livox_driver/livox_sdk_vendor) by extension 'ignore'
[0.238s] Level 1:colcon.colcon_core.package_identification:_identify(src/livox_driver/livox_sdk_vendor) by extension 'ignore_ament_install'
[0.238s] Level 1:colcon.colcon_core.package_identification:_identify(src/livox_driver/livox_sdk_vendor) by extensions ['colcon_pkg']
[0.238s] Level 1:colcon.colcon_core.package_identification:_identify(src/livox_driver/livox_sdk_vendor) by extension 'colcon_pkg'
[0.238s] Level 1:colcon.colcon_core.package_identification:_identify(src/livox_driver/livox_sdk_vendor) by extensions ['colcon_meta']
[0.238s] Level 1:colcon.colcon_core.package_identification:_identify(src/livox_driver/livox_sdk_vendor) by extension 'colcon_meta'
[0.238s] Level 1:colcon.colcon_core.package_identification:_identify(src/livox_driver/livox_sdk_vendor) by extensions ['ros']
[0.238s] Level 1:colcon.colcon_core.package_identification:_identify(src/livox_driver/livox_sdk_vendor) by extension 'ros'
[0.239s] DEBUG:colcon.colcon_core.package_identification:Package 'src/livox_driver/livox_sdk_vendor' with type 'ros.ament_cmake' and name 'livox_sdk_vendor'
[0.239s] Level 1:colcon.colcon_core.package_identification:_identify(src/radar) by extensions ['ignore', 'ignore_ament_install']
[0.239s] Level 1:colcon.colcon_core.package_identification:_identify(src/radar) by extension 'ignore'
[0.239s] Level 1:colcon.colcon_core.package_identification:_identify(src/radar) by extension 'ignore_ament_install'
[0.239s] Level 1:colcon.colcon_core.package_identification:_identify(src/radar) by extensions ['colcon_pkg']
[0.239s] Level 1:colcon.colcon_core.package_identification:_identify(src/radar) by extension 'colcon_pkg'
[0.239s] Level 1:colcon.colcon_core.package_identification:_identify(src/radar) by extensions ['colcon_meta']
[0.239s] Level 1:colcon.colcon_core.package_identification:_identify(src/radar) by extension 'colcon_meta'
[0.239s] Level 1:colcon.colcon_core.package_identification:_identify(src/radar) by extensions ['ros']
[0.239s] Level 1:colcon.colcon_core.package_identification:_identify(src/radar) by extension 'ros'
[0.240s] DEBUG:colcon.colcon_core.package_identification:Package 'src/radar' with type 'ros.ament_cmake' and name 'radar'
[0.240s] Level 1:colcon.colcon_core.package_identification:_identify(src/utils) by extensions ['ignore', 'ignore_ament_install']
[0.240s] Level 1:colcon.colcon_core.package_identification:_identify(src/utils) by extension 'ignore'
[0.240s] Level 1:colcon.colcon_core.package_identification:_identify(src/utils) by extension 'ignore_ament_install'
[0.240s] Level 1:colcon.colcon_core.package_identification:_identify(src/utils) by extensions ['colcon_pkg']
[0.240s] Level 1:colcon.colcon_core.package_identification:_identify(src/utils) by extension 'colcon_pkg'
[0.240s] Level 1:colcon.colcon_core.package_identification:_identify(src/utils) by extensions ['colcon_meta']
[0.240s] Level 1:colcon.colcon_core.package_identification:_identify(src/utils) by extension 'colcon_meta'
[0.240s] Level 1:colcon.colcon_core.package_identification:_identify(src/utils) by extensions ['ros']
[0.240s] Level 1:colcon.colcon_core.package_identification:_identify(src/utils) by extension 'ros'
[0.240s] Level 1:colcon.colcon_core.package_identification:_identify(src/utils) by extensions ['cmake', 'python']
[0.240s] Level 1:colcon.colcon_core.package_identification:_identify(src/utils) by extension 'cmake'
[0.240s] Level 1:colcon.colcon_core.package_identification:_identify(src/utils) by extension 'python'
[0.240s] Level 1:colcon.colcon_core.package_identification:_identify(src/utils) by extensions ['python_setup_py']
[0.240s] Level 1:colcon.colcon_core.package_identification:_identify(src/utils) by extension 'python_setup_py'
[0.240s] Level 1:colcon.colcon_core.package_identification:_identify(src/utils/include) by extensions ['ignore', 'ignore_ament_install']
[0.241s] Level 1:colcon.colcon_core.package_identification:_identify(src/utils/include) by extension 'ignore'
[0.241s] Level 1:colcon.colcon_core.package_identification:_identify(src/utils/include) by extension 'ignore_ament_install'
[0.241s] Level 1:colcon.colcon_core.package_identification:_identify(src/utils/include) by extensions ['colcon_pkg']
[0.241s] Level 1:colcon.colcon_core.package_identification:_identify(src/utils/include) by extension 'colcon_pkg'
[0.241s] Level 1:colcon.colcon_core.package_identification:_identify(src/utils/include) by extensions ['colcon_meta']
[0.241s] Level 1:colcon.colcon_core.package_identification:_identify(src/utils/include) by extension 'colcon_meta'
[0.241s] Level 1:colcon.colcon_core.package_identification:_identify(src/utils/include) by extensions ['ros']
[0.241s] Level 1:colcon.colcon_core.package_identification:_identify(src/utils/include) by extension 'ros'
[0.241s] Level 1:colcon.colcon_core.package_identification:_identify(src/utils/include) by extensions ['cmake', 'python']
[0.241s] Level 1:colcon.colcon_core.package_identification:_identify(src/utils/include) by extension 'cmake'
[0.241s] Level 1:colcon.colcon_core.package_identification:_identify(src/utils/include) by extension 'python'
[0.241s] Level 1:colcon.colcon_core.package_identification:_identify(src/utils/include) by extensions ['python_setup_py']
[0.241s] Level 1:colcon.colcon_core.package_identification:_identify(src/utils/include) by extension 'python_setup_py'
[0.241s] Level 1:colcon.colcon_core.package_identification:_identify(src/utils/include/utils) by extensions ['ignore', 'ignore_ament_install']
[0.241s] Level 1:colcon.colcon_core.package_identification:_identify(src/utils/include/utils) by extension 'ignore'
[0.241s] Level 1:colcon.colcon_core.package_identification:_identify(src/utils/include/utils) by extension 'ignore_ament_install'
[0.241s] Level 1:colcon.colcon_core.package_identification:_identify(src/utils/include/utils) by extensions ['colcon_pkg']
[0.241s] Level 1:colcon.colcon_core.package_identification:_identify(src/utils/include/utils) by extension 'colcon_pkg'
[0.242s] Level 1:colcon.colcon_core.package_identification:_identify(src/utils/include/utils) by extensions ['colcon_meta']
[0.242s] Level 1:colcon.colcon_core.package_identification:_identify(src/utils/include/utils) by extension 'colcon_meta'
[0.242s] Level 1:colcon.colcon_core.package_identification:_identify(src/utils/include/utils) by extensions ['ros']
[0.242s] Level 1:colcon.colcon_core.package_identification:_identify(src/utils/include/utils) by extension 'ros'
[0.242s] Level 1:colcon.colcon_core.package_identification:_identify(src/utils/include/utils) by extensions ['cmake', 'python']
[0.242s] Level 1:colcon.colcon_core.package_identification:_identify(src/utils/include/utils) by extension 'cmake'
[0.242s] Level 1:colcon.colcon_core.package_identification:_identify(src/utils/include/utils) by extension 'python'
[0.242s] Level 1:colcon.colcon_core.package_identification:_identify(src/utils/include/utils) by extensions ['python_setup_py']
[0.242s] Level 1:colcon.colcon_core.package_identification:_identify(src/utils/include/utils) by extension 'python_setup_py'
[0.242s] Level 1:colcon.colcon_core.package_identification:_identify(src/web_dashboard) by extensions ['ignore', 'ignore_ament_install']
[0.242s] Level 1:colcon.colcon_core.package_identification:_identify(src/web_dashboard) by extension 'ignore'
[0.242s] Level 1:colcon.colcon_core.package_identification:_identify(src/web_dashboard) by extension 'ignore_ament_install'
[0.242s] Level 1:colcon.colcon_core.package_identification:_identify(src/web_dashboard) by extensions ['colcon_pkg']
[0.242s] Level 1:colcon.colcon_core.package_identification:_identify(src/web_dashboard) by extension 'colcon_pkg'
[0.242s] Level 1:colcon.colcon_core.package_identification:_identify(src/web_dashboard) by extensions ['colcon_meta']
[0.242s] Level 1:colcon.colcon_core.package_identification:_identify(src/web_dashboard) by extension 'colcon_meta'
[0.242s] Level 1:colcon.colcon_core.package_identification:_identify(src/web_dashboard) by extensions ['ros']
[0.242s] Level 1:colcon.colcon_core.package_identification:_identify(src/web_dashboard) by extension 'ros'
[0.243s] DEBUG:colcon.colcon_core.package_identification:Package 'src/web_dashboard' with type 'ros.ament_python' and name 'web_dashboard'
[0.243s] Level 1:colcon.colcon_core.package_identification:_identify(watchDog) by extensions ['ignore', 'ignore_ament_install']
[0.243s] Level 1:colcon.colcon_core.package_identification:_identify(watchDog) by extension 'ignore'
[0.243s] Level 1:colcon.colcon_core.package_identification:_identify(watchDog) by extension 'ignore_ament_install'
[0.243s] Level 1:colcon.colcon_core.package_identification:_identify(watchDog) by extensions ['colcon_pkg']
[0.243s] Level 1:colcon.colcon_core.package_identification:_identify(watchDog) by extension 'colcon_pkg'
[0.243s] Level 1:colcon.colcon_core.package_identification:_identify(watchDog) by extensions ['colcon_meta']
[0.243s] Level 1:colcon.colcon_core.package_identification:_identify(watchDog) by extension 'colcon_meta'
[0.243s] Level 1:colcon.colcon_core.package_identification:_identify(watchDog) by extensions ['ros']
[0.243s] Level 1:colcon.colcon_core.package_identification:_identify(watchDog) by extension 'ros'
[0.243s] Level 1:colcon.colcon_core.package_identification:_identify(watchDog) by extensions ['cmake', 'python']
[0.243s] Level 1:colcon.colcon_core.package_identification:_identify(watchDog) by extension 'cmake'
[0.243s] Level 1:colcon.colcon_core.package_identification:_identify(watchDog) by extension 'python'
[0.243s] Level 1:colcon.colcon_core.package_identification:_identify(watchDog) by extensions ['python_setup_py']
[0.243s] Level 1:colcon.colcon_core.package_identification:_identify(watchDog) by extension 'python_setup_py'
[0.243s] Level 1:colcon.colcon_core.package_discovery:discover_packages(recursive) using defaults
[0.243s] Level 1:colcon.colcon_core.package_discovery:discover_packages(ignore) discover
[0.243s] Level 1:colcon.colcon_core.package_discovery:discover_packages(ignore) using defaults
[0.243s] Level 1:colcon.colcon_core.package_discovery:discover_packages(path) discover
[0.243s] Level 1:colcon.colcon_core.package_discovery:discover_packages(path) using defaults
[0.272s] Level 1:colcon.colcon_core.package_discovery:discover_packages(prefix_path) check parameters
[0.272s] Level 1:colcon.colcon_core.package_discovery:discover_packages(prefix_path) discover
[0.275s] DEBUG:colcon.colcon_installed_package_information.package_discovery:Found 360 installed packages in /opt/ros/humble
[0.276s] Level 1:colcon.colcon_core.package_discovery:discover_packages(prefix_path) using defaults
[0.303s] Level 5:colcon.colcon_core.verb:set package 'hik_camera_ros2_driver' build argument 'cmake_args' from command line to 'None'
[0.303s] Level 5:colcon.colcon_core.verb:set package 'hik_camera_ros2_driver' build argument 'cmake_target' from command line to 'None'
[0.303s] Level 5:colcon.colcon_core.verb:set package 'hik_camera_ros2_driver' build argument 'cmake_target_skip_unavailable' from command line to 'False'
[0.303s] Level 5:colcon.colcon_core.verb:set package 'hik_camera_ros2_driver' build argument 'cmake_clean_cache' from command line to 'False'
[0.303s] Level 5:colcon.colcon_core.verb:set package 'hik_camera_ros2_driver' build argument 'cmake_clean_first' from command line to 'False'
[0.303s] Level 5:colcon.colcon_core.verb:set package 'hik_camera_ros2_driver' build argument 'cmake_force_configure' from command line to 'False'
[0.303s] Level 5:colcon.colcon_core.verb:set package 'hik_camera_ros2_driver' build argument 'ament_cmake_args' from command line to 'None'
[0.303s] Level 5:colcon.colcon_core.verb:set package 'hik_camera_ros2_driver' build argument 'catkin_cmake_args' from command line to 'None'
[0.303s] Level 5:colcon.colcon_core.verb:set package 'hik_camera_ros2_driver' build argument 'catkin_skip_building_tests' from command line to 'False'
[0.303s] DEBUG:colcon.colcon_core.verb:Building package 'hik_camera_ros2_driver' with the following arguments: {'ament_cmake_args': None, 'build_base': '/home/guichen/Documents/drone-radar-fusion/build/hik_camera_ros2_driver', 'catkin_cmake_args': None, 'catkin_skip_building_tests': False, 'cmake_args': None, 'cmake_clean_cache': False, 'cmake_clean_first': False, 'cmake_force_configure': False, 'cmake_target': None, 'cmake_target_skip_unavailable': False, 'install_base': '/home/guichen/Documents/drone-radar-fusion/install/hik_camera_ros2_driver', 'merge_install': False, 'path': '/home/guichen/Documents/drone-radar-fusion/src/hik_camera', 'symlink_install': True, 'test_result_base': None}
[0.303s] Level 5:colcon.colcon_core.verb:set package 'interface' build argument 'cmake_args' from command line to 'None'
[0.303s] Level 5:colcon.colcon_core.verb:set package 'interface' build argument 'cmake_target' from command line to 'None'
[0.303s] Level 5:colcon.colcon_core.verb:set package 'interface' build argument 'cmake_target_skip_unavailable' from command line to 'False'
[0.303s] Level 5:colcon.colcon_core.verb:set package 'interface' build argument 'cmake_clean_cache' from command line to 'False'
[0.303s] Level 5:colcon.colcon_core.verb:set package 'interface' build argument 'cmake_clean_first' from command line to 'False'
[0.303s] Level 5:colcon.colcon_core.verb:set package 'interface' build argument 'cmake_force_configure' from command line to 'False'
[0.303s] Level 5:colcon.colcon_core.verb:set package 'interface' build argument 'ament_cmake_args' from command line to 'None'
[0.303s] Level 5:colcon.colcon_core.verb:set package 'interface' build argument 'catkin_cmake_args' from command line to 'None'
[0.303s] Level 5:colcon.colcon_core.verb:set package 'interface' build argument 'catkin_skip_building_tests' from command line to 'False'
[0.303s] DEBUG:colcon.colcon_core.verb:Building package 'interface' with the following arguments: {'ament_cmake_args': None, 'build_base': '/home/guichen/Documents/drone-radar-fusion/build/interface', 'catkin_cmake_args': None, 'catkin_skip_building_tests': False, 'cmake_args': None, 'cmake_clean_cache': False, 'cmake_clean_first': False, 'cmake_force_configure': False, 'cmake_target': None, 'cmake_target_skip_unavailable': False, 'install_base': '/home/guichen/Documents/drone-radar-fusion/install/interface', 'merge_install': False, 'path': '/home/guichen/Documents/drone-radar-fusion/src/interface', 'symlink_install': True, 'test_result_base': None}
[0.303s] Level 5:colcon.colcon_core.verb:set package 'livox_interfaces' build argument 'cmake_args' from command line to 'None'
[0.303s] Level 5:colcon.colcon_core.verb:set package 'livox_interfaces' build argument 'cmake_target' from command line to 'None'
[0.304s] Level 5:colcon.colcon_core.verb:set package 'livox_interfaces' build argument 'cmake_target_skip_unavailable' from command line to 'False'
[0.304s] Level 5:colcon.colcon_core.verb:set package 'livox_interfaces' build argument 'cmake_clean_cache' from command line to 'False'
[0.304s] Level 5:colcon.colcon_core.verb:set package 'livox_interfaces' build argument 'cmake_clean_first' from command line to 'False'
[0.304s] Level 5:colcon.colcon_core.verb:set package 'livox_interfaces' build argument 'cmake_force_configure' from command line to 'False'
[0.304s] Level 5:colcon.colcon_core.verb:set package 'livox_interfaces' build argument 'ament_cmake_args' from command line to 'None'
[0.304s] Level 5:colcon.colcon_core.verb:set package 'livox_interfaces' build argument 'catkin_cmake_args' from command line to 'None'
[0.304s] Level 5:colcon.colcon_core.verb:set package 'livox_interfaces' build argument 'catkin_skip_building_tests' from command line to 'False'
[0.304s] DEBUG:colcon.colcon_core.verb:Building package 'livox_interfaces' with the following arguments: {'ament_cmake_args': None, 'build_base': '/home/guichen/Documents/drone-radar-fusion/build/livox_interfaces', 'catkin_cmake_args': None, 'catkin_skip_building_tests': False, 'cmake_args': None, 'cmake_clean_cache': False, 'cmake_clean_first': False, 'cmake_force_configure': False, 'cmake_target': None, 'cmake_target_skip_unavailable': False, 'install_base': '/home/guichen/Documents/drone-radar-fusion/install/livox_interfaces', 'merge_install': False, 'path': '/home/guichen/Documents/drone-radar-fusion/src/livox_driver/livox_interfaces', 'symlink_install': True, 'test_result_base': None}
[0.304s] Level 5:colcon.colcon_core.verb:set package 'livox_sdk_vendor' build argument 'cmake_args' from command line to 'None'
[0.304s] Level 5:colcon.colcon_core.verb:set package 'livox_sdk_vendor' build argument 'cmake_target' from command line to 'None'
[0.304s] Level 5:colcon.colcon_core.verb:set package 'livox_sdk_vendor' build argument 'cmake_target_skip_unavailable' from command line to 'False'
[0.304s] Level 5:colcon.colcon_core.verb:set package 'livox_sdk_vendor' build argument 'cmake_clean_cache' from command line to 'False'
[0.304s] Level 5:colcon.colcon_core.verb:set package 'livox_sdk_vendor' build argument 'cmake_clean_first' from command line to 'False'
[0.304s] Level 5:colcon.colcon_core.verb:set package 'livox_sdk_vendor' build argument 'cmake_force_configure' from command line to 'False'
[0.304s] Level 5:colcon.colcon_core.verb:set package 'livox_sdk_vendor' build argument 'ament_cmake_args' from command line to 'None'
[0.304s] Level 5:colcon.colcon_core.verb:set package 'livox_sdk_vendor' build argument 'catkin_cmake_args' from command line to 'None'
[0.304s] Level 5:colcon.colcon_core.verb:set package 'livox_sdk_vendor' build argument 'catkin_skip_building_tests' from command line to 'False'
[0.304s] DEBUG:colcon.colcon_core.verb:Building package 'livox_sdk_vendor' with the following arguments: {'ament_cmake_args': None, 'build_base': '/home/guichen/Documents/drone-radar-fusion/build/livox_sdk_vendor', 'catkin_cmake_args': None, 'catkin_skip_building_tests': False, 'cmake_args': None, 'cmake_clean_cache': False, 'cmake_clean_first': False, 'cmake_force_configure': False, 'cmake_target': None, 'cmake_target_skip_unavailable': False, 'install_base': '/home/guichen/Documents/drone-radar-fusion/install/livox_sdk_vendor', 'merge_install': False, 'path': '/home/guichen/Documents/drone-radar-fusion/src/livox_driver/livox_sdk_vendor', 'symlink_install': True, 'test_result_base': None}
[0.304s] Level 5:colcon.colcon_core.verb:set package 'camera_vision' build argument 'cmake_args' from command line to 'None'
[0.304s] Level 5:colcon.colcon_core.verb:set package 'camera_vision' build argument 'cmake_target' from command line to 'None'
[0.304s] Level 5:colcon.colcon_core.verb:set package 'camera_vision' build argument 'cmake_target_skip_unavailable' from command line to 'False'
[0.304s] Level 5:colcon.colcon_core.verb:set package 'camera_vision' build argument 'cmake_clean_cache' from command line to 'False'
[0.304s] Level 5:colcon.colcon_core.verb:set package 'camera_vision' build argument 'cmake_clean_first' from command line to 'False'
[0.304s] Level 5:colcon.colcon_core.verb:set package 'camera_vision' build argument 'cmake_force_configure' from command line to 'False'
[0.304s] Level 5:colcon.colcon_core.verb:set package 'camera_vision' build argument 'ament_cmake_args' from command line to 'None'
[0.304s] Level 5:colcon.colcon_core.verb:set package 'camera_vision' build argument 'catkin_cmake_args' from command line to 'None'
[0.304s] Level 5:colcon.colcon_core.verb:set package 'camera_vision' build argument 'catkin_skip_building_tests' from command line to 'False'
[0.304s] DEBUG:colcon.colcon_core.verb:Building package 'camera_vision' with the following arguments: {'ament_cmake_args': None, 'build_base': '/home/guichen/Documents/drone-radar-fusion/build/camera_vision', 'catkin_cmake_args': None, 'catkin_skip_building_tests': False, 'cmake_args': None, 'cmake_clean_cache': False, 'cmake_clean_first': False, 'cmake_force_configure': False, 'cmake_target': None, 'cmake_target_skip_unavailable': False, 'install_base': '/home/guichen/Documents/drone-radar-fusion/install/camera_vision', 'merge_install': False, 'path': '/home/guichen/Documents/drone-radar-fusion/src/camera_vision', 'symlink_install': True, 'test_result_base': None}
[0.305s] Level 5:colcon.colcon_core.verb:set package 'camera_yolo' build argument 'cmake_args' from command line to 'None'
[0.305s] Level 5:colcon.colcon_core.verb:set package 'camera_yolo' build argument 'cmake_target' from command line to 'None'
[0.305s] Level 5:colcon.colcon_core.verb:set package 'camera_yolo' build argument 'cmake_target_skip_unavailable' from command line to 'False'
[0.305s] Level 5:colcon.colcon_core.verb:set package 'camera_yolo' build argument 'cmake_clean_cache' from command line to 'False'
[0.305s] Level 5:colcon.colcon_core.verb:set package 'camera_yolo' build argument 'cmake_clean_first' from command line to 'False'
[0.305s] Level 5:colcon.colcon_core.verb:set package 'camera_yolo' build argument 'cmake_force_configure' from command line to 'False'
[0.305s] Level 5:colcon.colcon_core.verb:set package 'camera_yolo' build argument 'ament_cmake_args' from command line to 'None'
[0.305s] Level 5:colcon.colcon_core.verb:set package 'camera_yolo' build argument 'catkin_cmake_args' from command line to 'None'
[0.305s] Level 5:colcon.colcon_core.verb:set package 'camera_yolo' build argument 'catkin_skip_building_tests' from command line to 'False'
[0.305s] DEBUG:colcon.colcon_core.verb:Building package 'camera_yolo' with the following arguments: {'ament_cmake_args': None, 'build_base': '/home/guichen/Documents/drone-radar-fusion/build/camera_yolo', 'catkin_cmake_args': None, 'catkin_skip_building_tests': False, 'cmake_args': None, 'cmake_clean_cache': False, 'cmake_clean_first': False, 'cmake_force_configure': False, 'cmake_target': None, 'cmake_target_skip_unavailable': False, 'install_base': '/home/guichen/Documents/drone-radar-fusion/install/camera_yolo', 'merge_install': False, 'path': '/home/guichen/Documents/drone-radar-fusion/src/camera_yolo', 'symlink_install': True, 'test_result_base': None}
[0.305s] Level 5:colcon.colcon_core.verb:set package 'fusion' build argument 'cmake_args' from command line to 'None'
[0.305s] Level 5:colcon.colcon_core.verb:set package 'fusion' build argument 'cmake_target' from command line to 'None'
[0.305s] Level 5:colcon.colcon_core.verb:set package 'fusion' build argument 'cmake_target_skip_unavailable' from command line to 'False'
[0.305s] Level 5:colcon.colcon_core.verb:set package 'fusion' build argument 'cmake_clean_cache' from command line to 'False'
[0.305s] Level 5:colcon.colcon_core.verb:set package 'fusion' build argument 'cmake_clean_first' from command line to 'False'
[0.305s] Level 5:colcon.colcon_core.verb:set package 'fusion' build argument 'cmake_force_configure' from command line to 'False'
[0.305s] Level 5:colcon.colcon_core.verb:set package 'fusion' build argument 'ament_cmake_args' from command line to 'None'
[0.305s] Level 5:colcon.colcon_core.verb:set package 'fusion' build argument 'catkin_cmake_args' from command line to 'None'
[0.305s] Level 5:colcon.colcon_core.verb:set package 'fusion' build argument 'catkin_skip_building_tests' from command line to 'False'
[0.305s] DEBUG:colcon.colcon_core.verb:Building package 'fusion' with the following arguments: {'ament_cmake_args': None, 'build_base': '/home/guichen/Documents/drone-radar-fusion/build/fusion', 'catkin_cmake_args': None, 'catkin_skip_building_tests': False, 'cmake_args': None, 'cmake_clean_cache': False, 'cmake_clean_first': False, 'cmake_force_configure': False, 'cmake_target': None, 'cmake_target_skip_unavailable': False, 'install_base': '/home/guichen/Documents/drone-radar-fusion/install/fusion', 'merge_install': False, 'path': '/home/guichen/Documents/drone-radar-fusion/src/fusion', 'symlink_install': True, 'test_result_base': None}
[0.305s] Level 5:colcon.colcon_core.verb:set package 'livox_ros2_avia' build argument 'cmake_args' from command line to 'None'
[0.305s] Level 5:colcon.colcon_core.verb:set package 'livox_ros2_avia' build argument 'cmake_target' from command line to 'None'
[0.305s] Level 5:colcon.colcon_core.verb:set package 'livox_ros2_avia' build argument 'cmake_target_skip_unavailable' from command line to 'False'
[0.305s] Level 5:colcon.colcon_core.verb:set package 'livox_ros2_avia' build argument 'cmake_clean_cache' from command line to 'False'
[0.305s] Level 5:colcon.colcon_core.verb:set package 'livox_ros2_avia' build argument 'cmake_clean_first' from command line to 'False'
[0.305s] Level 5:colcon.colcon_core.verb:set package 'livox_ros2_avia' build argument 'cmake_force_configure' from command line to 'False'
[0.305s] Level 5:colcon.colcon_core.verb:set package 'livox_ros2_avia' build argument 'ament_cmake_args' from command line to 'None'
[0.305s] Level 5:colcon.colcon_core.verb:set package 'livox_ros2_avia' build argument 'catkin_cmake_args' from command line to 'None'
[0.305s] Level 5:colcon.colcon_core.verb:set package 'livox_ros2_avia' build argument 'catkin_skip_building_tests' from command line to 'False'
[0.305s] DEBUG:colcon.colcon_core.verb:Building package 'livox_ros2_avia' with the following arguments: {'ament_cmake_args': None, 'build_base': '/home/guichen/Documents/drone-radar-fusion/build/livox_ros2_avia', 'catkin_cmake_args': None, 'catkin_skip_building_tests': False, 'cmake_args': None, 'cmake_clean_cache': False, 'cmake_clean_first': False, 'cmake_force_configure': False, 'cmake_target': None, 'cmake_target_skip_unavailable': False, 'install_base': '/home/guichen/Documents/drone-radar-fusion/install/livox_ros2_avia', 'merge_install': False, 'path': '/home/guichen/Documents/drone-radar-fusion/src/livox_driver/livox_ros2_avia', 'symlink_install': True, 'test_result_base': None}
[0.306s] Level 5:colcon.colcon_core.verb:set package 'radar' build argument 'cmake_args' from command line to 'None'
[0.306s] Level 5:colcon.colcon_core.verb:set package 'radar' build argument 'cmake_target' from command line to 'None'
[0.306s] Level 5:colcon.colcon_core.verb:set package 'radar' build argument 'cmake_target_skip_unavailable' from command line to 'False'
[0.306s] Level 5:colcon.colcon_core.verb:set package 'radar' build argument 'cmake_clean_cache' from command line to 'False'
[0.306s] Level 5:colcon.colcon_core.verb:set package 'radar' build argument 'cmake_clean_first' from command line to 'False'
[0.306s] Level 5:colcon.colcon_core.verb:set package 'radar' build argument 'cmake_force_configure' from command line to 'False'
[0.306s] Level 5:colcon.colcon_core.verb:set package 'radar' build argument 'ament_cmake_args' from command line to 'None'
[0.306s] Level 5:colcon.colcon_core.verb:set package 'radar' build argument 'catkin_cmake_args' from command line to 'None'
[0.306s] Level 5:colcon.colcon_core.verb:set package 'radar' build argument 'catkin_skip_building_tests' from command line to 'False'
[0.306s] DEBUG:colcon.colcon_core.verb:Building package 'radar' with the following arguments: {'ament_cmake_args': None, 'build_base': '/home/guichen/Documents/drone-radar-fusion/build/radar', 'catkin_cmake_args': None, 'catkin_skip_building_tests': False, 'cmake_args': None, 'cmake_clean_cache': False, 'cmake_clean_first': False, 'cmake_force_configure': False, 'cmake_target': None, 'cmake_target_skip_unavailable': False, 'install_base': '/home/guichen/Documents/drone-radar-fusion/install/radar', 'merge_install': False, 'path': '/home/guichen/Documents/drone-radar-fusion/src/radar', 'symlink_install': True, 'test_result_base': None}
[0.306s] Level 5:colcon.colcon_core.verb:set package 'web_dashboard' build argument 'cmake_args' from command line to 'None'
[0.306s] Level 5:colcon.colcon_core.verb:set package 'web_dashboard' build argument 'cmake_target' from command line to 'None'
[0.306s] Level 5:colcon.colcon_core.verb:set package 'web_dashboard' build argument 'cmake_target_skip_unavailable' from command line to 'False'
[0.306s] Level 5:colcon.colcon_core.verb:set package 'web_dashboard' build argument 'cmake_clean_cache' from command line to 'False'
[0.306s] Level 5:colcon.colcon_core.verb:set package 'web_dashboard' build argument 'cmake_clean_first' from command line to 'False'
[0.306s] Level 5:colcon.colcon_core.verb:set package 'web_dashboard' build argument 'cmake_force_configure' from command line to 'False'
[0.306s] Level 5:colcon.colcon_core.verb:set package 'web_dashboard' build argument 'ament_cmake_args' from command line to 'None'
[0.306s] Level 5:colcon.colcon_core.verb:set package 'web_dashboard' build argument 'catkin_cmake_args' from command line to 'None'
[0.306s] Level 5:colcon.colcon_core.verb:set package 'web_dashboard' build argument 'catkin_skip_building_tests' from command line to 'False'
[0.306s] DEBUG:colcon.colcon_core.verb:Building package 'web_dashboard' with the following arguments: {'ament_cmake_args': None, 'build_base': '/home/guichen/Documents/drone-radar-fusion/build/web_dashboard', 'catkin_cmake_args': None, 'catkin_skip_building_tests': False, 'cmake_args': None, 'cmake_clean_cache': False, 'cmake_clean_first': False, 'cmake_force_configure': False, 'cmake_target': None, 'cmake_target_skip_unavailable': False, 'install_base': '/home/guichen/Documents/drone-radar-fusion/install/web_dashboard', 'merge_install': False, 'path': '/home/guichen/Documents/drone-radar-fusion/src/web_dashboard', 'symlink_install': True, 'test_result_base': None}
[0.306s] INFO:colcon.colcon_core.executor:Executing jobs using 'parallel' executor
[0.307s] DEBUG:colcon.colcon_parallel_executor.executor.parallel:run_until_complete
[0.307s] INFO:colcon.colcon_ros.task.ament_cmake.build:Building ROS package in '/home/guichen/Documents/drone-radar-fusion/src/interface' with build type 'ament_cmake'
[0.308s] INFO:colcon.colcon_cmake.task.cmake.build:Building CMake package in '/home/guichen/Documents/drone-radar-fusion/src/interface'
[0.310s] INFO:colcon.colcon_core.plugin_system:Skipping extension 'colcon_core.shell.bat': Not used on non-Windows systems
[0.310s] INFO:colcon.colcon_core.shell:Skip shell extension 'powershell' for command environment: Not usable outside of PowerShell
[0.310s] DEBUG:colcon.colcon_core.shell:Skip shell extension 'dsv' for command environment
[0.312s] INFO:colcon.colcon_ros.task.ament_cmake.build:Building ROS package in '/home/guichen/Documents/drone-radar-fusion/src/livox_driver/livox_interfaces' with build type 'ament_cmake'
[0.312s] INFO:colcon.colcon_cmake.task.cmake.build:Building CMake package in '/home/guichen/Documents/drone-radar-fusion/src/livox_driver/livox_interfaces'
[0.312s] INFO:colcon.colcon_core.shell:Skip shell extension 'powershell' for command environment: Not usable outside of PowerShell
[0.312s] DEBUG:colcon.colcon_core.shell:Skip shell extension 'dsv' for command environment
[0.314s] INFO:colcon.colcon_ros.task.ament_cmake.build:Building ROS package in '/home/guichen/Documents/drone-radar-fusion/src/livox_driver/livox_sdk_vendor' with build type 'ament_cmake'
[0.314s] INFO:colcon.colcon_cmake.task.cmake.build:Building CMake package in '/home/guichen/Documents/drone-radar-fusion/src/livox_driver/livox_sdk_vendor'
[0.314s] INFO:colcon.colcon_core.shell:Skip shell extension 'powershell' for command environment: Not usable outside of PowerShell
[0.314s] DEBUG:colcon.colcon_core.shell:Skip shell extension 'dsv' for command environment
[0.318s] DEBUG:colcon.colcon_core.event_handler.log_command:Invoking command in '/home/guichen/Documents/drone-radar-fusion/build/interface': CMAKE_PREFIX_PATH=/opt/ros/humble /usr/bin/cmake /home/guichen/Documents/drone-radar-fusion/src/interface -DAMENT_CMAKE_SYMLINK_INSTALL=1 -DCMAKE_INSTALL_PREFIX=/home/guichen/Documents/drone-radar-fusion/install/interface
[0.320s] DEBUG:colcon.colcon_core.event_handler.log_command:Invoking command in '/home/guichen/Documents/drone-radar-fusion/build/livox_interfaces': CMAKE_PREFIX_PATH=/opt/ros/humble /usr/bin/cmake /home/guichen/Documents/drone-radar-fusion/src/livox_driver/livox_interfaces -DAMENT_CMAKE_SYMLINK_INSTALL=1 -DCMAKE_INSTALL_PREFIX=/home/guichen/Documents/drone-radar-fusion/install/livox_interfaces
[0.322s] DEBUG:colcon.colcon_core.event_handler.log_command:Invoking command in '/home/guichen/Documents/drone-radar-fusion/build/livox_sdk_vendor': CMAKE_PREFIX_PATH=/opt/ros/humble /usr/bin/cmake /home/guichen/Documents/drone-radar-fusion/src/livox_driver/livox_sdk_vendor -DAMENT_CMAKE_SYMLINK_INSTALL=1 -DCMAKE_INSTALL_PREFIX=/home/guichen/Documents/drone-radar-fusion/install/livox_sdk_vendor
[0.801s] DEBUG:colcon.colcon_core.event_handler.log_command:Invoked command in '/home/guichen/Documents/drone-radar-fusion/build/livox_sdk_vendor' returned '0': CMAKE_PREFIX_PATH=/opt/ros/humble /usr/bin/cmake /home/guichen/Documents/drone-radar-fusion/src/livox_driver/livox_sdk_vendor -DAMENT_CMAKE_SYMLINK_INSTALL=1 -DCMAKE_INSTALL_PREFIX=/home/guichen/Documents/drone-radar-fusion/install/livox_sdk_vendor
[0.802s] DEBUG:colcon.colcon_core.event_handler.log_command:Invoking command in '/home/guichen/Documents/drone-radar-fusion/build/livox_sdk_vendor': CMAKE_PREFIX_PATH=/opt/ros/humble /usr/bin/cmake --build /home/guichen/Documents/drone-radar-fusion/build/livox_sdk_vendor -- -j16 -l16
[1.510s] DEBUG:colcon.colcon_core.event_handler.log_command:Invoked command in '/home/guichen/Documents/drone-radar-fusion/build/interface' returned '0': CMAKE_PREFIX_PATH=/opt/ros/humble /usr/bin/cmake /home/guichen/Documents/drone-radar-fusion/src/interface -DAMENT_CMAKE_SYMLINK_INSTALL=1 -DCMAKE_INSTALL_PREFIX=/home/guichen/Documents/drone-radar-fusion/install/interface
[1.511s] DEBUG:colcon.colcon_core.event_handler.log_command:Invoking command in '/home/guichen/Documents/drone-radar-fusion/build/interface': CMAKE_PREFIX_PATH=/opt/ros/humble /usr/bin/cmake --build /home/guichen/Documents/drone-radar-fusion/build/interface -- -j16 -l16
[1.530s] DEBUG:colcon.colcon_core.event_handler.log_command:Invoked command in '/home/guichen/Documents/drone-radar-fusion/build/livox_interfaces' returned '0': CMAKE_PREFIX_PATH=/opt/ros/humble /usr/bin/cmake /home/guichen/Documents/drone-radar-fusion/src/livox_driver/livox_interfaces -DAMENT_CMAKE_SYMLINK_INSTALL=1 -DCMAKE_INSTALL_PREFIX=/home/guichen/Documents/drone-radar-fusion/install/livox_interfaces
[1.531s] DEBUG:colcon.colcon_core.event_handler.log_command:Invoking command in '/home/guichen/Documents/drone-radar-fusion/build/livox_interfaces': CMAKE_PREFIX_PATH=/opt/ros/humble /usr/bin/cmake --build /home/guichen/Documents/drone-radar-fusion/build/livox_interfaces -- -j16 -l16
[4.859s] DEBUG:colcon.colcon_core.event_handler.log_command:Invoked command in '/home/guichen/Documents/drone-radar-fusion/build/livox_interfaces' returned '0': CMAKE_PREFIX_PATH=/opt/ros/humble /usr/bin/cmake --build /home/guichen/Documents/drone-radar-fusion/build/livox_interfaces -- -j16 -l16
[4.866s] DEBUG:colcon.colcon_core.event_handler.log_command:Invoking command in '/home/guichen/Documents/drone-radar-fusion/build/livox_interfaces': CMAKE_PREFIX_PATH=/opt/ros/humble /usr/bin/cmake --install /home/guichen/Documents/drone-radar-fusion/build/livox_interfaces
[6.116s] DEBUG:colcon.colcon_core.event_handler.log_command:Invoked command in '/home/guichen/Documents/drone-radar-fusion/build/interface' returned '0': CMAKE_PREFIX_PATH=/opt/ros/humble /usr/bin/cmake --build /home/guichen/Documents/drone-radar-fusion/build/interface -- -j16 -l16
[6.117s] DEBUG:colcon.colcon_core.event_handler.log_command:Invoking command in '/home/guichen/Documents/drone-radar-fusion/build/interface': CMAKE_PREFIX_PATH=/opt/ros/humble /usr/bin/cmake --install /home/guichen/Documents/drone-radar-fusion/build/interface
[6.611s] Level 1:colcon.colcon_core.environment:create_environment_scripts_only(livox_interfaces)
[6.611s] DEBUG:colcon.colcon_core.event_handler.log_command:Invoked command in '/home/guichen/Documents/drone-radar-fusion/build/livox_interfaces' returned '0': CMAKE_PREFIX_PATH=/opt/ros/humble /usr/bin/cmake --install /home/guichen/Documents/drone-radar-fusion/build/livox_interfaces
[6.617s] Level 1:colcon.colcon_core.environment:checking '/home/guichen/Documents/drone-radar-fusion/install/livox_interfaces' for CMake module files
[6.618s] Level 1:colcon.colcon_core.environment:checking '/home/guichen/Documents/drone-radar-fusion/install/livox_interfaces' for CMake config files
[6.619s] Level 1:colcon.colcon_core.shell:create_environment_hook('livox_interfaces', 'cmake_prefix_path')
[6.619s] INFO:colcon.colcon_core.shell:Creating environment hook '/home/guichen/Documents/drone-radar-fusion/install/livox_interfaces/share/livox_interfaces/hook/cmake_prefix_path.ps1'
[6.620s] INFO:colcon.colcon_core.shell:Creating environment descriptor '/home/guichen/Documents/drone-radar-fusion/install/livox_interfaces/share/livox_interfaces/hook/cmake_prefix_path.dsv'
[6.621s] INFO:colcon.colcon_core.shell:Creating environment hook '/home/guichen/Documents/drone-radar-fusion/install/livox_interfaces/share/livox_interfaces/hook/cmake_prefix_path.sh'
[6.622s] Level 1:colcon.colcon_core.environment:checking '/home/guichen/Documents/drone-radar-fusion/install/livox_interfaces/lib'
[6.623s] Level 1:colcon.colcon_core.shell:create_environment_hook('livox_interfaces', 'ld_library_path_lib')
[6.623s] INFO:colcon.colcon_core.shell:Creating environment hook '/home/guichen/Documents/drone-radar-fusion/install/livox_interfaces/share/livox_interfaces/hook/ld_library_path_lib.ps1'
[6.623s] INFO:colcon.colcon_core.shell:Creating environment descriptor '/home/guichen/Documents/drone-radar-fusion/install/livox_interfaces/share/livox_interfaces/hook/ld_library_path_lib.dsv'
[6.624s] INFO:colcon.colcon_core.shell:Creating environment hook '/home/guichen/Documents/drone-radar-fusion/install/livox_interfaces/share/livox_interfaces/hook/ld_library_path_lib.sh'
[6.624s] Level 1:colcon.colcon_core.environment:checking '/home/guichen/Documents/drone-radar-fusion/install/livox_interfaces/bin'
[6.625s] Level 1:colcon.colcon_core.environment:checking '/home/guichen/Documents/drone-radar-fusion/install/livox_interfaces/lib/pkgconfig/livox_interfaces.pc'
[6.625s] Level 1:colcon.colcon_core.environment:checking '/home/guichen/Documents/drone-radar-fusion/install/livox_interfaces/lib/python3.10/site-packages'
[6.626s] Level 1:colcon.colcon_core.environment:checking '/home/guichen/Documents/drone-radar-fusion/install/livox_interfaces/bin'
[6.627s] INFO:colcon.colcon_core.shell:Creating package script '/home/guichen/Documents/drone-radar-fusion/install/livox_interfaces/share/livox_interfaces/package.ps1'
[6.628s] INFO:colcon.colcon_core.shell:Creating package descriptor '/home/guichen/Documents/drone-radar-fusion/install/livox_interfaces/share/livox_interfaces/package.dsv'
[6.629s] INFO:colcon.colcon_core.shell:Creating package script '/home/guichen/Documents/drone-radar-fusion/install/livox_interfaces/share/livox_interfaces/package.sh'
[6.630s] INFO:colcon.colcon_core.shell:Creating package script '/home/guichen/Documents/drone-radar-fusion/install/livox_interfaces/share/livox_interfaces/package.bash'
[6.632s] INFO:colcon.colcon_core.shell:Creating package script '/home/guichen/Documents/drone-radar-fusion/install/livox_interfaces/share/livox_interfaces/package.zsh'
[6.633s] Level 1:colcon.colcon_core.environment:create_file_with_runtime_dependencies(/home/guichen/Documents/drone-radar-fusion/install/livox_interfaces/share/colcon-core/packages/livox_interfaces)
[6.634s] Level 1:colcon.colcon_core.environment:create_environment_scripts_only(livox_interfaces)
[6.635s] Level 1:colcon.colcon_core.environment:checking '/home/guichen/Documents/drone-radar-fusion/install/livox_interfaces' for CMake module files
[6.636s] Level 1:colcon.colcon_core.environment:checking '/home/guichen/Documents/drone-radar-fusion/install/livox_interfaces' for CMake config files
[6.638s] Level 1:colcon.colcon_core.shell:create_environment_hook('livox_interfaces', 'cmake_prefix_path')
[6.638s] INFO:colcon.colcon_core.shell:Creating environment hook '/home/guichen/Documents/drone-radar-fusion/install/livox_interfaces/share/livox_interfaces/hook/cmake_prefix_path.ps1'
[6.639s] INFO:colcon.colcon_core.shell:Creating environment descriptor '/home/guichen/Documents/drone-radar-fusion/install/livox_interfaces/share/livox_interfaces/hook/cmake_prefix_path.dsv'
[6.639s] INFO:colcon.colcon_core.shell:Creating environment hook '/home/guichen/Documents/drone-radar-fusion/install/livox_interfaces/share/livox_interfaces/hook/cmake_prefix_path.sh'
[6.640s] Level 1:colcon.colcon_core.environment:checking '/home/guichen/Documents/drone-radar-fusion/install/livox_interfaces/lib'
[6.640s] Level 1:colcon.colcon_core.shell:create_environment_hook('livox_interfaces', 'ld_library_path_lib')
[6.641s] INFO:colcon.colcon_core.shell:Creating environment hook '/home/guichen/Documents/drone-radar-fusion/install/livox_interfaces/share/livox_interfaces/hook/ld_library_path_lib.ps1'
[6.641s] INFO:colcon.colcon_core.shell:Creating environment descriptor '/home/guichen/Documents/drone-radar-fusion/install/livox_interfaces/share/livox_interfaces/hook/ld_library_path_lib.dsv'
[6.642s] INFO:colcon.colcon_core.shell:Creating environment hook '/home/guichen/Documents/drone-radar-fusion/install/livox_interfaces/share/livox_interfaces/hook/ld_library_path_lib.sh'
[6.642s] Level 1:colcon.colcon_core.environment:checking '/home/guichen/Documents/drone-radar-fusion/install/livox_interfaces/bin'
[6.642s] Level 1:colcon.colcon_core.environment:checking '/home/guichen/Documents/drone-radar-fusion/install/livox_interfaces/lib/pkgconfig/livox_interfaces.pc'
[6.642s] Level 1:colcon.colcon_core.environment:checking '/home/guichen/Documents/drone-radar-fusion/install/livox_interfaces/lib/python3.10/site-packages'
[6.642s] Level 1:colcon.colcon_core.environment:checking '/home/guichen/Documents/drone-radar-fusion/install/livox_interfaces/bin'
[6.643s] INFO:colcon.colcon_core.shell:Creating package script '/home/guichen/Documents/drone-radar-fusion/install/livox_interfaces/share/livox_interfaces/package.ps1'
[6.644s] INFO:colcon.colcon_core.shell:Creating package descriptor '/home/guichen/Documents/drone-radar-fusion/install/livox_interfaces/share/livox_interfaces/package.dsv'
[6.644s] INFO:colcon.colcon_core.shell:Creating package script '/home/guichen/Documents/drone-radar-fusion/install/livox_interfaces/share/livox_interfaces/package.sh'
[6.645s] INFO:colcon.colcon_core.shell:Creating package script '/home/guichen/Documents/drone-radar-fusion/install/livox_interfaces/share/livox_interfaces/package.bash'
[6.645s] INFO:colcon.colcon_core.shell:Creating package script '/home/guichen/Documents/drone-radar-fusion/install/livox_interfaces/share/livox_interfaces/package.zsh'
[6.645s] Level 1:colcon.colcon_core.environment:create_file_with_runtime_dependencies(/home/guichen/Documents/drone-radar-fusion/install/livox_interfaces/share/colcon-core/packages/livox_interfaces)
[6.646s] INFO:colcon.colcon_ros.task.ament_cmake.build:Building ROS package in '/home/guichen/Documents/drone-radar-fusion/src/hik_camera' with build type 'ament_cmake'
[6.646s] INFO:colcon.colcon_cmake.task.cmake.build:Building CMake package in '/home/guichen/Documents/drone-radar-fusion/src/hik_camera'
[6.646s] INFO:colcon.colcon_core.shell:Skip shell extension 'powershell' for command environment: Not usable outside of PowerShell
[6.647s] DEBUG:colcon.colcon_core.shell:Skip shell extension 'dsv' for command environment
[6.655s] DEBUG:colcon.colcon_core.event_handler.log_command:Invoking command in '/home/guichen/Documents/drone-radar-fusion/build/hik_camera_ros2_driver': CMAKE_PREFIX_PATH=/opt/ros/humble /usr/bin/cmake /home/guichen/Documents/drone-radar-fusion/src/hik_camera -DAMENT_CMAKE_SYMLINK_INSTALL=1 -DCMAKE_INSTALL_PREFIX=/home/guichen/Documents/drone-radar-fusion/install/hik_camera_ros2_driver
[7.535s] Level 1:colcon.colcon_core.environment:create_environment_scripts_only(interface)
[7.535s] Level 1:colcon.colcon_core.environment:checking '/home/guichen/Documents/drone-radar-fusion/install/interface' for CMake module files
[7.536s] DEBUG:colcon.colcon_core.event_handler.log_command:Invoked command in '/home/guichen/Documents/drone-radar-fusion/build/interface' returned '0': CMAKE_PREFIX_PATH=/opt/ros/humble /usr/bin/cmake --install /home/guichen/Documents/drone-radar-fusion/build/interface
[7.537s] Level 1:colcon.colcon_core.environment:checking '/home/guichen/Documents/drone-radar-fusion/install/interface' for CMake config files
[7.538s] Level 1:colcon.colcon_core.shell:create_environment_hook('interface', 'cmake_prefix_path')
[7.538s] INFO:colcon.colcon_core.shell:Creating environment hook '/home/guichen/Documents/drone-radar-fusion/install/interface/share/interface/hook/cmake_prefix_path.ps1'
[7.538s] INFO:colcon.colcon_core.shell:Creating environment descriptor '/home/guichen/Documents/drone-radar-fusion/install/interface/share/interface/hook/cmake_prefix_path.dsv'
[7.539s] INFO:colcon.colcon_core.shell:Creating environment hook '/home/guichen/Documents/drone-radar-fusion/install/interface/share/interface/hook/cmake_prefix_path.sh'
[7.539s] Level 1:colcon.colcon_core.environment:checking '/home/guichen/Documents/drone-radar-fusion/install/interface/lib'
[7.540s] Level 1:colcon.colcon_core.shell:create_environment_hook('interface', 'ld_library_path_lib')
[7.540s] INFO:colcon.colcon_core.shell:Creating environment hook '/home/guichen/Documents/drone-radar-fusion/install/interface/share/interface/hook/ld_library_path_lib.ps1'
[7.540s] INFO:colcon.colcon_core.shell:Creating environment descriptor '/home/guichen/Documents/drone-radar-fusion/install/interface/share/interface/hook/ld_library_path_lib.dsv'
[7.541s] INFO:colcon.colcon_core.shell:Creating environment hook '/home/guichen/Documents/drone-radar-fusion/install/interface/share/interface/hook/ld_library_path_lib.sh'
[7.541s] Level 1:colcon.colcon_core.environment:checking '/home/guichen/Documents/drone-radar-fusion/install/interface/bin'
[7.541s] Level 1:colcon.colcon_core.environment:checking '/home/guichen/Documents/drone-radar-fusion/install/interface/lib/pkgconfig/interface.pc'
[7.541s] Level 1:colcon.colcon_core.environment:checking '/home/guichen/Documents/drone-radar-fusion/install/interface/lib/python3.10/site-packages'
[7.542s] Level 1:colcon.colcon_core.environment:checking '/home/guichen/Documents/drone-radar-fusion/install/interface/bin'
[7.542s] INFO:colcon.colcon_core.shell:Creating package script '/home/guichen/Documents/drone-radar-fusion/install/interface/share/interface/package.ps1'
[7.543s] INFO:colcon.colcon_core.shell:Creating package descriptor '/home/guichen/Documents/drone-radar-fusion/install/interface/share/interface/package.dsv'
[7.544s] INFO:colcon.colcon_core.shell:Creating package script '/home/guichen/Documents/drone-radar-fusion/install/interface/share/interface/package.sh'
[7.545s] INFO:colcon.colcon_core.shell:Creating package script '/home/guichen/Documents/drone-radar-fusion/install/interface/share/interface/package.bash'
[7.545s] INFO:colcon.colcon_core.shell:Creating package script '/home/guichen/Documents/drone-radar-fusion/install/interface/share/interface/package.zsh'
[7.545s] Level 1:colcon.colcon_core.environment:create_file_with_runtime_dependencies(/home/guichen/Documents/drone-radar-fusion/install/interface/share/colcon-core/packages/interface)
[7.546s] Level 1:colcon.colcon_core.environment:create_environment_scripts_only(interface)
[7.546s] Level 1:colcon.colcon_core.environment:checking '/home/guichen/Documents/drone-radar-fusion/install/interface' for CMake module files
[7.547s] Level 1:colcon.colcon_core.environment:checking '/home/guichen/Documents/drone-radar-fusion/install/interface' for CMake config files
[7.549s] Level 1:colcon.colcon_core.shell:create_environment_hook('interface', 'cmake_prefix_path')
[7.549s] INFO:colcon.colcon_core.shell:Creating environment hook '/home/guichen/Documents/drone-radar-fusion/install/interface/share/interface/hook/cmake_prefix_path.ps1'
[7.550s] INFO:colcon.colcon_core.shell:Creating environment descriptor '/home/guichen/Documents/drone-radar-fusion/install/interface/share/interface/hook/cmake_prefix_path.dsv'
[7.550s] INFO:colcon.colcon_core.shell:Creating environment hook '/home/guichen/Documents/drone-radar-fusion/install/interface/share/interface/hook/cmake_prefix_path.sh'
[7.552s] Level 1:colcon.colcon_core.environment:checking '/home/guichen/Documents/drone-radar-fusion/install/interface/lib'
[7.552s] Level 1:colcon.colcon_core.shell:create_environment_hook('interface', 'ld_library_path_lib')
[7.552s] INFO:colcon.colcon_core.shell:Creating environment hook '/home/guichen/Documents/drone-radar-fusion/install/interface/share/interface/hook/ld_library_path_lib.ps1'
[7.553s] INFO:colcon.colcon_core.shell:Creating environment descriptor '/home/guichen/Documents/drone-radar-fusion/install/interface/share/interface/hook/ld_library_path_lib.dsv'
[7.553s] INFO:colcon.colcon_core.shell:Creating environment hook '/home/guichen/Documents/drone-radar-fusion/install/interface/share/interface/hook/ld_library_path_lib.sh'
[7.554s] Level 1:colcon.colcon_core.environment:checking '/home/guichen/Documents/drone-radar-fusion/install/interface/bin'
[7.554s] Level 1:colcon.colcon_core.environment:checking '/home/guichen/Documents/drone-radar-fusion/install/interface/lib/pkgconfig/interface.pc'
[7.554s] Level 1:colcon.colcon_core.environment:checking '/home/guichen/Documents/drone-radar-fusion/install/interface/lib/python3.10/site-packages'
[7.555s] Level 1:colcon.colcon_core.environment:checking '/home/guichen/Documents/drone-radar-fusion/install/interface/bin'
[7.555s] INFO:colcon.colcon_core.shell:Creating package script '/home/guichen/Documents/drone-radar-fusion/install/interface/share/interface/package.ps1'
[7.556s] INFO:colcon.colcon_core.shell:Creating package descriptor '/home/guichen/Documents/drone-radar-fusion/install/interface/share/interface/package.dsv'
[7.557s] INFO:colcon.colcon_core.shell:Creating package script '/home/guichen/Documents/drone-radar-fusion/install/interface/share/interface/package.sh'
[7.558s] INFO:colcon.colcon_core.shell:Creating package script '/home/guichen/Documents/drone-radar-fusion/install/interface/share/interface/package.bash'
[7.558s] INFO:colcon.colcon_core.shell:Creating package script '/home/guichen/Documents/drone-radar-fusion/install/interface/share/interface/package.zsh'
[7.559s] Level 1:colcon.colcon_core.environment:create_file_with_runtime_dependencies(/home/guichen/Documents/drone-radar-fusion/install/interface/share/colcon-core/packages/interface)
[7.559s] INFO:colcon.colcon_ros.task.ament_cmake.build:Building ROS package in '/home/guichen/Documents/drone-radar-fusion/src/camera_vision' with build type 'ament_cmake'
[7.559s] INFO:colcon.colcon_cmake.task.cmake.build:Building CMake package in '/home/guichen/Documents/drone-radar-fusion/src/camera_vision'
[7.560s] INFO:colcon.colcon_core.shell:Skip shell extension 'powershell' for command environment: Not usable outside of PowerShell
[7.560s] DEBUG:colcon.colcon_core.shell:Skip shell extension 'dsv' for command environment
[7.574s] DEBUG:colcon.colcon_core.event_handler.log_command:Invoking command in '/home/guichen/Documents/drone-radar-fusion/build/camera_vision': AMENT_PREFIX_PATH=/home/guichen/Documents/drone-radar-fusion/install/interface:${AMENT_PREFIX_PATH} CMAKE_PREFIX_PATH=/home/guichen/Documents/drone-radar-fusion/install/interface:/opt/ros/humble LD_LIBRARY_PATH=/home/guichen/Documents/drone-radar-fusion/install/interface/lib:/opt/MVS/lib/64:/opt/MVS/lib/32:/opt/MVS/lib/64:/opt/MVS/lib/32:/opt/MVS/lib/64:/opt/MVS/lib/32:/usr/lib/x86_64-linux-gnu/gazebo-11/plugins:/opt/ros/humble/opt/rviz_ogre_vendor/lib:/opt/ros/humble/lib/x86_64-linux-gnu:/opt/ros/humble/lib:/opt/MVS/lib/64:/opt/MVS/lib/32:/opt/MVS/lib/64:/opt/MVS/lib/32:/opt/MVS/lib/64:/opt/MVS/lib/32 PYTHONPATH=/home/guichen/Documents/drone-radar-fusion/install/interface/local/lib/python3.10/dist-packages:${PYTHONPATH} /usr/bin/cmake /home/guichen/Documents/drone-radar-fusion/src/camera_vision -DAMENT_CMAKE_SYMLINK_INSTALL=1 -DCMAKE_INSTALL_PREFIX=/home/guichen/Documents/drone-radar-fusion/install/camera_vision
[8.353s] DEBUG:colcon.colcon_core.event_handler.log_command:Invoked command in '/home/guichen/Documents/drone-radar-fusion/build/hik_camera_ros2_driver' returned '0': CMAKE_PREFIX_PATH=/opt/ros/humble /usr/bin/cmake /home/guichen/Documents/drone-radar-fusion/src/hik_camera -DAMENT_CMAKE_SYMLINK_INSTALL=1 -DCMAKE_INSTALL_PREFIX=/home/guichen/Documents/drone-radar-fusion/install/hik_camera_ros2_driver
[8.355s] DEBUG:colcon.colcon_core.event_handler.log_command:Invoking command in '/home/guichen/Documents/drone-radar-fusion/build/hik_camera_ros2_driver': CMAKE_PREFIX_PATH=/opt/ros/humble /usr/bin/cmake --build /home/guichen/Documents/drone-radar-fusion/build/hik_camera_ros2_driver -- -j16 -l16
[9.115s] DEBUG:colcon.colcon_core.event_handler.log_command:Invoked command in '/home/guichen/Documents/drone-radar-fusion/build/camera_vision' returned '0': AMENT_PREFIX_PATH=/home/guichen/Documents/drone-radar-fusion/install/interface:${AMENT_PREFIX_PATH} CMAKE_PREFIX_PATH=/home/guichen/Documents/drone-radar-fusion/install/interface:/opt/ros/humble LD_LIBRARY_PATH=/home/guichen/Documents/drone-radar-fusion/install/interface/lib:/opt/MVS/lib/64:/opt/MVS/lib/32:/opt/MVS/lib/64:/opt/MVS/lib/32:/opt/MVS/lib/64:/opt/MVS/lib/32:/usr/lib/x86_64-linux-gnu/gazebo-11/plugins:/opt/ros/humble/opt/rviz_ogre_vendor/lib:/opt/ros/humble/lib/x86_64-linux-gnu:/opt/ros/humble/lib:/opt/MVS/lib/64:/opt/MVS/lib/32:/opt/MVS/lib/64:/opt/MVS/lib/32:/opt/MVS/lib/64:/opt/MVS/lib/32 PYTHONPATH=/home/guichen/Documents/drone-radar-fusion/install/interface/local/lib/python3.10/dist-packages:${PYTHONPATH} /usr/bin/cmake /home/guichen/Documents/drone-radar-fusion/src/camera_vision -DAMENT_CMAKE_SYMLINK_INSTALL=1 -DCMAKE_INSTALL_PREFIX=/home/guichen/Documents/drone-radar-fusion/install/camera_vision
[9.117s] DEBUG:colcon.colcon_core.event_handler.log_command:Invoking command in '/home/guichen/Documents/drone-radar-fusion/build/camera_vision': AMENT_PREFIX_PATH=/home/guichen/Documents/drone-radar-fusion/install/interface:${AMENT_PREFIX_PATH} CMAKE_PREFIX_PATH=/home/guichen/Documents/drone-radar-fusion/install/interface:/opt/ros/humble LD_LIBRARY_PATH=/home/guichen/Documents/drone-radar-fusion/install/interface/lib:/opt/MVS/lib/64:/opt/MVS/lib/32:/opt/MVS/lib/64:/opt/MVS/lib/32:/opt/MVS/lib/64:/opt/MVS/lib/32:/usr/lib/x86_64-linux-gnu/gazebo-11/plugins:/opt/ros/humble/opt/rviz_ogre_vendor/lib:/opt/ros/humble/lib/x86_64-linux-gnu:/opt/ros/humble/lib:/opt/MVS/lib/64:/opt/MVS/lib/32:/opt/MVS/lib/64:/opt/MVS/lib/32:/opt/MVS/lib/64:/opt/MVS/lib/32 PYTHONPATH=/home/guichen/Documents/drone-radar-fusion/install/interface/local/lib/python3.10/dist-packages:${PYTHONPATH} /usr/bin/cmake --build /home/guichen/Documents/drone-radar-fusion/build/camera_vision -- -j16 -l16
[12.153s] DEBUG:colcon.colcon_core.event_handler.log_command:Invoked command in '/home/guichen/Documents/drone-radar-fusion/build/livox_sdk_vendor' returned '0': CMAKE_PREFIX_PATH=/opt/ros/humble /usr/bin/cmake --build /home/guichen/Documents/drone-radar-fusion/build/livox_sdk_vendor -- -j16 -l16
[12.155s] DEBUG:colcon.colcon_core.event_handler.log_command:Invoking command in '/home/guichen/Documents/drone-radar-fusion/build/livox_sdk_vendor': CMAKE_PREFIX_PATH=/opt/ros/humble /usr/bin/cmake --install /home/guichen/Documents/drone-radar-fusion/build/livox_sdk_vendor
[12.285s] DEBUG:colcon.colcon_core.event_handler.log_command:Invoked command in '/home/guichen/Documents/drone-radar-fusion/build/hik_camera_ros2_driver' returned '0': CMAKE_PREFIX_PATH=/opt/ros/humble /usr/bin/cmake --build /home/guichen/Documents/drone-radar-fusion/build/hik_camera_ros2_driver -- -j16 -l16
[12.286s] DEBUG:colcon.colcon_core.event_handler.log_command:Invoking command in '/home/guichen/Documents/drone-radar-fusion/build/hik_camera_ros2_driver': CMAKE_PREFIX_PATH=/opt/ros/humble /usr/bin/cmake --install /home/guichen/Documents/drone-radar-fusion/build/hik_camera_ros2_driver
[12.295s] Level 1:colcon.colcon_core.environment:create_environment_scripts_only(livox_sdk_vendor)
[12.295s] Level 1:colcon.colcon_core.environment:checking '/home/guichen/Documents/drone-radar-fusion/install/livox_sdk_vendor' for CMake module files
[12.295s] DEBUG:colcon.colcon_core.event_handler.log_command:Invoked command in '/home/guichen/Documents/drone-radar-fusion/build/livox_sdk_vendor' returned '0': CMAKE_PREFIX_PATH=/opt/ros/humble /usr/bin/cmake --install /home/guichen/Documents/drone-radar-fusion/build/livox_sdk_vendor
[12.296s] Level 1:colcon.colcon_core.environment:checking '/home/guichen/Documents/drone-radar-fusion/install/livox_sdk_vendor' for CMake config files
[12.296s] Level 1:colcon.colcon_core.shell:create_environment_hook('livox_sdk_vendor', 'cmake_prefix_path')
[12.296s] INFO:colcon.colcon_core.shell:Creating environment hook '/home/guichen/Documents/drone-radar-fusion/install/livox_sdk_vendor/share/livox_sdk_vendor/hook/cmake_prefix_path.ps1'
[12.296s] INFO:colcon.colcon_core.shell:Creating environment descriptor '/home/guichen/Documents/drone-radar-fusion/install/livox_sdk_vendor/share/livox_sdk_vendor/hook/cmake_prefix_path.dsv'
[12.297s] INFO:colcon.colcon_core.shell:Creating environment hook '/home/guichen/Documents/drone-radar-fusion/install/livox_sdk_vendor/share/livox_sdk_vendor/hook/cmake_prefix_path.sh'
[12.297s] Level 1:colcon.colcon_core.environment:checking '/home/guichen/Documents/drone-radar-fusion/install/livox_sdk_vendor/lib'
[12.297s] Level 1:colcon.colcon_core.environment:checking '/home/guichen/Documents/drone-radar-fusion/install/livox_sdk_vendor/bin'
[12.297s] Level 1:colcon.colcon_core.environment:checking '/home/guichen/Documents/drone-radar-fusion/install/livox_sdk_vendor/lib/pkgconfig/livox_sdk_vendor.pc'
[12.297s] Level 1:colcon.colcon_core.environment:checking '/home/guichen/Documents/drone-radar-fusion/install/livox_sdk_vendor/lib/python3.10/site-packages'
[12.297s] Level 1:colcon.colcon_core.environment:checking '/home/guichen/Documents/drone-radar-fusion/install/livox_sdk_vendor/bin'
[12.298s] INFO:colcon.colcon_core.shell:Creating package script '/home/guichen/Documents/drone-radar-fusion/install/livox_sdk_vendor/share/livox_sdk_vendor/package.ps1'
[12.298s] INFO:colcon.colcon_core.shell:Creating package descriptor '/home/guichen/Documents/drone-radar-fusion/install/livox_sdk_vendor/share/livox_sdk_vendor/package.dsv'
[12.298s] INFO:colcon.colcon_core.shell:Creating package script '/home/guichen/Documents/drone-radar-fusion/install/livox_sdk_vendor/share/livox_sdk_vendor/package.sh'
[12.299s] INFO:colcon.colcon_core.shell:Creating package script '/home/guichen/Documents/drone-radar-fusion/install/livox_sdk_vendor/share/livox_sdk_vendor/package.bash'
[12.299s] INFO:colcon.colcon_core.shell:Creating package script '/home/guichen/Documents/drone-radar-fusion/install/livox_sdk_vendor/share/livox_sdk_vendor/package.zsh'
[12.299s] Level 1:colcon.colcon_core.environment:create_file_with_runtime_dependencies(/home/guichen/Documents/drone-radar-fusion/install/livox_sdk_vendor/share/colcon-core/packages/livox_sdk_vendor)
[12.299s] Level 1:colcon.colcon_core.environment:create_environment_scripts_only(livox_sdk_vendor)
[12.299s] Level 1:colcon.colcon_core.environment:checking '/home/guichen/Documents/drone-radar-fusion/install/livox_sdk_vendor' for CMake module files
[12.300s] Level 1:colcon.colcon_core.environment:checking '/home/guichen/Documents/drone-radar-fusion/install/livox_sdk_vendor' for CMake config files
[12.300s] Level 1:colcon.colcon_core.shell:create_environment_hook('livox_sdk_vendor', 'cmake_prefix_path')
[12.300s] INFO:colcon.colcon_core.shell:Creating environment hook '/home/guichen/Documents/drone-radar-fusion/install/livox_sdk_vendor/share/livox_sdk_vendor/hook/cmake_prefix_path.ps1'
[12.300s] INFO:colcon.colcon_core.shell:Creating environment descriptor '/home/guichen/Documents/drone-radar-fusion/install/livox_sdk_vendor/share/livox_sdk_vendor/hook/cmake_prefix_path.dsv'
[12.301s] INFO:colcon.colcon_core.shell:Creating environment hook '/home/guichen/Documents/drone-radar-fusion/install/livox_sdk_vendor/share/livox_sdk_vendor/hook/cmake_prefix_path.sh'
[12.301s] Level 1:colcon.colcon_core.environment:checking '/home/guichen/Documents/drone-radar-fusion/install/livox_sdk_vendor/lib'
[12.301s] Level 1:colcon.colcon_core.environment:checking '/home/guichen/Documents/drone-radar-fusion/install/livox_sdk_vendor/bin'
[12.301s] Level 1:colcon.colcon_core.environment:checking '/home/guichen/Documents/drone-radar-fusion/install/livox_sdk_vendor/lib/pkgconfig/livox_sdk_vendor.pc'
[12.301s] Level 1:colcon.colcon_core.environment:checking '/home/guichen/Documents/drone-radar-fusion/install/livox_sdk_vendor/lib/python3.10/site-packages'
[12.301s] Level 1:colcon.colcon_core.environment:checking '/home/guichen/Documents/drone-radar-fusion/install/livox_sdk_vendor/bin'
[12.302s] INFO:colcon.colcon_core.shell:Creating package script '/home/guichen/Documents/drone-radar-fusion/install/livox_sdk_vendor/share/livox_sdk_vendor/package.ps1'
[12.302s] INFO:colcon.colcon_core.shell:Creating package descriptor '/home/guichen/Documents/drone-radar-fusion/install/livox_sdk_vendor/share/livox_sdk_vendor/package.dsv'
[12.302s] INFO:colcon.colcon_core.shell:Creating package script '/home/guichen/Documents/drone-radar-fusion/install/livox_sdk_vendor/share/livox_sdk_vendor/package.sh'
[12.303s] INFO:colcon.colcon_core.shell:Creating package script '/home/guichen/Documents/drone-radar-fusion/install/livox_sdk_vendor/share/livox_sdk_vendor/package.bash'
[12.303s] INFO:colcon.colcon_core.shell:Creating package script '/home/guichen/Documents/drone-radar-fusion/install/livox_sdk_vendor/share/livox_sdk_vendor/package.zsh'
[12.303s] Level 1:colcon.colcon_core.environment:create_file_with_runtime_dependencies(/home/guichen/Documents/drone-radar-fusion/install/livox_sdk_vendor/share/colcon-core/packages/livox_sdk_vendor)
[12.303s] INFO:colcon.colcon_ros.task.ament_python.build:Building ROS package in '/home/guichen/Documents/drone-radar-fusion/src/camera_yolo' with build type 'ament_python'
[12.303s] Level 1:colcon.colcon_core.shell:create_environment_hook('camera_yolo', 'ament_prefix_path')
[12.304s] INFO:colcon.colcon_core.shell:Creating environment hook '/home/guichen/Documents/drone-radar-fusion/install/camera_yolo/share/camera_yolo/hook/ament_prefix_path.ps1'
[12.304s] INFO:colcon.colcon_core.shell:Creating environment descriptor '/home/guichen/Documents/drone-radar-fusion/install/camera_yolo/share/camera_yolo/hook/ament_prefix_path.dsv'
[12.305s] INFO:colcon.colcon_core.shell:Creating environment hook '/home/guichen/Documents/drone-radar-fusion/install/camera_yolo/share/camera_yolo/hook/ament_prefix_path.sh'
[12.305s] INFO:colcon.colcon_core.shell:Skip shell extension 'powershell' for command environment: Not usable outside of PowerShell
[12.305s] DEBUG:colcon.colcon_core.shell:Skip shell extension 'dsv' for command environment
[12.524s] INFO:colcon.colcon_core.task.python.build:Building Python package in '/home/guichen/Documents/drone-radar-fusion/src/camera_yolo'
[12.525s] INFO:colcon.colcon_core.shell:Skip shell extension 'powershell' for command environment: Not usable outside of PowerShell
[12.525s] DEBUG:colcon.colcon_core.shell:Skip shell extension 'dsv' for command environment
[12.527s] Level 1:colcon.colcon_core.environment:create_environment_scripts_only(hik_camera_ros2_driver)
[12.527s] Level 1:colcon.colcon_core.environment:checking '/home/guichen/Documents/drone-radar-fusion/install/hik_camera_ros2_driver' for CMake module files
[12.528s] DEBUG:colcon.colcon_core.event_handler.log_command:Invoked command in '/home/guichen/Documents/drone-radar-fusion/build/hik_camera_ros2_driver' returned '0': CMAKE_PREFIX_PATH=/opt/ros/humble /usr/bin/cmake --install /home/guichen/Documents/drone-radar-fusion/build/hik_camera_ros2_driver
[12.528s] Level 1:colcon.colcon_core.environment:checking '/home/guichen/Documents/drone-radar-fusion/install/hik_camera_ros2_driver' for CMake config files
[12.528s] Level 1:colcon.colcon_core.shell:create_environment_hook('hik_camera_ros2_driver', 'cmake_prefix_path')
[12.528s] INFO:colcon.colcon_core.shell:Creating environment hook '/home/guichen/Documents/drone-radar-fusion/install/hik_camera_ros2_driver/share/hik_camera_ros2_driver/hook/cmake_prefix_path.ps1'
[12.529s] INFO:colcon.colcon_core.shell:Creating environment descriptor '/home/guichen/Documents/drone-radar-fusion/install/hik_camera_ros2_driver/share/hik_camera_ros2_driver/hook/cmake_prefix_path.dsv'
[12.529s] INFO:colcon.colcon_core.shell:Creating environment hook '/home/guichen/Documents/drone-radar-fusion/install/hik_camera_ros2_driver/share/hik_camera_ros2_driver/hook/cmake_prefix_path.sh'
[12.529s] Level 1:colcon.colcon_core.environment:checking '/home/guichen/Documents/drone-radar-fusion/install/hik_camera_ros2_driver/lib'
[12.529s] Level 1:colcon.colcon_core.shell:create_environment_hook('hik_camera_ros2_driver', 'ld_library_path_lib')
[12.529s] INFO:colcon.colcon_core.shell:Creating environment hook '/home/guichen/Documents/drone-radar-fusion/install/hik_camera_ros2_driver/share/hik_camera_ros2_driver/hook/ld_library_path_lib.ps1'
[12.530s] INFO:colcon.colcon_core.shell:Creating environment descriptor '/home/guichen/Documents/drone-radar-fusion/install/hik_camera_ros2_driver/share/hik_camera_ros2_driver/hook/ld_library_path_lib.dsv'
[12.530s] INFO:colcon.colcon_core.shell:Creating environment hook '/home/guichen/Documents/drone-radar-fusion/install/hik_camera_ros2_driver/share/hik_camera_ros2_driver/hook/ld_library_path_lib.sh'
[12.530s] Level 1:colcon.colcon_core.environment:checking '/home/guichen/Documents/drone-radar-fusion/install/hik_camera_ros2_driver/bin'
[12.530s] Level 1:colcon.colcon_core.environment:checking '/home/guichen/Documents/drone-radar-fusion/install/hik_camera_ros2_driver/lib/pkgconfig/hik_camera_ros2_driver.pc'
[12.530s] Level 1:colcon.colcon_core.environment:checking '/home/guichen/Documents/drone-radar-fusion/install/hik_camera_ros2_driver/lib/python3.10/site-packages'
[12.530s] Level 1:colcon.colcon_core.environment:checking '/home/guichen/Documents/drone-radar-fusion/install/hik_camera_ros2_driver/bin'
[12.531s] INFO:colcon.colcon_core.shell:Creating package script '/home/guichen/Documents/drone-radar-fusion/install/hik_camera_ros2_driver/share/hik_camera_ros2_driver/package.ps1'
[12.531s] INFO:colcon.colcon_core.shell:Creating package descriptor '/home/guichen/Documents/drone-radar-fusion/install/hik_camera_ros2_driver/share/hik_camera_ros2_driver/package.dsv'
[12.531s] INFO:colcon.colcon_core.shell:Creating package script '/home/guichen/Documents/drone-radar-fusion/install/hik_camera_ros2_driver/share/hik_camera_ros2_driver/package.sh'
[12.531s] INFO:colcon.colcon_core.shell:Creating package script '/home/guichen/Documents/drone-radar-fusion/install/hik_camera_ros2_driver/share/hik_camera_ros2_driver/package.bash'
[12.532s] INFO:colcon.colcon_core.shell:Creating package script '/home/guichen/Documents/drone-radar-fusion/install/hik_camera_ros2_driver/share/hik_camera_ros2_driver/package.zsh'
[12.532s] Level 1:colcon.colcon_core.environment:create_file_with_runtime_dependencies(/home/guichen/Documents/drone-radar-fusion/install/hik_camera_ros2_driver/share/colcon-core/packages/hik_camera_ros2_driver)
[12.532s] Level 1:colcon.colcon_core.environment:create_environment_scripts_only(hik_camera_ros2_driver)
[12.532s] Level 1:colcon.colcon_core.environment:checking '/home/guichen/Documents/drone-radar-fusion/install/hik_camera_ros2_driver' for CMake module files
[12.533s] Level 1:colcon.colcon_core.environment:checking '/home/guichen/Documents/drone-radar-fusion/install/hik_camera_ros2_driver' for CMake config files
[12.533s] Level 1:colcon.colcon_core.shell:create_environment_hook('hik_camera_ros2_driver', 'cmake_prefix_path')
[12.533s] INFO:colcon.colcon_core.shell:Creating environment hook '/home/guichen/Documents/drone-radar-fusion/install/hik_camera_ros2_driver/share/hik_camera_ros2_driver/hook/cmake_prefix_path.ps1'
[12.533s] INFO:colcon.colcon_core.shell:Creating environment descriptor '/home/guichen/Documents/drone-radar-fusion/install/hik_camera_ros2_driver/share/hik_camera_ros2_driver/hook/cmake_prefix_path.dsv'
[12.534s] INFO:colcon.colcon_core.shell:Creating environment hook '/home/guichen/Documents/drone-radar-fusion/install/hik_camera_ros2_driver/share/hik_camera_ros2_driver/hook/cmake_prefix_path.sh'
[12.534s] Level 1:colcon.colcon_core.environment:checking '/home/guichen/Documents/drone-radar-fusion/install/hik_camera_ros2_driver/lib'
[12.534s] Level 1:colcon.colcon_core.shell:create_environment_hook('hik_camera_ros2_driver', 'ld_library_path_lib')
[12.534s] INFO:colcon.colcon_core.shell:Creating environment hook '/home/guichen/Documents/drone-radar-fusion/install/hik_camera_ros2_driver/share/hik_camera_ros2_driver/hook/ld_library_path_lib.ps1'
[12.534s] INFO:colcon.colcon_core.shell:Creating environment descriptor '/home/guichen/Documents/drone-radar-fusion/install/hik_camera_ros2_driver/share/hik_camera_ros2_driver/hook/ld_library_path_lib.dsv'
[12.534s] INFO:colcon.colcon_core.shell:Creating environment hook '/home/guichen/Documents/drone-radar-fusion/install/hik_camera_ros2_driver/share/hik_camera_ros2_driver/hook/ld_library_path_lib.sh'
[12.535s] Level 1:colcon.colcon_core.environment:checking '/home/guichen/Documents/drone-radar-fusion/install/hik_camera_ros2_driver/bin'
[12.535s] Level 1:colcon.colcon_core.environment:checking '/home/guichen/Documents/drone-radar-fusion/install/hik_camera_ros2_driver/lib/pkgconfig/hik_camera_ros2_driver.pc'
[12.535s] Level 1:colcon.colcon_core.environment:checking '/home/guichen/Documents/drone-radar-fusion/install/hik_camera_ros2_driver/lib/python3.10/site-packages'
[12.535s] Level 1:colcon.colcon_core.environment:checking '/home/guichen/Documents/drone-radar-fusion/install/hik_camera_ros2_driver/bin'
[12.535s] INFO:colcon.colcon_core.shell:Creating package script '/home/guichen/Documents/drone-radar-fusion/install/hik_camera_ros2_driver/share/hik_camera_ros2_driver/package.ps1'
[12.536s] INFO:colcon.colcon_core.shell:Creating package descriptor '/home/guichen/Documents/drone-radar-fusion/install/hik_camera_ros2_driver/share/hik_camera_ros2_driver/package.dsv'
[12.536s] INFO:colcon.colcon_core.shell:Creating package script '/home/guichen/Documents/drone-radar-fusion/install/hik_camera_ros2_driver/share/hik_camera_ros2_driver/package.sh'
[12.536s] INFO:colcon.colcon_core.shell:Creating package script '/home/guichen/Documents/drone-radar-fusion/install/hik_camera_ros2_driver/share/hik_camera_ros2_driver/package.bash'
[12.537s] INFO:colcon.colcon_core.shell:Creating package script '/home/guichen/Documents/drone-radar-fusion/install/hik_camera_ros2_driver/share/hik_camera_ros2_driver/package.zsh'
[12.537s] Level 1:colcon.colcon_core.environment:create_file_with_runtime_dependencies(/home/guichen/Documents/drone-radar-fusion/install/hik_camera_ros2_driver/share/colcon-core/packages/hik_camera_ros2_driver)
[12.537s] INFO:colcon.colcon_ros.task.ament_cmake.build:Building ROS package in '/home/guichen/Documents/drone-radar-fusion/src/fusion' with build type 'ament_cmake'
[12.537s] INFO:colcon.colcon_cmake.task.cmake.build:Building CMake package in '/home/guichen/Documents/drone-radar-fusion/src/fusion'
[12.537s] INFO:colcon.colcon_core.shell:Skip shell extension 'powershell' for command environment: Not usable outside of PowerShell
[12.538s] DEBUG:colcon.colcon_core.shell:Skip shell extension 'dsv' for command environment
[12.543s] DEBUG:colcon.colcon_core.event_handler.log_command:Invoking command in '/home/guichen/Documents/drone-radar-fusion/build/fusion': AMENT_PREFIX_PATH=/home/guichen/Documents/drone-radar-fusion/install/interface:${AMENT_PREFIX_PATH} CMAKE_PREFIX_PATH=/home/guichen/Documents/drone-radar-fusion/install/interface:/opt/ros/humble LD_LIBRARY_PATH=/home/guichen/Documents/drone-radar-fusion/install/interface/lib:/opt/MVS/lib/64:/opt/MVS/lib/32:/opt/MVS/lib/64:/opt/MVS/lib/32:/opt/MVS/lib/64:/opt/MVS/lib/32:/usr/lib/x86_64-linux-gnu/gazebo-11/plugins:/opt/ros/humble/opt/rviz_ogre_vendor/lib:/opt/ros/humble/lib/x86_64-linux-gnu:/opt/ros/humble/lib:/opt/MVS/lib/64:/opt/MVS/lib/32:/opt/MVS/lib/64:/opt/MVS/lib/32:/opt/MVS/lib/64:/opt/MVS/lib/32 PYTHONPATH=/home/guichen/Documents/drone-radar-fusion/install/interface/local/lib/python3.10/dist-packages:${PYTHONPATH} /usr/bin/cmake /home/guichen/Documents/drone-radar-fusion/src/fusion -DAMENT_CMAKE_SYMLINK_INSTALL=1 -DCMAKE_INSTALL_PREFIX=/home/guichen/Documents/drone-radar-fusion/install/fusion
[12.850s] DEBUG:colcon.colcon_core.event_handler.log_command:Invoking command in '/home/guichen/Documents/drone-radar-fusion/build/camera_yolo': AMENT_PREFIX_PATH=/home/guichen/Documents/drone-radar-fusion/install/interface:${AMENT_PREFIX_PATH} CMAKE_PREFIX_PATH=/home/guichen/Documents/drone-radar-fusion/install/interface LD_LIBRARY_PATH=/home/guichen/Documents/drone-radar-fusion/install/interface/lib:/opt/MVS/lib/64:/opt/MVS/lib/32:/opt/MVS/lib/64:/opt/MVS/lib/32:/opt/MVS/lib/64:/opt/MVS/lib/32:/usr/lib/x86_64-linux-gnu/gazebo-11/plugins:/opt/ros/humble/opt/rviz_ogre_vendor/lib:/opt/ros/humble/lib/x86_64-linux-gnu:/opt/ros/humble/lib:/opt/MVS/lib/64:/opt/MVS/lib/32:/opt/MVS/lib/64:/opt/MVS/lib/32:/opt/MVS/lib/64:/opt/MVS/lib/32 PYTHONPATH=/home/guichen/Documents/drone-radar-fusion/build/camera_yolo/prefix_override:/usr/lib/python3/dist-packages/colcon_core/task/python/colcon_distutils_commands:/home/guichen/Documents/drone-radar-fusion/install/camera_yolo/lib/python3.10/site-packages:/home/guichen/Documents/drone-radar-fusion/install/interface/local/lib/python3.10/dist-packages:${PYTHONPATH} /usr/bin/python3 -W ignore:setup.py install is deprecated -W ignore:easy_install command is deprecated setup.py develop --editable --build-directory /home/guichen/Documents/drone-radar-fusion/build/camera_yolo/build --no-deps symlink_data
[13.179s] Level 1:colcon.colcon_core.shell:create_environment_hook('camera_yolo', 'pythonpath_develop')
[13.180s] INFO:colcon.colcon_core.shell:Creating environment hook '/home/guichen/Documents/drone-radar-fusion/build/camera_yolo/share/camera_yolo/hook/pythonpath_develop.ps1'
[13.180s] DEBUG:colcon.colcon_core.event_handler.log_command:Invoked command in '/home/guichen/Documents/drone-radar-fusion/build/camera_yolo' returned '0': AMENT_PREFIX_PATH=/home/guichen/Documents/drone-radar-fusion/install/interface:${AMENT_PREFIX_PATH} CMAKE_PREFIX_PATH=/home/guichen/Documents/drone-radar-fusion/install/interface LD_LIBRARY_PATH=/home/guichen/Documents/drone-radar-fusion/install/interface/lib:/opt/MVS/lib/64:/opt/MVS/lib/32:/opt/MVS/lib/64:/opt/MVS/lib/32:/opt/MVS/lib/64:/opt/MVS/lib/32:/usr/lib/x86_64-linux-gnu/gazebo-11/plugins:/opt/ros/humble/opt/rviz_ogre_vendor/lib:/opt/ros/humble/lib/x86_64-linux-gnu:/opt/ros/humble/lib:/opt/MVS/lib/64:/opt/MVS/lib/32:/opt/MVS/lib/64:/opt/MVS/lib/32:/opt/MVS/lib/64:/opt/MVS/lib/32 PYTHONPATH=/home/guichen/Documents/drone-radar-fusion/build/camera_yolo/prefix_override:/usr/lib/python3/dist-packages/colcon_core/task/python/colcon_distutils_commands:/home/guichen/Documents/drone-radar-fusion/install/camera_yolo/lib/python3.10/site-packages:/home/guichen/Documents/drone-radar-fusion/install/interface/local/lib/python3.10/dist-packages:${PYTHONPATH} /usr/bin/python3 -W ignore:setup.py install is deprecated -W ignore:easy_install command is deprecated setup.py develop --editable --build-directory /home/guichen/Documents/drone-radar-fusion/build/camera_yolo/build --no-deps symlink_data
[13.180s] INFO:colcon.colcon_core.shell:Creating environment descriptor '/home/guichen/Documents/drone-radar-fusion/build/camera_yolo/share/camera_yolo/hook/pythonpath_develop.dsv'
[13.181s] INFO:colcon.colcon_core.shell:Creating environment hook '/home/guichen/Documents/drone-radar-fusion/build/camera_yolo/share/camera_yolo/hook/pythonpath_develop.sh'
[13.181s] Level 1:colcon.colcon_core.environment:checking '/home/guichen/Documents/drone-radar-fusion/install/camera_yolo' for CMake module files
[13.181s] Level 1:colcon.colcon_core.environment:checking '/home/guichen/Documents/drone-radar-fusion/install/camera_yolo' for CMake config files
[13.182s] Level 1:colcon.colcon_core.environment:checking '/home/guichen/Documents/drone-radar-fusion/install/camera_yolo/lib'
[13.182s] Level 1:colcon.colcon_core.environment:checking '/home/guichen/Documents/drone-radar-fusion/install/camera_yolo/bin'
[13.182s] Level 1:colcon.colcon_core.environment:checking '/home/guichen/Documents/drone-radar-fusion/install/camera_yolo/lib/pkgconfig/camera_yolo.pc'
[13.182s] Level 1:colcon.colcon_core.environment:checking '/home/guichen/Documents/drone-radar-fusion/install/camera_yolo/lib/python3.10/site-packages'
[13.182s] Level 1:colcon.colcon_core.shell:create_environment_hook('camera_yolo', 'pythonpath')
[13.182s] INFO:colcon.colcon_core.shell:Creating environment hook '/home/guichen/Documents/drone-radar-fusion/install/camera_yolo/share/camera_yolo/hook/pythonpath.ps1'
[13.182s] INFO:colcon.colcon_core.shell:Creating environment descriptor '/home/guichen/Documents/drone-radar-fusion/install/camera_yolo/share/camera_yolo/hook/pythonpath.dsv'
[13.183s] INFO:colcon.colcon_core.shell:Creating environment hook '/home/guichen/Documents/drone-radar-fusion/install/camera_yolo/share/camera_yolo/hook/pythonpath.sh'
[13.183s] Level 1:colcon.colcon_core.environment:checking '/home/guichen/Documents/drone-radar-fusion/install/camera_yolo/bin'
[13.183s] Level 1:colcon.colcon_core.environment:create_environment_scripts_only(camera_yolo)
[13.184s] INFO:colcon.colcon_core.shell:Creating package script '/home/guichen/Documents/drone-radar-fusion/install/camera_yolo/share/camera_yolo/package.ps1'
[13.185s] INFO:colcon.colcon_core.shell:Creating package descriptor '/home/guichen/Documents/drone-radar-fusion/install/camera_yolo/share/camera_yolo/package.dsv'
[13.185s] INFO:colcon.colcon_core.shell:Creating package script '/home/guichen/Documents/drone-radar-fusion/install/camera_yolo/share/camera_yolo/package.sh'
[13.185s] INFO:colcon.colcon_core.shell:Creating package script '/home/guichen/Documents/drone-radar-fusion/install/camera_yolo/share/camera_yolo/package.bash'
[13.186s] INFO:colcon.colcon_core.shell:Creating package script '/home/guichen/Documents/drone-radar-fusion/install/camera_yolo/share/camera_yolo/package.zsh'
[13.186s] Level 1:colcon.colcon_core.environment:create_file_with_runtime_dependencies(/home/guichen/Documents/drone-radar-fusion/install/camera_yolo/share/colcon-core/packages/camera_yolo)
[13.186s] INFO:colcon.colcon_ros.task.ament_cmake.build:Building ROS package in '/home/guichen/Documents/drone-radar-fusion/src/livox_driver/livox_ros2_avia' with build type 'ament_cmake'
[13.186s] INFO:colcon.colcon_cmake.task.cmake.build:Building CMake package in '/home/guichen/Documents/drone-radar-fusion/src/livox_driver/livox_ros2_avia'
[13.186s] INFO:colcon.colcon_core.shell:Skip shell extension 'powershell' for command environment: Not usable outside of PowerShell
[13.186s] DEBUG:colcon.colcon_core.shell:Skip shell extension 'dsv' for command environment
[13.195s] DEBUG:colcon.colcon_core.event_handler.log_command:Invoking command in '/home/guichen/Documents/drone-radar-fusion/build/livox_ros2_avia': AMENT_PREFIX_PATH=/home/guichen/Documents/drone-radar-fusion/install/livox_sdk_vendor:/home/guichen/Documents/drone-radar-fusion/install/livox_interfaces:${AMENT_PREFIX_PATH} CMAKE_PREFIX_PATH=/home/guichen/Documents/drone-radar-fusion/install/livox_sdk_vendor:/home/guichen/Documents/drone-radar-fusion/install/livox_interfaces:/opt/ros/humble LD_LIBRARY_PATH=/home/guichen/Documents/drone-radar-fusion/install/livox_interfaces/lib:/opt/MVS/lib/64:/opt/MVS/lib/32:/opt/MVS/lib/64:/opt/MVS/lib/32:/opt/MVS/lib/64:/opt/MVS/lib/32:/usr/lib/x86_64-linux-gnu/gazebo-11/plugins:/opt/ros/humble/opt/rviz_ogre_vendor/lib:/opt/ros/humble/lib/x86_64-linux-gnu:/opt/ros/humble/lib:/opt/MVS/lib/64:/opt/MVS/lib/32:/opt/MVS/lib/64:/opt/MVS/lib/32:/opt/MVS/lib/64:/opt/MVS/lib/32 PYTHONPATH=/home/guichen/Documents/drone-radar-fusion/install/livox_interfaces/local/lib/python3.10/dist-packages:${PYTHONPATH} /usr/bin/cmake /home/guichen/Documents/drone-radar-fusion/src/livox_driver/livox_ros2_avia -DAMENT_CMAKE_SYMLINK_INSTALL=1 -DCMAKE_INSTALL_PREFIX=/home/guichen/Documents/drone-radar-fusion/install/livox_ros2_avia
[15.294s] DEBUG:colcon.colcon_core.event_handler.log_command:Invoked command in '/home/guichen/Documents/drone-radar-fusion/build/fusion' returned '0': AMENT_PREFIX_PATH=/home/guichen/Documents/drone-radar-fusion/install/interface:${AMENT_PREFIX_PATH} CMAKE_PREFIX_PATH=/home/guichen/Documents/drone-radar-fusion/install/interface:/opt/ros/humble LD_LIBRARY_PATH=/home/guichen/Documents/drone-radar-fusion/install/interface/lib:/opt/MVS/lib/64:/opt/MVS/lib/32:/opt/MVS/lib/64:/opt/MVS/lib/32:/opt/MVS/lib/64:/opt/MVS/lib/32:/usr/lib/x86_64-linux-gnu/gazebo-11/plugins:/opt/ros/humble/opt/rviz_ogre_vendor/lib:/opt/ros/humble/lib/x86_64-linux-gnu:/opt/ros/humble/lib:/opt/MVS/lib/64:/opt/MVS/lib/32:/opt/MVS/lib/64:/opt/MVS/lib/32:/opt/MVS/lib/64:/opt/MVS/lib/32 PYTHONPATH=/home/guichen/Documents/drone-radar-fusion/install/interface/local/lib/python3.10/dist-packages:${PYTHONPATH} /usr/bin/cmake /home/guichen/Documents/drone-radar-fusion/src/fusion -DAMENT_CMAKE_SYMLINK_INSTALL=1 -DCMAKE_INSTALL_PREFIX=/home/guichen/Documents/drone-radar-fusion/install/fusion
[15.295s] DEBUG:colcon.colcon_core.event_handler.log_command:Invoking command in '/home/guichen/Documents/drone-radar-fusion/build/fusion': AMENT_PREFIX_PATH=/home/guichen/Documents/drone-radar-fusion/install/interface:${AMENT_PREFIX_PATH} CMAKE_PREFIX_PATH=/home/guichen/Documents/drone-radar-fusion/install/interface:/opt/ros/humble LD_LIBRARY_PATH=/home/guichen/Documents/drone-radar-fusion/install/interface/lib:/opt/MVS/lib/64:/opt/MVS/lib/32:/opt/MVS/lib/64:/opt/MVS/lib/32:/opt/MVS/lib/64:/opt/MVS/lib/32:/usr/lib/x86_64-linux-gnu/gazebo-11/plugins:/opt/ros/humble/opt/rviz_ogre_vendor/lib:/opt/ros/humble/lib/x86_64-linux-gnu:/opt/ros/humble/lib:/opt/MVS/lib/64:/opt/MVS/lib/32:/opt/MVS/lib/64:/opt/MVS/lib/32:/opt/MVS/lib/64:/opt/MVS/lib/32 PYTHONPATH=/home/guichen/Documents/drone-radar-fusion/install/interface/local/lib/python3.10/dist-packages:${PYTHONPATH} /usr/bin/cmake --build /home/guichen/Documents/drone-radar-fusion/build/fusion -- -j16 -l16
[15.567s] DEBUG:colcon.colcon_core.event_handler.log_command:Invoked command in '/home/guichen/Documents/drone-radar-fusion/build/livox_ros2_avia' returned '0': AMENT_PREFIX_PATH=/home/guichen/Documents/drone-radar-fusion/install/livox_sdk_vendor:/home/guichen/Documents/drone-radar-fusion/install/livox_interfaces:${AMENT_PREFIX_PATH} CMAKE_PREFIX_PATH=/home/guichen/Documents/drone-radar-fusion/install/livox_sdk_vendor:/home/guichen/Documents/drone-radar-fusion/install/livox_interfaces:/opt/ros/humble LD_LIBRARY_PATH=/home/guichen/Documents/drone-radar-fusion/install/livox_interfaces/lib:/opt/MVS/lib/64:/opt/MVS/lib/32:/opt/MVS/lib/64:/opt/MVS/lib/32:/opt/MVS/lib/64:/opt/MVS/lib/32:/usr/lib/x86_64-linux-gnu/gazebo-11/plugins:/opt/ros/humble/opt/rviz_ogre_vendor/lib:/opt/ros/humble/lib/x86_64-linux-gnu:/opt/ros/humble/lib:/opt/MVS/lib/64:/opt/MVS/lib/32:/opt/MVS/lib/64:/opt/MVS/lib/32:/opt/MVS/lib/64:/opt/MVS/lib/32 PYTHONPATH=/home/guichen/Documents/drone-radar-fusion/install/livox_interfaces/local/lib/python3.10/dist-packages:${PYTHONPATH} /usr/bin/cmake /home/guichen/Documents/drone-radar-fusion/src/livox_driver/livox_ros2_avia -DAMENT_CMAKE_SYMLINK_INSTALL=1 -DCMAKE_INSTALL_PREFIX=/home/guichen/Documents/drone-radar-fusion/install/livox_ros2_avia
[15.569s] DEBUG:colcon.colcon_core.event_handler.log_command:Invoking command in '/home/guichen/Documents/drone-radar-fusion/build/livox_ros2_avia': AMENT_PREFIX_PATH=/home/guichen/Documents/drone-radar-fusion/install/livox_sdk_vendor:/home/guichen/Documents/drone-radar-fusion/install/livox_interfaces:${AMENT_PREFIX_PATH} CMAKE_PREFIX_PATH=/home/guichen/Documents/drone-radar-fusion/install/livox_sdk_vendor:/home/guichen/Documents/drone-radar-fusion/install/livox_interfaces:/opt/ros/humble LD_LIBRARY_PATH=/home/guichen/Documents/drone-radar-fusion/install/livox_interfaces/lib:/opt/MVS/lib/64:/opt/MVS/lib/32:/opt/MVS/lib/64:/opt/MVS/lib/32:/opt/MVS/lib/64:/opt/MVS/lib/32:/usr/lib/x86_64-linux-gnu/gazebo-11/plugins:/opt/ros/humble/opt/rviz_ogre_vendor/lib:/opt/ros/humble/lib/x86_64-linux-gnu:/opt/ros/humble/lib:/opt/MVS/lib/64:/opt/MVS/lib/32:/opt/MVS/lib/64:/opt/MVS/lib/32:/opt/MVS/lib/64:/opt/MVS/lib/32 PYTHONPATH=/home/guichen/Documents/drone-radar-fusion/install/livox_interfaces/local/lib/python3.10/dist-packages:${PYTHONPATH} /usr/bin/cmake --build /home/guichen/Documents/drone-radar-fusion/build/livox_ros2_avia -- -j16 -l16
[22.477s] DEBUG:colcon.colcon_core.event_handler.log_command:Invoked command in '/home/guichen/Documents/drone-radar-fusion/build/camera_vision' returned '0': AMENT_PREFIX_PATH=/home/guichen/Documents/drone-radar-fusion/install/interface:${AMENT_PREFIX_PATH} CMAKE_PREFIX_PATH=/home/guichen/Documents/drone-radar-fusion/install/interface:/opt/ros/humble LD_LIBRARY_PATH=/home/guichen/Documents/drone-radar-fusion/install/interface/lib:/opt/MVS/lib/64:/opt/MVS/lib/32:/opt/MVS/lib/64:/opt/MVS/lib/32:/opt/MVS/lib/64:/opt/MVS/lib/32:/usr/lib/x86_64-linux-gnu/gazebo-11/plugins:/opt/ros/humble/opt/rviz_ogre_vendor/lib:/opt/ros/humble/lib/x86_64-linux-gnu:/opt/ros/humble/lib:/opt/MVS/lib/64:/opt/MVS/lib/32:/opt/MVS/lib/64:/opt/MVS/lib/32:/opt/MVS/lib/64:/opt/MVS/lib/32 PYTHONPATH=/home/guichen/Documents/drone-radar-fusion/install/interface/local/lib/python3.10/dist-packages:${PYTHONPATH} /usr/bin/cmake --build /home/guichen/Documents/drone-radar-fusion/build/camera_vision -- -j16 -l16
[22.478s] DEBUG:colcon.colcon_core.event_handler.log_command:Invoking command in '/home/guichen/Documents/drone-radar-fusion/build/camera_vision': AMENT_PREFIX_PATH=/home/guichen/Documents/drone-radar-fusion/install/interface:${AMENT_PREFIX_PATH} CMAKE_PREFIX_PATH=/home/guichen/Documents/drone-radar-fusion/install/interface:/opt/ros/humble LD_LIBRARY_PATH=/home/guichen/Documents/drone-radar-fusion/install/interface/lib:/opt/MVS/lib/64:/opt/MVS/lib/32:/opt/MVS/lib/64:/opt/MVS/lib/32:/opt/MVS/lib/64:/opt/MVS/lib/32:/usr/lib/x86_64-linux-gnu/gazebo-11/plugins:/opt/ros/humble/opt/rviz_ogre_vendor/lib:/opt/ros/humble/lib/x86_64-linux-gnu:/opt/ros/humble/lib:/opt/MVS/lib/64:/opt/MVS/lib/32:/opt/MVS/lib/64:/opt/MVS/lib/32:/opt/MVS/lib/64:/opt/MVS/lib/32 PYTHONPATH=/home/guichen/Documents/drone-radar-fusion/install/interface/local/lib/python3.10/dist-packages:${PYTHONPATH} /usr/bin/cmake --install /home/guichen/Documents/drone-radar-fusion/build/camera_vision
[22.594s] Level 1:colcon.colcon_core.environment:create_environment_scripts_only(camera_vision)
[22.595s] Level 1:colcon.colcon_core.environment:checking '/home/guichen/Documents/drone-radar-fusion/install/camera_vision' for CMake module files
[22.595s] DEBUG:colcon.colcon_core.event_handler.log_command:Invoked command in '/home/guichen/Documents/drone-radar-fusion/build/camera_vision' returned '0': AMENT_PREFIX_PATH=/home/guichen/Documents/drone-radar-fusion/install/interface:${AMENT_PREFIX_PATH} CMAKE_PREFIX_PATH=/home/guichen/Documents/drone-radar-fusion/install/interface:/opt/ros/humble LD_LIBRARY_PATH=/home/guichen/Documents/drone-radar-fusion/install/interface/lib:/opt/MVS/lib/64:/opt/MVS/lib/32:/opt/MVS/lib/64:/opt/MVS/lib/32:/opt/MVS/lib/64:/opt/MVS/lib/32:/usr/lib/x86_64-linux-gnu/gazebo-11/plugins:/opt/ros/humble/opt/rviz_ogre_vendor/lib:/opt/ros/humble/lib/x86_64-linux-gnu:/opt/ros/humble/lib:/opt/MVS/lib/64:/opt/MVS/lib/32:/opt/MVS/lib/64:/opt/MVS/lib/32:/opt/MVS/lib/64:/opt/MVS/lib/32 PYTHONPATH=/home/guichen/Documents/drone-radar-fusion/install/interface/local/lib/python3.10/dist-packages:${PYTHONPATH} /usr/bin/cmake --install /home/guichen/Documents/drone-radar-fusion/build/camera_vision
[22.596s] Level 1:colcon.colcon_core.environment:checking '/home/guichen/Documents/drone-radar-fusion/install/camera_vision' for CMake config files
[22.596s] Level 1:colcon.colcon_core.shell:create_environment_hook('camera_vision', 'cmake_prefix_path')
[22.596s] INFO:colcon.colcon_core.shell:Creating environment hook '/home/guichen/Documents/drone-radar-fusion/install/camera_vision/share/camera_vision/hook/cmake_prefix_path.ps1'
[22.596s] INFO:colcon.colcon_core.shell:Creating environment descriptor '/home/guichen/Documents/drone-radar-fusion/install/camera_vision/share/camera_vision/hook/cmake_prefix_path.dsv'
[22.597s] INFO:colcon.colcon_core.shell:Creating environment hook '/home/guichen/Documents/drone-radar-fusion/install/camera_vision/share/camera_vision/hook/cmake_prefix_path.sh'
[22.597s] Level 1:colcon.colcon_core.environment:checking '/home/guichen/Documents/drone-radar-fusion/install/camera_vision/lib'
[22.597s] Level 1:colcon.colcon_core.environment:checking '/home/guichen/Documents/drone-radar-fusion/install/camera_vision/bin'
[22.597s] Level 1:colcon.colcon_core.environment:checking '/home/guichen/Documents/drone-radar-fusion/install/camera_vision/lib/pkgconfig/camera_vision.pc'
[22.597s] Level 1:colcon.colcon_core.environment:checking '/home/guichen/Documents/drone-radar-fusion/install/camera_vision/lib/python3.10/site-packages'
[22.598s] Level 1:colcon.colcon_core.environment:checking '/home/guichen/Documents/drone-radar-fusion/install/camera_vision/bin'
[22.598s] INFO:colcon.colcon_core.shell:Creating package script '/home/guichen/Documents/drone-radar-fusion/install/camera_vision/share/camera_vision/package.ps1'
[22.598s] INFO:colcon.colcon_core.shell:Creating package descriptor '/home/guichen/Documents/drone-radar-fusion/install/camera_vision/share/camera_vision/package.dsv'
[22.598s] INFO:colcon.colcon_core.shell:Creating package script '/home/guichen/Documents/drone-radar-fusion/install/camera_vision/share/camera_vision/package.sh'
[22.599s] INFO:colcon.colcon_core.shell:Creating package script '/home/guichen/Documents/drone-radar-fusion/install/camera_vision/share/camera_vision/package.bash'
[22.599s] INFO:colcon.colcon_core.shell:Creating package script '/home/guichen/Documents/drone-radar-fusion/install/camera_vision/share/camera_vision/package.zsh'
[22.599s] Level 1:colcon.colcon_core.environment:create_file_with_runtime_dependencies(/home/guichen/Documents/drone-radar-fusion/install/camera_vision/share/colcon-core/packages/camera_vision)
[22.599s] Level 1:colcon.colcon_core.environment:create_environment_scripts_only(camera_vision)
[22.600s] Level 1:colcon.colcon_core.environment:checking '/home/guichen/Documents/drone-radar-fusion/install/camera_vision' for CMake module files
[22.600s] Level 1:colcon.colcon_core.environment:checking '/home/guichen/Documents/drone-radar-fusion/install/camera_vision' for CMake config files
[22.600s] Level 1:colcon.colcon_core.shell:create_environment_hook('camera_vision', 'cmake_prefix_path')
[22.600s] INFO:colcon.colcon_core.shell:Creating environment hook '/home/guichen/Documents/drone-radar-fusion/install/camera_vision/share/camera_vision/hook/cmake_prefix_path.ps1'
[22.601s] INFO:colcon.colcon_core.shell:Creating environment descriptor '/home/guichen/Documents/drone-radar-fusion/install/camera_vision/share/camera_vision/hook/cmake_prefix_path.dsv'
[22.601s] INFO:colcon.colcon_core.shell:Creating environment hook '/home/guichen/Documents/drone-radar-fusion/install/camera_vision/share/camera_vision/hook/cmake_prefix_path.sh'
[22.601s] Level 1:colcon.colcon_core.environment:checking '/home/guichen/Documents/drone-radar-fusion/install/camera_vision/lib'
[22.601s] Level 1:colcon.colcon_core.environment:checking '/home/guichen/Documents/drone-radar-fusion/install/camera_vision/bin'
[22.602s] Level 1:colcon.colcon_core.environment:checking '/home/guichen/Documents/drone-radar-fusion/install/camera_vision/lib/pkgconfig/camera_vision.pc'
[22.602s] Level 1:colcon.colcon_core.environment:checking '/home/guichen/Documents/drone-radar-fusion/install/camera_vision/lib/python3.10/site-packages'
[22.602s] Level 1:colcon.colcon_core.environment:checking '/home/guichen/Documents/drone-radar-fusion/install/camera_vision/bin'
[22.602s] INFO:colcon.colcon_core.shell:Creating package script '/home/guichen/Documents/drone-radar-fusion/install/camera_vision/share/camera_vision/package.ps1'
[22.603s] INFO:colcon.colcon_core.shell:Creating package descriptor '/home/guichen/Documents/drone-radar-fusion/install/camera_vision/share/camera_vision/package.dsv'
[22.603s] INFO:colcon.colcon_core.shell:Creating package script '/home/guichen/Documents/drone-radar-fusion/install/camera_vision/share/camera_vision/package.sh'
[22.603s] INFO:colcon.colcon_core.shell:Creating package script '/home/guichen/Documents/drone-radar-fusion/install/camera_vision/share/camera_vision/package.bash'
[22.603s] INFO:colcon.colcon_core.shell:Creating package script '/home/guichen/Documents/drone-radar-fusion/install/camera_vision/share/camera_vision/package.zsh'
[22.603s] Level 1:colcon.colcon_core.environment:create_file_with_runtime_dependencies(/home/guichen/Documents/drone-radar-fusion/install/camera_vision/share/colcon-core/packages/camera_vision)
[22.604s] INFO:colcon.colcon_ros.task.ament_cmake.build:Building ROS package in '/home/guichen/Documents/drone-radar-fusion/src/radar' with build type 'ament_cmake'
[22.604s] INFO:colcon.colcon_cmake.task.cmake.build:Building CMake package in '/home/guichen/Documents/drone-radar-fusion/src/radar'
[22.604s] INFO:colcon.colcon_core.shell:Skip shell extension 'powershell' for command environment: Not usable outside of PowerShell
[22.604s] DEBUG:colcon.colcon_core.shell:Skip shell extension 'dsv' for command environment
[22.611s] DEBUG:colcon.colcon_core.event_handler.log_command:Invoking command in '/home/guichen/Documents/drone-radar-fusion/build/radar': AMENT_PREFIX_PATH=/home/guichen/Documents/drone-radar-fusion/install/interface:${AMENT_PREFIX_PATH} CMAKE_PREFIX_PATH=/home/guichen/Documents/drone-radar-fusion/install/interface:/opt/ros/humble LD_LIBRARY_PATH=/home/guichen/Documents/drone-radar-fusion/install/interface/lib:/opt/MVS/lib/64:/opt/MVS/lib/32:/opt/MVS/lib/64:/opt/MVS/lib/32:/opt/MVS/lib/64:/opt/MVS/lib/32:/usr/lib/x86_64-linux-gnu/gazebo-11/plugins:/opt/ros/humble/opt/rviz_ogre_vendor/lib:/opt/ros/humble/lib/x86_64-linux-gnu:/opt/ros/humble/lib:/opt/MVS/lib/64:/opt/MVS/lib/32:/opt/MVS/lib/64:/opt/MVS/lib/32:/opt/MVS/lib/64:/opt/MVS/lib/32 PYTHONPATH=/home/guichen/Documents/drone-radar-fusion/install/interface/local/lib/python3.10/dist-packages:${PYTHONPATH} /usr/bin/cmake /home/guichen/Documents/drone-radar-fusion/src/radar -DAMENT_CMAKE_SYMLINK_INSTALL=1 -DCMAKE_INSTALL_PREFIX=/home/guichen/Documents/drone-radar-fusion/install/radar
[24.089s] DEBUG:colcon.colcon_core.event_handler.log_command:Invoked command in '/home/guichen/Documents/drone-radar-fusion/build/livox_ros2_avia' returned '0': AMENT_PREFIX_PATH=/home/guichen/Documents/drone-radar-fusion/install/livox_sdk_vendor:/home/guichen/Documents/drone-radar-fusion/install/livox_interfaces:${AMENT_PREFIX_PATH} CMAKE_PREFIX_PATH=/home/guichen/Documents/drone-radar-fusion/install/livox_sdk_vendor:/home/guichen/Documents/drone-radar-fusion/install/livox_interfaces:/opt/ros/humble LD_LIBRARY_PATH=/home/guichen/Documents/drone-radar-fusion/install/livox_interfaces/lib:/opt/MVS/lib/64:/opt/MVS/lib/32:/opt/MVS/lib/64:/opt/MVS/lib/32:/opt/MVS/lib/64:/opt/MVS/lib/32:/usr/lib/x86_64-linux-gnu/gazebo-11/plugins:/opt/ros/humble/opt/rviz_ogre_vendor/lib:/opt/ros/humble/lib/x86_64-linux-gnu:/opt/ros/humble/lib:/opt/MVS/lib/64:/opt/MVS/lib/32:/opt/MVS/lib/64:/opt/MVS/lib/32:/opt/MVS/lib/64:/opt/MVS/lib/32 PYTHONPATH=/home/guichen/Documents/drone-radar-fusion/install/livox_interfaces/local/lib/python3.10/dist-packages:${PYTHONPATH} /usr/bin/cmake --build /home/guichen/Documents/drone-radar-fusion/build/livox_ros2_avia -- -j16 -l16
[24.091s] DEBUG:colcon.colcon_core.event_handler.log_command:Invoking command in '/home/guichen/Documents/drone-radar-fusion/build/livox_ros2_avia': AMENT_PREFIX_PATH=/home/guichen/Documents/drone-radar-fusion/install/livox_sdk_vendor:/home/guichen/Documents/drone-radar-fusion/install/livox_interfaces:${AMENT_PREFIX_PATH} CMAKE_PREFIX_PATH=/home/guichen/Documents/drone-radar-fusion/install/livox_sdk_vendor:/home/guichen/Documents/drone-radar-fusion/install/livox_interfaces:/opt/ros/humble LD_LIBRARY_PATH=/home/guichen/Documents/drone-radar-fusion/install/livox_interfaces/lib:/opt/MVS/lib/64:/opt/MVS/lib/32:/opt/MVS/lib/64:/opt/MVS/lib/32:/opt/MVS/lib/64:/opt/MVS/lib/32:/usr/lib/x86_64-linux-gnu/gazebo-11/plugins:/opt/ros/humble/opt/rviz_ogre_vendor/lib:/opt/ros/humble/lib/x86_64-linux-gnu:/opt/ros/humble/lib:/opt/MVS/lib/64:/opt/MVS/lib/32:/opt/MVS/lib/64:/opt/MVS/lib/32:/opt/MVS/lib/64:/opt/MVS/lib/32 PYTHONPATH=/home/guichen/Documents/drone-radar-fusion/install/livox_interfaces/local/lib/python3.10/dist-packages:${PYTHONPATH} /usr/bin/cmake --install /home/guichen/Documents/drone-radar-fusion/build/livox_ros2_avia
[24.281s] Level 1:colcon.colcon_core.environment:create_environment_scripts_only(livox_ros2_avia)
[24.282s] Level 1:colcon.colcon_core.environment:checking '/home/guichen/Documents/drone-radar-fusion/install/livox_ros2_avia' for CMake module files
[24.282s] DEBUG:colcon.colcon_core.event_handler.log_command:Invoked command in '/home/guichen/Documents/drone-radar-fusion/build/livox_ros2_avia' returned '0': AMENT_PREFIX_PATH=/home/guichen/Documents/drone-radar-fusion/install/livox_sdk_vendor:/home/guichen/Documents/drone-radar-fusion/install/livox_interfaces:${AMENT_PREFIX_PATH} CMAKE_PREFIX_PATH=/home/guichen/Documents/drone-radar-fusion/install/livox_sdk_vendor:/home/guichen/Documents/drone-radar-fusion/install/livox_interfaces:/opt/ros/humble LD_LIBRARY_PATH=/home/guichen/Documents/drone-radar-fusion/install/livox_interfaces/lib:/opt/MVS/lib/64:/opt/MVS/lib/32:/opt/MVS/lib/64:/opt/MVS/lib/32:/opt/MVS/lib/64:/opt/MVS/lib/32:/usr/lib/x86_64-linux-gnu/gazebo-11/plugins:/opt/ros/humble/opt/rviz_ogre_vendor/lib:/opt/ros/humble/lib/x86_64-linux-gnu:/opt/ros/humble/lib:/opt/MVS/lib/64:/opt/MVS/lib/32:/opt/MVS/lib/64:/opt/MVS/lib/32:/opt/MVS/lib/64:/opt/MVS/lib/32 PYTHONPATH=/home/guichen/Documents/drone-radar-fusion/install/livox_interfaces/local/lib/python3.10/dist-packages:${PYTHONPATH} /usr/bin/cmake --install /home/guichen/Documents/drone-radar-fusion/build/livox_ros2_avia
[24.283s] Level 1:colcon.colcon_core.environment:checking '/home/guichen/Documents/drone-radar-fusion/install/livox_ros2_avia' for CMake config files
[24.283s] Level 1:colcon.colcon_core.shell:create_environment_hook('livox_ros2_avia', 'cmake_prefix_path')
[24.283s] INFO:colcon.colcon_core.shell:Creating environment hook '/home/guichen/Documents/drone-radar-fusion/install/livox_ros2_avia/share/livox_ros2_avia/hook/cmake_prefix_path.ps1'
[24.283s] INFO:colcon.colcon_core.shell:Creating environment descriptor '/home/guichen/Documents/drone-radar-fusion/install/livox_ros2_avia/share/livox_ros2_avia/hook/cmake_prefix_path.dsv'
[24.283s] INFO:colcon.colcon_core.shell:Creating environment hook '/home/guichen/Documents/drone-radar-fusion/install/livox_ros2_avia/share/livox_ros2_avia/hook/cmake_prefix_path.sh'
[24.284s] Level 1:colcon.colcon_core.environment:checking '/home/guichen/Documents/drone-radar-fusion/install/livox_ros2_avia/lib'
[24.284s] Level 1:colcon.colcon_core.shell:create_environment_hook('livox_ros2_avia', 'ld_library_path_lib')
[24.284s] INFO:colcon.colcon_core.shell:Creating environment hook '/home/guichen/Documents/drone-radar-fusion/install/livox_ros2_avia/share/livox_ros2_avia/hook/ld_library_path_lib.ps1'
[24.284s] INFO:colcon.colcon_core.shell:Creating environment descriptor '/home/guichen/Documents/drone-radar-fusion/install/livox_ros2_avia/share/livox_ros2_avia/hook/ld_library_path_lib.dsv'
[24.284s] INFO:colcon.colcon_core.shell:Creating environment hook '/home/guichen/Documents/drone-radar-fusion/install/livox_ros2_avia/share/livox_ros2_avia/hook/ld_library_path_lib.sh'
[24.285s] Level 1:colcon.colcon_core.environment:checking '/home/guichen/Documents/drone-radar-fusion/install/livox_ros2_avia/bin'
[24.285s] Level 1:colcon.colcon_core.environment:checking '/home/guichen/Documents/drone-radar-fusion/install/livox_ros2_avia/lib/pkgconfig/livox_ros2_avia.pc'
[24.285s] Level 1:colcon.colcon_core.environment:checking '/home/guichen/Documents/drone-radar-fusion/install/livox_ros2_avia/lib/python3.10/site-packages'
[24.285s] Level 1:colcon.colcon_core.environment:checking '/home/guichen/Documents/drone-radar-fusion/install/livox_ros2_avia/bin'
[24.285s] INFO:colcon.colcon_core.shell:Creating package script '/home/guichen/Documents/drone-radar-fusion/install/livox_ros2_avia/share/livox_ros2_avia/package.ps1'
[24.286s] INFO:colcon.colcon_core.shell:Creating package descriptor '/home/guichen/Documents/drone-radar-fusion/install/livox_ros2_avia/share/livox_ros2_avia/package.dsv'
[24.286s] INFO:colcon.colcon_core.shell:Creating package script '/home/guichen/Documents/drone-radar-fusion/install/livox_ros2_avia/share/livox_ros2_avia/package.sh'
[24.286s] INFO:colcon.colcon_core.shell:Creating package script '/home/guichen/Documents/drone-radar-fusion/install/livox_ros2_avia/share/livox_ros2_avia/package.bash'
[24.286s] INFO:colcon.colcon_core.shell:Creating package script '/home/guichen/Documents/drone-radar-fusion/install/livox_ros2_avia/share/livox_ros2_avia/package.zsh'
[24.286s] Level 1:colcon.colcon_core.environment:create_file_with_runtime_dependencies(/home/guichen/Documents/drone-radar-fusion/install/livox_ros2_avia/share/colcon-core/packages/livox_ros2_avia)
[24.287s] Level 1:colcon.colcon_core.environment:create_environment_scripts_only(livox_ros2_avia)
[24.287s] Level 1:colcon.colcon_core.environment:checking '/home/guichen/Documents/drone-radar-fusion/install/livox_ros2_avia' for CMake module files
[24.287s] Level 1:colcon.colcon_core.environment:checking '/home/guichen/Documents/drone-radar-fusion/install/livox_ros2_avia' for CMake config files
[24.287s] Level 1:colcon.colcon_core.shell:create_environment_hook('livox_ros2_avia', 'cmake_prefix_path')
[24.287s] INFO:colcon.colcon_core.shell:Creating environment hook '/home/guichen/Documents/drone-radar-fusion/install/livox_ros2_avia/share/livox_ros2_avia/hook/cmake_prefix_path.ps1'
[24.288s] INFO:colcon.colcon_core.shell:Creating environment descriptor '/home/guichen/Documents/drone-radar-fusion/install/livox_ros2_avia/share/livox_ros2_avia/hook/cmake_prefix_path.dsv'
[24.288s] INFO:colcon.colcon_core.shell:Creating environment hook '/home/guichen/Documents/drone-radar-fusion/install/livox_ros2_avia/share/livox_ros2_avia/hook/cmake_prefix_path.sh'
[24.288s] Level 1:colcon.colcon_core.environment:checking '/home/guichen/Documents/drone-radar-fusion/install/livox_ros2_avia/lib'
[24.288s] Level 1:colcon.colcon_core.shell:create_environment_hook('livox_ros2_avia', 'ld_library_path_lib')
[24.288s] INFO:colcon.colcon_core.shell:Creating environment hook '/home/guichen/Documents/drone-radar-fusion/install/livox_ros2_avia/share/livox_ros2_avia/hook/ld_library_path_lib.ps1'
[24.289s] INFO:colcon.colcon_core.shell:Creating environment descriptor '/home/guichen/Documents/drone-radar-fusion/install/livox_ros2_avia/share/livox_ros2_avia/hook/ld_library_path_lib.dsv'
[24.289s] INFO:colcon.colcon_core.shell:Creating environment hook '/home/guichen/Documents/drone-radar-fusion/install/livox_ros2_avia/share/livox_ros2_avia/hook/ld_library_path_lib.sh'
[24.289s] Level 1:colcon.colcon_core.environment:checking '/home/guichen/Documents/drone-radar-fusion/install/livox_ros2_avia/bin'
[24.289s] Level 1:colcon.colcon_core.environment:checking '/home/guichen/Documents/drone-radar-fusion/install/livox_ros2_avia/lib/pkgconfig/livox_ros2_avia.pc'
[24.289s] Level 1:colcon.colcon_core.environment:checking '/home/guichen/Documents/drone-radar-fusion/install/livox_ros2_avia/lib/python3.10/site-packages'
[24.289s] Level 1:colcon.colcon_core.environment:checking '/home/guichen/Documents/drone-radar-fusion/install/livox_ros2_avia/bin'
[24.290s] INFO:colcon.colcon_core.shell:Creating package script '/home/guichen/Documents/drone-radar-fusion/install/livox_ros2_avia/share/livox_ros2_avia/package.ps1'
[24.290s] INFO:colcon.colcon_core.shell:Creating package descriptor '/home/guichen/Documents/drone-radar-fusion/install/livox_ros2_avia/share/livox_ros2_avia/package.dsv'
[24.291s] INFO:colcon.colcon_core.shell:Creating package script '/home/guichen/Documents/drone-radar-fusion/install/livox_ros2_avia/share/livox_ros2_avia/package.sh'
[24.291s] INFO:colcon.colcon_core.shell:Creating package script '/home/guichen/Documents/drone-radar-fusion/install/livox_ros2_avia/share/livox_ros2_avia/package.bash'
[24.291s] INFO:colcon.colcon_core.shell:Creating package script '/home/guichen/Documents/drone-radar-fusion/install/livox_ros2_avia/share/livox_ros2_avia/package.zsh'
[24.291s] Level 1:colcon.colcon_core.environment:create_file_with_runtime_dependencies(/home/guichen/Documents/drone-radar-fusion/install/livox_ros2_avia/share/colcon-core/packages/livox_ros2_avia)
[24.292s] INFO:colcon.colcon_ros.task.ament_python.build:Building ROS package in '/home/guichen/Documents/drone-radar-fusion/src/web_dashboard' with build type 'ament_python'
[24.292s] Level 1:colcon.colcon_core.shell:create_environment_hook('web_dashboard', 'ament_prefix_path')
[24.292s] INFO:colcon.colcon_core.shell:Creating environment hook '/home/guichen/Documents/drone-radar-fusion/install/web_dashboard/share/web_dashboard/hook/ament_prefix_path.ps1'
[24.292s] INFO:colcon.colcon_core.shell:Creating environment descriptor '/home/guichen/Documents/drone-radar-fusion/install/web_dashboard/share/web_dashboard/hook/ament_prefix_path.dsv'
[24.293s] INFO:colcon.colcon_core.shell:Creating environment hook '/home/guichen/Documents/drone-radar-fusion/install/web_dashboard/share/web_dashboard/hook/ament_prefix_path.sh'
[24.293s] INFO:colcon.colcon_core.shell:Skip shell extension 'powershell' for command environment: Not usable outside of PowerShell
[24.293s] DEBUG:colcon.colcon_core.shell:Skip shell extension 'dsv' for command environment
[24.484s] INFO:colcon.colcon_core.task.python.build:Building Python package in '/home/guichen/Documents/drone-radar-fusion/src/web_dashboard'
[24.485s] INFO:colcon.colcon_core.shell:Skip shell extension 'powershell' for command environment: Not usable outside of PowerShell
[24.485s] DEBUG:colcon.colcon_core.shell:Skip shell extension 'dsv' for command environment
[24.774s] DEBUG:colcon.colcon_core.event_handler.log_command:Invoking command in '/home/guichen/Documents/drone-radar-fusion/build/web_dashboard': AMENT_PREFIX_PATH=/home/guichen/Documents/drone-radar-fusion/install/interface:${AMENT_PREFIX_PATH} CMAKE_PREFIX_PATH=/home/guichen/Documents/drone-radar-fusion/install/interface LD_LIBRARY_PATH=/home/guichen/Documents/drone-radar-fusion/install/interface/lib:/opt/MVS/lib/64:/opt/MVS/lib/32:/opt/MVS/lib/64:/opt/MVS/lib/32:/opt/MVS/lib/64:/opt/MVS/lib/32:/usr/lib/x86_64-linux-gnu/gazebo-11/plugins:/opt/ros/humble/opt/rviz_ogre_vendor/lib:/opt/ros/humble/lib/x86_64-linux-gnu:/opt/ros/humble/lib:/opt/MVS/lib/64:/opt/MVS/lib/32:/opt/MVS/lib/64:/opt/MVS/lib/32:/opt/MVS/lib/64:/opt/MVS/lib/32 PYTHONPATH=/home/guichen/Documents/drone-radar-fusion/build/web_dashboard/prefix_override:/usr/lib/python3/dist-packages/colcon_core/task/python/colcon_distutils_commands:/home/guichen/Documents/drone-radar-fusion/install/web_dashboard/lib/python3.10/site-packages:/home/guichen/Documents/drone-radar-fusion/install/interface/local/lib/python3.10/dist-packages:${PYTHONPATH} /usr/bin/python3 -W ignore:setup.py install is deprecated -W ignore:easy_install command is deprecated setup.py develop --editable --build-directory /home/guichen/Documents/drone-radar-fusion/build/web_dashboard/build --no-deps symlink_data
[24.945s] DEBUG:colcon.colcon_core.event_handler.log_command:Invoked command in '/home/guichen/Documents/drone-radar-fusion/build/radar' returned '0': AMENT_PREFIX_PATH=/home/guichen/Documents/drone-radar-fusion/install/interface:${AMENT_PREFIX_PATH} CMAKE_PREFIX_PATH=/home/guichen/Documents/drone-radar-fusion/install/interface:/opt/ros/humble LD_LIBRARY_PATH=/home/guichen/Documents/drone-radar-fusion/install/interface/lib:/opt/MVS/lib/64:/opt/MVS/lib/32:/opt/MVS/lib/64:/opt/MVS/lib/32:/opt/MVS/lib/64:/opt/MVS/lib/32:/usr/lib/x86_64-linux-gnu/gazebo-11/plugins:/opt/ros/humble/opt/rviz_ogre_vendor/lib:/opt/ros/humble/lib/x86_64-linux-gnu:/opt/ros/humble/lib:/opt/MVS/lib/64:/opt/MVS/lib/32:/opt/MVS/lib/64:/opt/MVS/lib/32:/opt/MVS/lib/64:/opt/MVS/lib/32 PYTHONPATH=/home/guichen/Documents/drone-radar-fusion/install/interface/local/lib/python3.10/dist-packages:${PYTHONPATH} /usr/bin/cmake /home/guichen/Documents/drone-radar-fusion/src/radar -DAMENT_CMAKE_SYMLINK_INSTALL=1 -DCMAKE_INSTALL_PREFIX=/home/guichen/Documents/drone-radar-fusion/install/radar
[24.945s] DEBUG:colcon.colcon_core.event_handler.log_command:Invoking command in '/home/guichen/Documents/drone-radar-fusion/build/radar': AMENT_PREFIX_PATH=/home/guichen/Documents/drone-radar-fusion/install/interface:${AMENT_PREFIX_PATH} CMAKE_PREFIX_PATH=/home/guichen/Documents/drone-radar-fusion/install/interface:/opt/ros/humble LD_LIBRARY_PATH=/home/guichen/Documents/drone-radar-fusion/install/interface/lib:/opt/MVS/lib/64:/opt/MVS/lib/32:/opt/MVS/lib/64:/opt/MVS/lib/32:/opt/MVS/lib/64:/opt/MVS/lib/32:/usr/lib/x86_64-linux-gnu/gazebo-11/plugins:/opt/ros/humble/opt/rviz_ogre_vendor/lib:/opt/ros/humble/lib/x86_64-linux-gnu:/opt/ros/humble/lib:/opt/MVS/lib/64:/opt/MVS/lib/32:/opt/MVS/lib/64:/opt/MVS/lib/32:/opt/MVS/lib/64:/opt/MVS/lib/32 PYTHONPATH=/home/guichen/Documents/drone-radar-fusion/install/interface/local/lib/python3.10/dist-packages:${PYTHONPATH} /usr/bin/cmake --build /home/guichen/Documents/drone-radar-fusion/build/radar -- -j16 -l16
[25.189s] Level 1:colcon.colcon_core.shell:create_environment_hook('web_dashboard', 'pythonpath_develop')
[25.190s] INFO:colcon.colcon_core.shell:Creating environment hook '/home/guichen/Documents/drone-radar-fusion/build/web_dashboard/share/web_dashboard/hook/pythonpath_develop.ps1'
[25.191s] DEBUG:colcon.colcon_core.event_handler.log_command:Invoked command in '/home/guichen/Documents/drone-radar-fusion/build/web_dashboard' returned '0': AMENT_PREFIX_PATH=/home/guichen/Documents/drone-radar-fusion/install/interface:${AMENT_PREFIX_PATH} CMAKE_PREFIX_PATH=/home/guichen/Documents/drone-radar-fusion/install/interface LD_LIBRARY_PATH=/home/guichen/Documents/drone-radar-fusion/install/interface/lib:/opt/MVS/lib/64:/opt/MVS/lib/32:/opt/MVS/lib/64:/opt/MVS/lib/32:/opt/MVS/lib/64:/opt/MVS/lib/32:/usr/lib/x86_64-linux-gnu/gazebo-11/plugins:/opt/ros/humble/opt/rviz_ogre_vendor/lib:/opt/ros/humble/lib/x86_64-linux-gnu:/opt/ros/humble/lib:/opt/MVS/lib/64:/opt/MVS/lib/32:/opt/MVS/lib/64:/opt/MVS/lib/32:/opt/MVS/lib/64:/opt/MVS/lib/32 PYTHONPATH=/home/guichen/Documents/drone-radar-fusion/build/web_dashboard/prefix_override:/usr/lib/python3/dist-packages/colcon_core/task/python/colcon_distutils_commands:/home/guichen/Documents/drone-radar-fusion/install/web_dashboard/lib/python3.10/site-packages:/home/guichen/Documents/drone-radar-fusion/install/interface/local/lib/python3.10/dist-packages:${PYTHONPATH} /usr/bin/python3 -W ignore:setup.py install is deprecated -W ignore:easy_install command is deprecated setup.py develop --editable --build-directory /home/guichen/Documents/drone-radar-fusion/build/web_dashboard/build --no-deps symlink_data
[25.191s] INFO:colcon.colcon_core.shell:Creating environment descriptor '/home/guichen/Documents/drone-radar-fusion/build/web_dashboard/share/web_dashboard/hook/pythonpath_develop.dsv'
[25.192s] INFO:colcon.colcon_core.shell:Creating environment hook '/home/guichen/Documents/drone-radar-fusion/build/web_dashboard/share/web_dashboard/hook/pythonpath_develop.sh'
[25.192s] Level 1:colcon.colcon_core.environment:checking '/home/guichen/Documents/drone-radar-fusion/install/web_dashboard' for CMake module files
[25.193s] Level 1:colcon.colcon_core.environment:checking '/home/guichen/Documents/drone-radar-fusion/install/web_dashboard' for CMake config files
[25.193s] Level 1:colcon.colcon_core.environment:checking '/home/guichen/Documents/drone-radar-fusion/install/web_dashboard/lib'
[25.193s] Level 1:colcon.colcon_core.environment:checking '/home/guichen/Documents/drone-radar-fusion/install/web_dashboard/bin'
[25.193s] Level 1:colcon.colcon_core.environment:checking '/home/guichen/Documents/drone-radar-fusion/install/web_dashboard/lib/pkgconfig/web_dashboard.pc'
[25.193s] Level 1:colcon.colcon_core.environment:checking '/home/guichen/Documents/drone-radar-fusion/install/web_dashboard/lib/python3.10/site-packages'
[25.193s] Level 1:colcon.colcon_core.shell:create_environment_hook('web_dashboard', 'pythonpath')
[25.194s] INFO:colcon.colcon_core.shell:Creating environment hook '/home/guichen/Documents/drone-radar-fusion/install/web_dashboard/share/web_dashboard/hook/pythonpath.ps1'
[25.194s] INFO:colcon.colcon_core.shell:Creating environment descriptor '/home/guichen/Documents/drone-radar-fusion/install/web_dashboard/share/web_dashboard/hook/pythonpath.dsv'
[25.194s] INFO:colcon.colcon_core.shell:Creating environment hook '/home/guichen/Documents/drone-radar-fusion/install/web_dashboard/share/web_dashboard/hook/pythonpath.sh'
[25.195s] Level 1:colcon.colcon_core.environment:checking '/home/guichen/Documents/drone-radar-fusion/install/web_dashboard/bin'
[25.195s] Level 1:colcon.colcon_core.environment:create_environment_scripts_only(web_dashboard)
[25.195s] INFO:colcon.colcon_core.shell:Creating package script '/home/guichen/Documents/drone-radar-fusion/install/web_dashboard/share/web_dashboard/package.ps1'
[25.196s] INFO:colcon.colcon_core.shell:Creating package descriptor '/home/guichen/Documents/drone-radar-fusion/install/web_dashboard/share/web_dashboard/package.dsv'
[25.196s] INFO:colcon.colcon_core.shell:Creating package script '/home/guichen/Documents/drone-radar-fusion/install/web_dashboard/share/web_dashboard/package.sh'
[25.197s] INFO:colcon.colcon_core.shell:Creating package script '/home/guichen/Documents/drone-radar-fusion/install/web_dashboard/share/web_dashboard/package.bash'
[25.197s] INFO:colcon.colcon_core.shell:Creating package script '/home/guichen/Documents/drone-radar-fusion/install/web_dashboard/share/web_dashboard/package.zsh'
[25.197s] Level 1:colcon.colcon_core.environment:create_file_with_runtime_dependencies(/home/guichen/Documents/drone-radar-fusion/install/web_dashboard/share/colcon-core/packages/web_dashboard)
[37.733s] DEBUG:colcon.colcon_core.event_handler.log_command:Invoked command in '/home/guichen/Documents/drone-radar-fusion/build/fusion' returned '0': AMENT_PREFIX_PATH=/home/guichen/Documents/drone-radar-fusion/install/interface:${AMENT_PREFIX_PATH} CMAKE_PREFIX_PATH=/home/guichen/Documents/drone-radar-fusion/install/interface:/opt/ros/humble LD_LIBRARY_PATH=/home/guichen/Documents/drone-radar-fusion/install/interface/lib:/opt/MVS/lib/64:/opt/MVS/lib/32:/opt/MVS/lib/64:/opt/MVS/lib/32:/opt/MVS/lib/64:/opt/MVS/lib/32:/usr/lib/x86_64-linux-gnu/gazebo-11/plugins:/opt/ros/humble/opt/rviz_ogre_vendor/lib:/opt/ros/humble/lib/x86_64-linux-gnu:/opt/ros/humble/lib:/opt/MVS/lib/64:/opt/MVS/lib/32:/opt/MVS/lib/64:/opt/MVS/lib/32:/opt/MVS/lib/64:/opt/MVS/lib/32 PYTHONPATH=/home/guichen/Documents/drone-radar-fusion/install/interface/local/lib/python3.10/dist-packages:${PYTHONPATH} /usr/bin/cmake --build /home/guichen/Documents/drone-radar-fusion/build/fusion -- -j16 -l16
[37.734s] DEBUG:colcon.colcon_core.event_handler.log_command:Invoking command in '/home/guichen/Documents/drone-radar-fusion/build/fusion': AMENT_PREFIX_PATH=/home/guichen/Documents/drone-radar-fusion/install/interface:${AMENT_PREFIX_PATH} CMAKE_PREFIX_PATH=/home/guichen/Documents/drone-radar-fusion/install/interface:/opt/ros/humble LD_LIBRARY_PATH=/home/guichen/Documents/drone-radar-fusion/install/interface/lib:/opt/MVS/lib/64:/opt/MVS/lib/32:/opt/MVS/lib/64:/opt/MVS/lib/32:/opt/MVS/lib/64:/opt/MVS/lib/32:/usr/lib/x86_64-linux-gnu/gazebo-11/plugins:/opt/ros/humble/opt/rviz_ogre_vendor/lib:/opt/ros/humble/lib/x86_64-linux-gnu:/opt/ros/humble/lib:/opt/MVS/lib/64:/opt/MVS/lib/32:/opt/MVS/lib/64:/opt/MVS/lib/32:/opt/MVS/lib/64:/opt/MVS/lib/32 PYTHONPATH=/home/guichen/Documents/drone-radar-fusion/install/interface/local/lib/python3.10/dist-packages:${PYTHONPATH} /usr/bin/cmake --install /home/guichen/Documents/drone-radar-fusion/build/fusion
[37.858s] Level 1:colcon.colcon_core.environment:create_environment_scripts_only(fusion)
[37.858s] Level 1:colcon.colcon_core.environment:checking '/home/guichen/Documents/drone-radar-fusion/install/fusion' for CMake module files
[37.859s] DEBUG:colcon.colcon_core.event_handler.log_command:Invoked command in '/home/guichen/Documents/drone-radar-fusion/build/fusion' returned '0': AMENT_PREFIX_PATH=/home/guichen/Documents/drone-radar-fusion/install/interface:${AMENT_PREFIX_PATH} CMAKE_PREFIX_PATH=/home/guichen/Documents/drone-radar-fusion/install/interface:/opt/ros/humble LD_LIBRARY_PATH=/home/guichen/Documents/drone-radar-fusion/install/interface/lib:/opt/MVS/lib/64:/opt/MVS/lib/32:/opt/MVS/lib/64:/opt/MVS/lib/32:/opt/MVS/lib/64:/opt/MVS/lib/32:/usr/lib/x86_64-linux-gnu/gazebo-11/plugins:/opt/ros/humble/opt/rviz_ogre_vendor/lib:/opt/ros/humble/lib/x86_64-linux-gnu:/opt/ros/humble/lib:/opt/MVS/lib/64:/opt/MVS/lib/32:/opt/MVS/lib/64:/opt/MVS/lib/32:/opt/MVS/lib/64:/opt/MVS/lib/32 PYTHONPATH=/home/guichen/Documents/drone-radar-fusion/install/interface/local/lib/python3.10/dist-packages:${PYTHONPATH} /usr/bin/cmake --install /home/guichen/Documents/drone-radar-fusion/build/fusion
[37.859s] Level 1:colcon.colcon_core.environment:checking '/home/guichen/Documents/drone-radar-fusion/install/fusion' for CMake config files
[37.859s] Level 1:colcon.colcon_core.shell:create_environment_hook('fusion', 'cmake_prefix_path')
[37.860s] INFO:colcon.colcon_core.shell:Creating environment hook '/home/guichen/Documents/drone-radar-fusion/install/fusion/share/fusion/hook/cmake_prefix_path.ps1'
[37.860s] INFO:colcon.colcon_core.shell:Creating environment descriptor '/home/guichen/Documents/drone-radar-fusion/install/fusion/share/fusion/hook/cmake_prefix_path.dsv'
[37.860s] INFO:colcon.colcon_core.shell:Creating environment hook '/home/guichen/Documents/drone-radar-fusion/install/fusion/share/fusion/hook/cmake_prefix_path.sh'
[37.861s] Level 1:colcon.colcon_core.environment:checking '/home/guichen/Documents/drone-radar-fusion/install/fusion/lib'
[37.861s] Level 1:colcon.colcon_core.environment:checking '/home/guichen/Documents/drone-radar-fusion/install/fusion/bin'
[37.861s] Level 1:colcon.colcon_core.environment:checking '/home/guichen/Documents/drone-radar-fusion/install/fusion/lib/pkgconfig/fusion.pc'
[37.861s] Level 1:colcon.colcon_core.environment:checking '/home/guichen/Documents/drone-radar-fusion/install/fusion/lib/python3.10/site-packages'
[37.861s] Level 1:colcon.colcon_core.environment:checking '/home/guichen/Documents/drone-radar-fusion/install/fusion/bin'
[37.862s] INFO:colcon.colcon_core.shell:Creating package script '/home/guichen/Documents/drone-radar-fusion/install/fusion/share/fusion/package.ps1'
[37.862s] INFO:colcon.colcon_core.shell:Creating package descriptor '/home/guichen/Documents/drone-radar-fusion/install/fusion/share/fusion/package.dsv'
[37.862s] INFO:colcon.colcon_core.shell:Creating package script '/home/guichen/Documents/drone-radar-fusion/install/fusion/share/fusion/package.sh'
[37.862s] INFO:colcon.colcon_core.shell:Creating package script '/home/guichen/Documents/drone-radar-fusion/install/fusion/share/fusion/package.bash'
[37.863s] INFO:colcon.colcon_core.shell:Creating package script '/home/guichen/Documents/drone-radar-fusion/install/fusion/share/fusion/package.zsh'
[37.863s] Level 1:colcon.colcon_core.environment:create_file_with_runtime_dependencies(/home/guichen/Documents/drone-radar-fusion/install/fusion/share/colcon-core/packages/fusion)
[37.863s] Level 1:colcon.colcon_core.environment:create_environment_scripts_only(fusion)
[37.863s] Level 1:colcon.colcon_core.environment:checking '/home/guichen/Documents/drone-radar-fusion/install/fusion' for CMake module files
[37.864s] Level 1:colcon.colcon_core.environment:checking '/home/guichen/Documents/drone-radar-fusion/install/fusion' for CMake config files
[37.864s] Level 1:colcon.colcon_core.shell:create_environment_hook('fusion', 'cmake_prefix_path')
[37.864s] INFO:colcon.colcon_core.shell:Creating environment hook '/home/guichen/Documents/drone-radar-fusion/install/fusion/share/fusion/hook/cmake_prefix_path.ps1'
[37.864s] INFO:colcon.colcon_core.shell:Creating environment descriptor '/home/guichen/Documents/drone-radar-fusion/install/fusion/share/fusion/hook/cmake_prefix_path.dsv'
[37.865s] INFO:colcon.colcon_core.shell:Creating environment hook '/home/guichen/Documents/drone-radar-fusion/install/fusion/share/fusion/hook/cmake_prefix_path.sh'
[37.865s] Level 1:colcon.colcon_core.environment:checking '/home/guichen/Documents/drone-radar-fusion/install/fusion/lib'
[37.865s] Level 1:colcon.colcon_core.environment:checking '/home/guichen/Documents/drone-radar-fusion/install/fusion/bin'
[37.865s] Level 1:colcon.colcon_core.environment:checking '/home/guichen/Documents/drone-radar-fusion/install/fusion/lib/pkgconfig/fusion.pc'
[37.865s] Level 1:colcon.colcon_core.environment:checking '/home/guichen/Documents/drone-radar-fusion/install/fusion/lib/python3.10/site-packages'
[37.866s] Level 1:colcon.colcon_core.environment:checking '/home/guichen/Documents/drone-radar-fusion/install/fusion/bin'
[37.866s] INFO:colcon.colcon_core.shell:Creating package script '/home/guichen/Documents/drone-radar-fusion/install/fusion/share/fusion/package.ps1'
[37.866s] INFO:colcon.colcon_core.shell:Creating package descriptor '/home/guichen/Documents/drone-radar-fusion/install/fusion/share/fusion/package.dsv'
[37.867s] INFO:colcon.colcon_core.shell:Creating package script '/home/guichen/Documents/drone-radar-fusion/install/fusion/share/fusion/package.sh'
[37.867s] INFO:colcon.colcon_core.shell:Creating package script '/home/guichen/Documents/drone-radar-fusion/install/fusion/share/fusion/package.bash'
[37.867s] INFO:colcon.colcon_core.shell:Creating package script '/home/guichen/Documents/drone-radar-fusion/install/fusion/share/fusion/package.zsh'
[37.868s] Level 1:colcon.colcon_core.environment:create_file_with_runtime_dependencies(/home/guichen/Documents/drone-radar-fusion/install/fusion/share/colcon-core/packages/fusion)
[46.530s] DEBUG:colcon.colcon_core.event_handler.log_command:Invoked command in '/home/guichen/Documents/drone-radar-fusion/build/radar' returned '0': AMENT_PREFIX_PATH=/home/guichen/Documents/drone-radar-fusion/install/interface:${AMENT_PREFIX_PATH} CMAKE_PREFIX_PATH=/home/guichen/Documents/drone-radar-fusion/install/interface:/opt/ros/humble LD_LIBRARY_PATH=/home/guichen/Documents/drone-radar-fusion/install/interface/lib:/opt/MVS/lib/64:/opt/MVS/lib/32:/opt/MVS/lib/64:/opt/MVS/lib/32:/opt/MVS/lib/64:/opt/MVS/lib/32:/usr/lib/x86_64-linux-gnu/gazebo-11/plugins:/opt/ros/humble/opt/rviz_ogre_vendor/lib:/opt/ros/humble/lib/x86_64-linux-gnu:/opt/ros/humble/lib:/opt/MVS/lib/64:/opt/MVS/lib/32:/opt/MVS/lib/64:/opt/MVS/lib/32:/opt/MVS/lib/64:/opt/MVS/lib/32 PYTHONPATH=/home/guichen/Documents/drone-radar-fusion/install/interface/local/lib/python3.10/dist-packages:${PYTHONPATH} /usr/bin/cmake --build /home/guichen/Documents/drone-radar-fusion/build/radar -- -j16 -l16
[46.531s] DEBUG:colcon.colcon_core.event_handler.log_command:Invoking command in '/home/guichen/Documents/drone-radar-fusion/build/radar': AMENT_PREFIX_PATH=/home/guichen/Documents/drone-radar-fusion/install/interface:${AMENT_PREFIX_PATH} CMAKE_PREFIX_PATH=/home/guichen/Documents/drone-radar-fusion/install/interface:/opt/ros/humble LD_LIBRARY_PATH=/home/guichen/Documents/drone-radar-fusion/install/interface/lib:/opt/MVS/lib/64:/opt/MVS/lib/32:/opt/MVS/lib/64:/opt/MVS/lib/32:/opt/MVS/lib/64:/opt/MVS/lib/32:/usr/lib/x86_64-linux-gnu/gazebo-11/plugins:/opt/ros/humble/opt/rviz_ogre_vendor/lib:/opt/ros/humble/lib/x86_64-linux-gnu:/opt/ros/humble/lib:/opt/MVS/lib/64:/opt/MVS/lib/32:/opt/MVS/lib/64:/opt/MVS/lib/32:/opt/MVS/lib/64:/opt/MVS/lib/32 PYTHONPATH=/home/guichen/Documents/drone-radar-fusion/install/interface/local/lib/python3.10/dist-packages:${PYTHONPATH} /usr/bin/cmake --install /home/guichen/Documents/drone-radar-fusion/build/radar
[46.630s] Level 1:colcon.colcon_core.environment:create_environment_scripts_only(radar)
[46.630s] Level 1:colcon.colcon_core.environment:checking '/home/guichen/Documents/drone-radar-fusion/install/radar' for CMake module files
[46.631s] DEBUG:colcon.colcon_core.event_handler.log_command:Invoked command in '/home/guichen/Documents/drone-radar-fusion/build/radar' returned '0': AMENT_PREFIX_PATH=/home/guichen/Documents/drone-radar-fusion/install/interface:${AMENT_PREFIX_PATH} CMAKE_PREFIX_PATH=/home/guichen/Documents/drone-radar-fusion/install/interface:/opt/ros/humble LD_LIBRARY_PATH=/home/guichen/Documents/drone-radar-fusion/install/interface/lib:/opt/MVS/lib/64:/opt/MVS/lib/32:/opt/MVS/lib/64:/opt/MVS/lib/32:/opt/MVS/lib/64:/opt/MVS/lib/32:/usr/lib/x86_64-linux-gnu/gazebo-11/plugins:/opt/ros/humble/opt/rviz_ogre_vendor/lib:/opt/ros/humble/lib/x86_64-linux-gnu:/opt/ros/humble/lib:/opt/MVS/lib/64:/opt/MVS/lib/32:/opt/MVS/lib/64:/opt/MVS/lib/32:/opt/MVS/lib/64:/opt/MVS/lib/32 PYTHONPATH=/home/guichen/Documents/drone-radar-fusion/install/interface/local/lib/python3.10/dist-packages:${PYTHONPATH} /usr/bin/cmake --install /home/guichen/Documents/drone-radar-fusion/build/radar
[46.631s] Level 1:colcon.colcon_core.environment:checking '/home/guichen/Documents/drone-radar-fusion/install/radar' for CMake config files
[46.631s] Level 1:colcon.colcon_core.shell:create_environment_hook('radar', 'cmake_prefix_path')
[46.631s] INFO:colcon.colcon_core.shell:Creating environment hook '/home/guichen/Documents/drone-radar-fusion/install/radar/share/radar/hook/cmake_prefix_path.ps1'
[46.632s] INFO:colcon.colcon_core.shell:Creating environment descriptor '/home/guichen/Documents/drone-radar-fusion/install/radar/share/radar/hook/cmake_prefix_path.dsv'
[46.632s] INFO:colcon.colcon_core.shell:Creating environment hook '/home/guichen/Documents/drone-radar-fusion/install/radar/share/radar/hook/cmake_prefix_path.sh'
[46.632s] Level 1:colcon.colcon_core.environment:checking '/home/guichen/Documents/drone-radar-fusion/install/radar/lib'
[46.632s] Level 1:colcon.colcon_core.environment:checking '/home/guichen/Documents/drone-radar-fusion/install/radar/bin'
[46.632s] Level 1:colcon.colcon_core.environment:checking '/home/guichen/Documents/drone-radar-fusion/install/radar/lib/pkgconfig/radar.pc'
[46.632s] Level 1:colcon.colcon_core.environment:checking '/home/guichen/Documents/drone-radar-fusion/install/radar/lib/python3.10/site-packages'
[46.633s] Level 1:colcon.colcon_core.environment:checking '/home/guichen/Documents/drone-radar-fusion/install/radar/bin'
[46.633s] INFO:colcon.colcon_core.shell:Creating package script '/home/guichen/Documents/drone-radar-fusion/install/radar/share/radar/package.ps1'
[46.633s] INFO:colcon.colcon_core.shell:Creating package descriptor '/home/guichen/Documents/drone-radar-fusion/install/radar/share/radar/package.dsv'
[46.633s] INFO:colcon.colcon_core.shell:Creating package script '/home/guichen/Documents/drone-radar-fusion/install/radar/share/radar/package.sh'
[46.634s] INFO:colcon.colcon_core.shell:Creating package script '/home/guichen/Documents/drone-radar-fusion/install/radar/share/radar/package.bash'
[46.634s] INFO:colcon.colcon_core.shell:Creating package script '/home/guichen/Documents/drone-radar-fusion/install/radar/share/radar/package.zsh'
[46.634s] Level 1:colcon.colcon_core.environment:create_file_with_runtime_dependencies(/home/guichen/Documents/drone-radar-fusion/install/radar/share/colcon-core/packages/radar)
[46.634s] Level 1:colcon.colcon_core.environment:create_environment_scripts_only(radar)
[46.635s] Level 1:colcon.colcon_core.environment:checking '/home/guichen/Documents/drone-radar-fusion/install/radar' for CMake module files
[46.635s] Level 1:colcon.colcon_core.environment:checking '/home/guichen/Documents/drone-radar-fusion/install/radar' for CMake config files
[46.635s] Level 1:colcon.colcon_core.shell:create_environment_hook('radar', 'cmake_prefix_path')
[46.635s] INFO:colcon.colcon_core.shell:Creating environment hook '/home/guichen/Documents/drone-radar-fusion/install/radar/share/radar/hook/cmake_prefix_path.ps1'
[46.635s] INFO:colcon.colcon_core.shell:Creating environment descriptor '/home/guichen/Documents/drone-radar-fusion/install/radar/share/radar/hook/cmake_prefix_path.dsv'
[46.635s] INFO:colcon.colcon_core.shell:Creating environment hook '/home/guichen/Documents/drone-radar-fusion/install/radar/share/radar/hook/cmake_prefix_path.sh'
[46.636s] Level 1:colcon.colcon_core.environment:checking '/home/guichen/Documents/drone-radar-fusion/install/radar/lib'
[46.636s] Level 1:colcon.colcon_core.environment:checking '/home/guichen/Documents/drone-radar-fusion/install/radar/bin'
[46.636s] Level 1:colcon.colcon_core.environment:checking '/home/guichen/Documents/drone-radar-fusion/install/radar/lib/pkgconfig/radar.pc'
[46.636s] Level 1:colcon.colcon_core.environment:checking '/home/guichen/Documents/drone-radar-fusion/install/radar/lib/python3.10/site-packages'
[46.636s] Level 1:colcon.colcon_core.environment:checking '/home/guichen/Documents/drone-radar-fusion/install/radar/bin'
[46.636s] INFO:colcon.colcon_core.shell:Creating package script '/home/guichen/Documents/drone-radar-fusion/install/radar/share/radar/package.ps1'
[46.637s] INFO:colcon.colcon_core.shell:Creating package descriptor '/home/guichen/Documents/drone-radar-fusion/install/radar/share/radar/package.dsv'
[46.637s] INFO:colcon.colcon_core.shell:Creating package script '/home/guichen/Documents/drone-radar-fusion/install/radar/share/radar/package.sh'
[46.637s] INFO:colcon.colcon_core.shell:Creating package script '/home/guichen/Documents/drone-radar-fusion/install/radar/share/radar/package.bash'
[46.637s] INFO:colcon.colcon_core.shell:Creating package script '/home/guichen/Documents/drone-radar-fusion/install/radar/share/radar/package.zsh'
[46.638s] Level 1:colcon.colcon_core.environment:create_file_with_runtime_dependencies(/home/guichen/Documents/drone-radar-fusion/install/radar/share/colcon-core/packages/radar)
[46.638s] DEBUG:colcon.colcon_parallel_executor.executor.parallel:closing loop
[46.638s] DEBUG:colcon.colcon_parallel_executor.executor.parallel:loop closed
[46.638s] DEBUG:colcon.colcon_parallel_executor.executor.parallel:run_until_complete finished with '0'
[46.638s] DEBUG:colcon.colcon_core.event_reactor:joining thread
[46.642s] INFO:colcon.colcon_core.plugin_system:Skipping extension 'colcon_notification.desktop_notification.terminal_notifier': Not used on non-Darwin systems
[46.642s] INFO:colcon.colcon_core.plugin_system:Skipping extension 'colcon_notification.desktop_notification.win32': Not used on non-Windows systems
[46.642s] INFO:colcon.colcon_notification.desktop_notification:Sending desktop notification using 'notify2'
[46.655s] DEBUG:colcon.colcon_core.event_reactor:joined thread
[46.655s] INFO:colcon.colcon_core.shell:Creating prefix script '/home/guichen/Documents/drone-radar-fusion/install/local_setup.ps1'
[46.656s] INFO:colcon.colcon_core.shell:Creating prefix util module '/home/guichen/Documents/drone-radar-fusion/install/_local_setup_util_ps1.py'
[46.657s] INFO:colcon.colcon_core.shell:Creating prefix chain script '/home/guichen/Documents/drone-radar-fusion/install/setup.ps1'
[46.658s] INFO:colcon.colcon_core.shell:Creating prefix script '/home/guichen/Documents/drone-radar-fusion/install/local_setup.sh'
[46.658s] INFO:colcon.colcon_core.shell:Creating prefix util module '/home/guichen/Documents/drone-radar-fusion/install/_local_setup_util_sh.py'
[46.659s] INFO:colcon.colcon_core.shell:Creating prefix chain script '/home/guichen/Documents/drone-radar-fusion/install/setup.sh'
[46.659s] INFO:colcon.colcon_core.shell:Creating prefix script '/home/guichen/Documents/drone-radar-fusion/install/local_setup.bash'
[46.660s] INFO:colcon.colcon_core.shell:Creating prefix chain script '/home/guichen/Documents/drone-radar-fusion/install/setup.bash'
[46.660s] INFO:colcon.colcon_core.shell:Creating prefix script '/home/guichen/Documents/drone-radar-fusion/install/local_setup.zsh'
[46.661s] INFO:colcon.colcon_core.shell:Creating prefix chain script '/home/guichen/Documents/drone-radar-fusion/install/setup.zsh'
